#
# There is insufficient memory for the Java Runtime Environment to continue.
# Native memory allocation (mmap) failed to map 31457280 bytes. Error detail: G1 virtual space
# Possible reasons:
#   The system is out of physical RAM or swap space
#   This process is running with CompressedOops enabled, and the Java Heap may be blocking the growth of the native heap
# Possible solutions:
#   Reduce memory load on the system
#   Increase physical memory or swap space
#   Check if swap backing store is full
#   Decrease Java heap size (-Xmx/-Xms)
#   Decrease number of Java threads
#   Decrease Java thread stack sizes (-Xss)
#   Set larger code cache with -XX:ReservedCodeCacheSize=
#   JVM is running with Unscaled Compressed Oops mode in which the Java heap is
#     placed in the first 4GB address space. The Java Heap base address is the
#     maximum limit for the native heap growth. Please use -XX:HeapBaseMinAddress
#     to set the Java Heap base and to place the Java Heap above 4GB virtual address.
# This output file may be truncated or incomplete.
#
#  Out of Memory Error (os_windows.cpp:3926), pid=26124, tid=28096
#
# JRE version: OpenJDK Runtime Environment (21.0.10) (build 21.0.10+-14961533-b1163.108)
# Java VM: OpenJDK 64-Bit Server VM (21.0.10+-14961533-b1163.108, mixed mode, tiered, compressed oops, compressed class ptrs, g1 gc, windows-amd64)
# No core dump will be written. Minidumps are not enabled by default on client versions of Windows
#

---------------  S U M M A R Y ------------

Command Line: --add-opens=java.base/java.lang=ALL-UNNAMED --add-opens=java.base/java.lang.invoke=ALL-UNNAMED --add-opens=java.base/java.util=ALL-UNNAMED --add-opens=java.prefs/java.util.prefs=ALL-UNNAMED --add-exports=jdk.compiler/com.sun.tools.javac.api=ALL-UNNAMED --add-exports=jdk.compiler/com.sun.tools.javac.util=ALL-UNNAMED --add-opens=java.base/java.util=ALL-UNNAMED --add-opens=java.prefs/java.util.prefs=ALL-UNNAMED --add-opens=java.base/java.nio.charset=ALL-UNNAMED --add-opens=java.base/java.net=ALL-UNNAMED --add-opens=java.base/java.util.concurrent=ALL-UNNAMED --add-opens=java.base/java.util.concurrent.atomic=ALL-UNNAMED --add-opens=java.xml/javax.xml.namespace=ALL-UNNAMED --add-opens=java.base/java.time=ALL-UNNAMED -Xmx2048m -Dfile.encoding=UTF-8 -Duser.country=ZA -Duser.language=en -Duser.variant -javaagent:C:\Users\Windows 10\.gradle\wrapper\dists\gradle-9.3.1-bin\23ovyewtku6u96viwx3xl3oks\gradle-9.3.1\lib\agents\gradle-instrumentation-agent-9.3.1.jar org.gradle.launcher.daemon.bootstrap.GradleDaemon 9.3.1

Host: AMD Ryzen 7 5700U with Radeon Graphics         , 16 cores, 7G,  Windows 11 , 64 bit Build 26100 (10.0.26100.9278)
Time: Wed Sep  9 14:30:37 2026 South Africa Standard Time elapsed time: 758.982233 seconds (0d 0h 12m 38s)

---------------  T H R E A D  ---------------

Current thread (0x00000151e04d3120):  VMThread "VM Thread"          [id=28096, stack(0x0000004b38d00000,0x0000004b38e00000) (1024K)]

Stack: [0x0000004b38d00000,0x0000004b38e00000]
Native frames: (J=compiled Java code, j=interpreted, Vv=VM code, C=native code)
V  [jvm.dll+0x6d78a9]
V  [jvm.dll+0x8665b3]
V  [jvm.dll+0x868bde]
V  [jvm.dll+0x8692c3]
V  [jvm.dll+0x280ee6]
V  [jvm.dll+0x6d4165]
V  [jvm.dll+0x6c77fa]
V  [jvm.dll+0x358f4b]
V  [jvm.dll+0x360bc6]
V  [jvm.dll+0x3b2ea6]
V  [jvm.dll+0x3b3178]
V  [jvm.dll+0x32b65c]
V  [jvm.dll+0x32e066]
V  [jvm.dll+0x337f3d]
V  [jvm.dll+0x36f6a5]
V  [jvm.dll+0x86f048]
V  [jvm.dll+0x870394]
V  [jvm.dll+0x8708d0]
V  [jvm.dll+0x870b63]
V  [jvm.dll+0x80fd28]
V  [jvm.dll+0x6d60fd]
C  [ucrtbase.dll+0x2cd30]
C  [KERNEL32.DLL+0x2ccb7]
C  [ntdll.dll+0xacaec]

VM_Operation (0x0000004b388ff740): G1PauseRemark, mode: safepoint, requested by thread 0x00000151c823c8a0


---------------  P R O C E S S  ---------------

Threads class SMR info:
_java_thread_list=0x00000151f4de9750, length=103, elements={
0x00000151c81d0600, 0x00000151e0555470, 0x00000151e05722d0, 0x00000151e05670a0,
0x00000151e0568d30, 0x00000151e05693a0, 0x00000151e0569b40, 0x00000151e055e630,
0x00000151e05a96c0, 0x00000151e05a9d70, 0x00000151e508f250, 0x00000151e67ce390,
0x00000151e6b8c480, 0x00000151e7348470, 0x00000151e748ab10, 0x00000151e748b830,
0x00000151e748bec0, 0x00000151e7ac29f0, 0x00000151e7ac0fb0, 0x00000151e7ac3710,
0x00000151e7e03df0, 0x00000151e7e04b10, 0x00000151e7e04480, 0x00000151e8a80970,
0x00000151e8a7fc50, 0x00000151e967e760, 0x00000151e967fb10, 0x00000151e967edf0,
0x00000151e82ce5d0, 0x00000151e9b1b9b0, 0x00000151e9b1c040, 0x00000151e9b198e0,
0x00000151e9b1c6d0, 0x00000151e9b1cd60, 0x00000151e9b1d3f0, 0x00000151e9b19f70,
0x00000151e9b1da80, 0x00000151e9b1a600, 0x00000151e9b1e110, 0x00000151e9b1ac90,
0x00000151e9b1e7a0, 0x00000151e9b1b320, 0x00000151e9b1ee30, 0x00000151e9b20f00,
0x00000151e9b1f4c0, 0x00000151e9b20870, 0x00000151e9b1fb50, 0x00000151e5f729c0,
0x00000151e5f70260, 0x00000151e5f6fbd0, 0x00000151e5f71610, 0x00000151e5f73050,
0x00000151e5f75120, 0x00000151e5f72330, 0x00000151e5f736e0, 0x00000151e5f73d70,
0x00000151e5f74400, 0x00000151e5f74a90, 0x00000151e5f71ca0, 0x00000151e5f757b0,
0x00000151e5f75e40, 0x00000151e5f764d0, 0x00000151e7e023b0, 0x00000151e7e030d0,
0x00000151e7e05ec0, 0x00000151e7e02a40, 0x00000151e7e06550, 0x00000151e7e06be0,
0x00000151e7e099d0, 0x00000151e7e07270, 0x00000151e7e07900, 0x00000151e7e08620,
0x00000151e7e08cb0, 0x00000151e7e09340, 0x00000151e82ca430, 0x00000151e82cd220,
0x00000151e82cbe70, 0x00000151e82cc500, 0x00000151e82cb7e0, 0x00000151e82ccb90,
0x00000151e82c9da0, 0x00000151e82cd8b0, 0x00000151e82cdf40, 0x00000151e82caac0,
0x00000151e82d06a0, 0x00000151e82d0d30, 0x00000151e967c690, 0x00000151e967b970,
0x00000151e9679f30, 0x00000151e967a5c0, 0x00000151e967c000, 0x00000151e9679210,
0x00000151e967ac50, 0x00000151e967cd20, 0x00000151e96798a0, 0x00000151e967d3b0,
0x00000151e8a823b0, 0x00000151e8a802e0, 0x00000151e7d09cc0, 0x00000151f0686910,
0x00000151f0683290, 0x00000151f0686fe0, 0x00000151f0683960
}

Java Threads: ( => current thread )
  0x00000151c81d0600 JavaThread "main"                              [_thread_blocked, id=21548, stack(0x0000004b38600000,0x0000004b38700000) (1024K)]
  0x00000151e0555470 JavaThread "Common-Cleaner"             daemon [_thread_blocked, id=33280, stack(0x0000004b38e00000,0x0000004b38f00000) (1024K)]
  0x00000151e05722d0 JavaThread "Reference Handler"          daemon [_thread_blocked, id=34668, stack(0x0000004b38f00000,0x0000004b39000000) (1024K)]
  0x00000151e05670a0 JavaThread "Finalizer"                  daemon [_thread_blocked, id=31308, stack(0x0000004b39000000,0x0000004b39100000) (1024K)]
  0x00000151e0568d30 JavaThread "Signal Dispatcher"          daemon [_thread_blocked, id=30336, stack(0x0000004b39100000,0x0000004b39200000) (1024K)]
  0x00000151e05693a0 JavaThread "Attach Listener"            daemon [_thread_blocked, id=29872, stack(0x0000004b39200000,0x0000004b39300000) (1024K)]
  0x00000151e0569b40 JavaThread "Service Thread"             daemon [_thread_blocked, id=32328, stack(0x0000004b39300000,0x0000004b39400000) (1024K)]
  0x00000151e055e630 JavaThread "Monitor Deflation Thread"   daemon [_thread_blocked, id=7620, stack(0x0000004b39400000,0x0000004b39500000) (1024K)]
  0x00000151e05a96c0 JavaThread "C2 CompilerThread0"         daemon [_thread_blocked, id=29788, stack(0x0000004b39500000,0x0000004b39600000) (1024K)]
  0x00000151e05a9d70 JavaThread "C1 CompilerThread0"         daemon [_thread_blocked, id=31028, stack(0x0000004b39600000,0x0000004b39700000) (1024K)]
  0x00000151e508f250 JavaThread "Notification Thread"        daemon [_thread_blocked, id=7436, stack(0x0000004b39800000,0x0000004b39900000) (1024K)]
  0x00000151e67ce390 JavaThread "Daemon health stats"               [_thread_blocked, id=29796, stack(0x0000004b39e00000,0x0000004b39f00000) (1024K)]
  0x00000151e6b8c480 JavaThread "Incoming local TCP Connector on port 54353"        [_thread_in_native, id=33944, stack(0x0000004b39f00000,0x0000004b3a000000) (1024K)]
  0x00000151e7348470 JavaThread "Daemon periodic checks"            [_thread_blocked, id=30276, stack(0x0000004b3a000000,0x0000004b3a100000) (1024K)]
  0x00000151e748ab10 JavaThread "Cache worker for journal cache (C:\Users\Windows 10\.gradle\caches\journal-1)"        [_thread_blocked, id=16396, stack(0x0000004b3b100000,0x0000004b3b200000) (1024K)]
  0x00000151e748b830 JavaThread "File lock request listener"        [_thread_in_native, id=21332, stack(0x0000004b3b200000,0x0000004b3b300000) (1024K)]
  0x00000151e748bec0 JavaThread "Cache worker for file hash cache (C:\Users\Windows 10\.gradle\caches\9.3.1\fileHashes)"        [_thread_blocked, id=33896, stack(0x0000004b3b300000,0x0000004b3b400000) (1024K)]
  0x00000151e7ac29f0 JavaThread "File watcher server"        daemon [_thread_in_native, id=22976, stack(0x0000004b3b700000,0x0000004b3b800000) (1024K)]
  0x00000151e7ac0fb0 JavaThread "File watcher consumer"      daemon [_thread_blocked, id=23972, stack(0x0000004b3b800000,0x0000004b3b900000) (1024K)]
  0x00000151e7ac3710 JavaThread "Cache worker for file content cache (C:\Users\Windows 10\.gradle\caches\9.3.1\fileContent)"        [_thread_blocked, id=8392, stack(0x0000004b3ba00000,0x0000004b3bb00000) (1024K)]
  0x00000151e7e03df0 JavaThread "jar transforms"                    [_thread_blocked, id=30232, stack(0x0000004b3bd00000,0x0000004b3be00000) (1024K)]
  0x00000151e7e04b10 JavaThread "jar transforms Thread 2"           [_thread_blocked, id=30572, stack(0x0000004b3be00000,0x0000004b3bf00000) (1024K)]
  0x00000151e7e04480 JavaThread "jar transforms Thread 3"           [_thread_blocked, id=25420, stack(0x0000004b3bf00000,0x0000004b3c000000) (1024K)]
  0x00000151e8a80970 JavaThread "jar transforms Thread 4"           [_thread_blocked, id=29780, stack(0x0000004b3d400000,0x0000004b3d500000) (1024K)]
  0x00000151e8a7fc50 JavaThread "jar transforms Thread 5"           [_thread_blocked, id=7180, stack(0x0000004b3d500000,0x0000004b3d600000) (1024K)]
  0x00000151e967e760 JavaThread "jar transforms Thread 6"           [_thread_blocked, id=28796, stack(0x0000004b3e000000,0x0000004b3e100000) (1024K)]
  0x00000151e967fb10 JavaThread "jar transforms Thread 7"           [_thread_blocked, id=19936, stack(0x0000004b3e100000,0x0000004b3e200000) (1024K)]
  0x00000151e967edf0 JavaThread "jar transforms Thread 8"           [_thread_blocked, id=20228, stack(0x0000004b3e200000,0x0000004b3e300000) (1024K)]
  0x00000151e82ce5d0 JavaThread "Memory manager"                    [_thread_blocked, id=30728, stack(0x0000004b41400000,0x0000004b41500000) (1024K)]
  0x00000151e9b1b9b0 JavaThread "Daemon Thread 3"                   [_thread_blocked, id=26880, stack(0x0000004b38300000,0x0000004b38400000) (1024K)]
  0x00000151e9b1c040 JavaThread "Handler for socket connection from /127.0.0.1:54353 to /127.0.0.1:63432"        [_thread_in_native, id=34392, stack(0x0000004b38400000,0x0000004b38500000) (1024K)]
  0x00000151e9b198e0 JavaThread "Cancel handler"                    [_thread_blocked, id=31516, stack(0x0000004b38500000,0x0000004b38600000) (1024K)]
  0x00000151e9b1c6d0 JavaThread "Daemon worker Thread 3"            [_thread_blocked, id=30880, stack(0x0000004b39700000,0x0000004b39800000) (1024K)]
  0x00000151e9b1cd60 JavaThread "Asynchronous log dispatcher for DefaultDaemonConnection: socket connection from /127.0.0.1:54353 to /127.0.0.1:63432"        [_thread_blocked, id=12780, stack(0x0000004b3a100000,0x0000004b3a200000) (1024K)]
  0x00000151e9b1d3f0 JavaThread "Stdin handler"                     [_thread_blocked, id=33584, stack(0x0000004b3a200000,0x0000004b3a300000) (1024K)]
  0x00000151e9b19f70 JavaThread "Daemon client event forwarder"        [_thread_blocked, id=30168, stack(0x0000004b3a300000,0x0000004b3a400000) (1024K)]
  0x00000151e9b1da80 JavaThread "Cache worker for file hash cache (C:\Users\Windows 10\AndroidStudioProjects\BingeList\.gradle\9.3.1\fileHashes)"        [_thread_blocked, id=21660, stack(0x0000004b3ad00000,0x0000004b3ae00000) (1024K)]
  0x00000151e9b1a600 JavaThread "Cache worker for Build Output Cleanup Cache (C:\Users\Windows 10\AndroidStudioProjects\BingeList\.gradle\buildOutputCleanup)"        [_thread_blocked, id=652, stack(0x0000004b3ae00000,0x0000004b3af00000) (1024K)]
  0x00000151e9b1e110 JavaThread "jar transforms Thread 9"           [_thread_blocked, id=23836, stack(0x0000004b3af00000,0x0000004b3b000000) (1024K)]
  0x00000151e9b1ac90 JavaThread "jar transforms Thread 10"          [_thread_blocked, id=1060, stack(0x0000004b3b000000,0x0000004b3b100000) (1024K)]
  0x00000151e9b1e7a0 JavaThread "jar transforms Thread 11"          [_thread_blocked, id=31216, stack(0x0000004b3b400000,0x0000004b3b500000) (1024K)]
  0x00000151e9b1b320 JavaThread "jar transforms Thread 12"          [_thread_blocked, id=29892, stack(0x0000004b3b500000,0x0000004b3b600000) (1024K)]
  0x00000151e9b1ee30 JavaThread "jar transforms Thread 13"          [_thread_blocked, id=14740, stack(0x0000004b3b600000,0x0000004b3b700000) (1024K)]
  0x00000151e9b20f00 JavaThread "jar transforms Thread 14"          [_thread_blocked, id=7600, stack(0x0000004b3b900000,0x0000004b3ba00000) (1024K)]
  0x00000151e9b1f4c0 JavaThread "jar transforms Thread 15"          [_thread_blocked, id=13384, stack(0x0000004b3bb00000,0x0000004b3bc00000) (1024K)]
  0x00000151e9b20870 JavaThread "jar transforms Thread 16"          [_thread_blocked, id=9468, stack(0x0000004b3bc00000,0x0000004b3bd00000) (1024K)]
  0x00000151e9b1fb50 JavaThread "Cache worker for checksums cache (C:\Users\Windows 10\AndroidStudioProjects\BingeList\.gradle\9.3.1\checksums)"        [_thread_blocked, id=23748, stack(0x0000004b3c000000,0x0000004b3c100000) (1024K)]
  0x00000151e5f729c0 JavaThread "Cache worker for cache directory md-supplier (C:\Users\Windows 10\.gradle\caches\9.3.1\md-supplier)"        [_thread_blocked, id=32700, stack(0x0000004b3c100000,0x0000004b3c200000) (1024K)]
  0x00000151e5f70260 JavaThread "Cache worker for cache directory md-rule (C:\Users\Windows 10\.gradle\caches\9.3.1\md-rule)"        [_thread_blocked, id=33916, stack(0x0000004b3c200000,0x0000004b3c300000) (1024K)]
  0x00000151e5f6fbd0 JavaThread "Unconstrained build operations"        [_thread_blocked, id=20424, stack(0x0000004b3c300000,0x0000004b3c400000) (1024K)]
  0x00000151e5f71610 JavaThread "Unconstrained build operations Thread 2"        [_thread_blocked, id=26868, stack(0x0000004b3c400000,0x0000004b3c500000) (1024K)]
  0x00000151e5f73050 JavaThread "Unconstrained build operations Thread 3"        [_thread_blocked, id=29664, stack(0x0000004b3c500000,0x0000004b3c600000) (1024K)]
  0x00000151e5f75120 JavaThread "Unconstrained build operations Thread 4"        [_thread_blocked, id=7108, stack(0x0000004b3c600000,0x0000004b3c700000) (1024K)]
  0x00000151e5f72330 JavaThread "Unconstrained build operations Thread 5"        [_thread_blocked, id=22252, stack(0x0000004b3c700000,0x0000004b3c800000) (1024K)]
  0x00000151e5f736e0 JavaThread "Unconstrained build operations Thread 6"        [_thread_blocked, id=17952, stack(0x0000004b3c800000,0x0000004b3c900000) (1024K)]
  0x00000151e5f73d70 JavaThread "Unconstrained build operations Thread 7"        [_thread_blocked, id=27112, stack(0x0000004b3c900000,0x0000004b3ca00000) (1024K)]
  0x00000151e5f74400 JavaThread "Unconstrained build operations Thread 8"        [_thread_blocked, id=23684, stack(0x0000004b3ca00000,0x0000004b3cb00000) (1024K)]
  0x00000151e5f74a90 JavaThread "Unconstrained build operations Thread 9"        [_thread_blocked, id=17280, stack(0x0000004b3cb00000,0x0000004b3cc00000) (1024K)]
  0x00000151e5f71ca0 JavaThread "Unconstrained build operations Thread 10"        [_thread_blocked, id=29412, stack(0x0000004b3cc00000,0x0000004b3cd00000) (1024K)]
  0x00000151e5f757b0 JavaThread "Unconstrained build operations Thread 11"        [_thread_blocked, id=31700, stack(0x0000004b3cd00000,0x0000004b3ce00000) (1024K)]
  0x00000151e5f75e40 JavaThread "Unconstrained build operations Thread 12"        [_thread_blocked, id=34252, stack(0x0000004b3ce00000,0x0000004b3cf00000) (1024K)]
  0x00000151e5f764d0 JavaThread "Unconstrained build operations Thread 13"        [_thread_blocked, id=7800, stack(0x0000004b3cf00000,0x0000004b3d000000) (1024K)]
  0x00000151e7e023b0 JavaThread "Unconstrained build operations Thread 14"        [_thread_blocked, id=27792, stack(0x0000004b3d000000,0x0000004b3d100000) (1024K)]
  0x00000151e7e030d0 JavaThread "Unconstrained build operations Thread 15"        [_thread_blocked, id=31628, stack(0x0000004b3d100000,0x0000004b3d200000) (1024K)]
  0x00000151e7e05ec0 JavaThread "Unconstrained build operations Thread 16"        [_thread_blocked, id=18008, stack(0x0000004b3d200000,0x0000004b3d300000) (1024K)]
  0x00000151e7e02a40 JavaThread "Unconstrained build operations Thread 17"        [_thread_blocked, id=21512, stack(0x0000004b3d300000,0x0000004b3d400000) (1024K)]
  0x00000151e7e06550 JavaThread "Unconstrained build operations Thread 18"        [_thread_blocked, id=33456, stack(0x0000004b3d600000,0x0000004b3d700000) (1024K)]
  0x00000151e7e06be0 JavaThread "Unconstrained build operations Thread 19"        [_thread_blocked, id=33440, stack(0x0000004b3d700000,0x0000004b3d800000) (1024K)]
  0x00000151e7e099d0 JavaThread "Unconstrained build operations Thread 20"        [_thread_blocked, id=30496, stack(0x0000004b3d900000,0x0000004b3da00000) (1024K)]
  0x00000151e7e07270 JavaThread "Unconstrained build operations Thread 21"        [_thread_blocked, id=22136, stack(0x0000004b3da00000,0x0000004b3db00000) (1024K)]
  0x00000151e7e07900 JavaThread "Unconstrained build operations Thread 22"        [_thread_blocked, id=34356, stack(0x0000004b3db00000,0x0000004b3dc00000) (1024K)]
  0x00000151e7e08620 JavaThread "Unconstrained build operations Thread 23"        [_thread_blocked, id=24520, stack(0x0000004b3dc00000,0x0000004b3dd00000) (1024K)]
  0x00000151e7e08cb0 JavaThread "Unconstrained build operations Thread 24"        [_thread_blocked, id=15156, stack(0x0000004b3dd00000,0x0000004b3de00000) (1024K)]
  0x00000151e7e09340 JavaThread "Unconstrained build operations Thread 25"        [_thread_blocked, id=18136, stack(0x0000004b3de00000,0x0000004b3df00000) (1024K)]
  0x00000151e82ca430 JavaThread "Unconstrained build operations Thread 26"        [_thread_blocked, id=29492, stack(0x0000004b3df00000,0x0000004b3e000000) (1024K)]
  0x00000151e82cd220 JavaThread "Unconstrained build operations Thread 27"        [_thread_blocked, id=3916, stack(0x0000004b3e300000,0x0000004b3e400000) (1024K)]
  0x00000151e82cbe70 JavaThread "Unconstrained build operations Thread 28"        [_thread_blocked, id=14580, stack(0x0000004b3e400000,0x0000004b3e500000) (1024K)]
  0x00000151e82cc500 JavaThread "Unconstrained build operations Thread 29"        [_thread_blocked, id=31612, stack(0x0000004b3e500000,0x0000004b3e600000) (1024K)]
  0x00000151e82cb7e0 JavaThread "Unconstrained build operations Thread 30"        [_thread_blocked, id=27108, stack(0x0000004b3e600000,0x0000004b3e700000) (1024K)]
  0x00000151e82ccb90 JavaThread "Unconstrained build operations Thread 31"        [_thread_blocked, id=25176, stack(0x0000004b3e700000,0x0000004b3e800000) (1024K)]
  0x00000151e82c9da0 JavaThread "Unconstrained build operations Thread 32"        [_thread_blocked, id=33996, stack(0x0000004b3e800000,0x0000004b3e900000) (1024K)]
  0x00000151e82cd8b0 JavaThread "Unconstrained build operations Thread 33"        [_thread_blocked, id=21356, stack(0x0000004b3e900000,0x0000004b3ea00000) (1024K)]
  0x00000151e82cdf40 JavaThread "Unconstrained build operations Thread 34"        [_thread_blocked, id=25968, stack(0x0000004b3ea00000,0x0000004b3eb00000) (1024K)]
  0x00000151e82caac0 JavaThread "Unconstrained build operations Thread 35"        [_thread_blocked, id=34732, stack(0x0000004b3eb00000,0x0000004b3ec00000) (1024K)]
  0x00000151e82d06a0 JavaThread "Unconstrained build operations Thread 36"        [_thread_blocked, id=24884, stack(0x0000004b3ec00000,0x0000004b3ed00000) (1024K)]
  0x00000151e82d0d30 JavaThread "Unconstrained build operations Thread 37"        [_thread_blocked, id=32516, stack(0x0000004b3ed00000,0x0000004b3ee00000) (1024K)]
  0x00000151e967c690 JavaThread "Unconstrained build operations Thread 38"        [_thread_blocked, id=11892, stack(0x0000004b3ee00000,0x0000004b3ef00000) (1024K)]
  0x00000151e967b970 JavaThread "Unconstrained build operations Thread 39"        [_thread_blocked, id=28036, stack(0x0000004b3ef00000,0x0000004b3f000000) (1024K)]
  0x00000151e9679f30 JavaThread "Unconstrained build operations Thread 40"        [_thread_blocked, id=15124, stack(0x0000004b3f000000,0x0000004b3f100000) (1024K)]
  0x00000151e967a5c0 JavaThread "Unconstrained build operations Thread 41"        [_thread_blocked, id=4324, stack(0x0000004b3f100000,0x0000004b3f200000) (1024K)]
  0x00000151e967c000 JavaThread "Unconstrained build operations Thread 42"        [_thread_blocked, id=20804, stack(0x0000004b3f200000,0x0000004b3f300000) (1024K)]
  0x00000151e9679210 JavaThread "Unconstrained build operations Thread 43"        [_thread_blocked, id=26468, stack(0x0000004b3f300000,0x0000004b3f400000) (1024K)]
  0x00000151e967ac50 JavaThread "Unconstrained build operations Thread 44"        [_thread_blocked, id=34164, stack(0x0000004b3f400000,0x0000004b3f500000) (1024K)]
  0x00000151e967cd20 JavaThread "Unconstrained build operations Thread 45"        [_thread_blocked, id=32224, stack(0x0000004b3f500000,0x0000004b3f600000) (1024K)]
  0x00000151e96798a0 JavaThread "Unconstrained build operations Thread 46"        [_thread_blocked, id=27744, stack(0x0000004b3f600000,0x0000004b3f700000) (1024K)]
  0x00000151e967d3b0 JavaThread "Unconstrained build operations Thread 47"        [_thread_blocked, id=29524, stack(0x0000004b3f700000,0x0000004b3f800000) (1024K)]
  0x00000151e8a823b0 JavaThread "Unconstrained build operations Thread 48"        [_thread_blocked, id=2932, stack(0x0000004b3f800000,0x0000004b3f900000) (1024K)]
  0x00000151e8a802e0 JavaThread "Unconstrained build operations Thread 49"        [_thread_blocked, id=26628, stack(0x0000004b3f900000,0x0000004b3fa00000) (1024K)]
  0x00000151e7d09cc0 JavaThread "C1 CompilerThread1"         daemon [_thread_blocked, id=3004, stack(0x0000004b3d800000,0x0000004b3d900000) (1024K)]
  0x00000151f0686910 JavaThread "C2 CompilerThread1"         daemon [_thread_blocked, id=24524, stack(0x0000004b3fa00000,0x0000004b3fb00000) (1024K)]
  0x00000151f0683290 JavaThread "C2 CompilerThread2"         daemon [_thread_blocked, id=30692, stack(0x0000004b3fb00000,0x0000004b3fc00000) (1024K)]
  0x00000151f0686fe0 JavaThread "C1 CompilerThread2"         daemon [_thread_blocked, id=30976, stack(0x0000004b3fc00000,0x0000004b3fd00000) (1024K)]
  0x00000151f0683960 JavaThread "C1 CompilerThread3"         daemon [_thread_blocked, id=30196, stack(0x0000004b3fd00000,0x0000004b3fe00000) (1024K)]
Total: 103

Other Threads:
=>0x00000151e04d3120 VMThread "VM Thread"                           [id=28096, stack(0x0000004b38d00000,0x0000004b38e00000) (1024K)]
  0x00000151dfbd8c50 WatcherThread "VM Periodic Task Thread"        [id=29652, stack(0x0000004b38c00000,0x0000004b38d00000) (1024K)]
  0x00000151c822aa90 WorkerThread "GC Thread#0"                     [id=6272, stack(0x0000004b38700000,0x0000004b38800000) (1024K)]
  0x00000151e54a6c80 WorkerThread "GC Thread#1"                     [id=29464, stack(0x0000004b39900000,0x0000004b39a00000) (1024K)]
  0x00000151e54b0d70 WorkerThread "GC Thread#2"                     [id=33892, stack(0x0000004b39a00000,0x0000004b39b00000) (1024K)]
  0x00000151e5500180 WorkerThread "GC Thread#3"                     [id=34644, stack(0x0000004b39b00000,0x0000004b39c00000) (1024K)]
  0x00000151e5c368c0 WorkerThread "GC Thread#4"                     [id=27324, stack(0x0000004b39c00000,0x0000004b39d00000) (1024K)]
  0x00000151e719a9c0 WorkerThread "GC Thread#5"                     [id=24176, stack(0x0000004b39d00000,0x0000004b39e00000) (1024K)]
  0x00000151e7198ff0 WorkerThread "GC Thread#6"                     [id=1908, stack(0x0000004b3a400000,0x0000004b3a500000) (1024K)]
  0x00000151e7199750 WorkerThread "GC Thread#7"                     [id=26092, stack(0x0000004b3a500000,0x0000004b3a600000) (1024K)]
  0x00000151e7199eb0 WorkerThread "GC Thread#8"                     [id=33084, stack(0x0000004b3a600000,0x0000004b3a700000) (1024K)]
  0x00000151e719a610 WorkerThread "GC Thread#9"                     [id=30060, stack(0x0000004b3a700000,0x0000004b3a800000) (1024K)]
  0x00000151e7425d60 WorkerThread "GC Thread#10"                    [id=30800, stack(0x0000004b3a800000,0x0000004b3a900000) (1024K)]
  0x00000151e7423c30 WorkerThread "GC Thread#11"                    [id=30756, stack(0x0000004b3a900000,0x0000004b3aa00000) (1024K)]
  0x00000151e7423fe0 WorkerThread "GC Thread#12"                    [id=31904, stack(0x0000004b3aa00000,0x0000004b3ab00000) (1024K)]
  0x00000151c823c8a0 ConcurrentGCThread "G1 Main Marker"            [id=26068, stack(0x0000004b38800000,0x0000004b38900000) (1024K)]
  0x00000151c823e270 WorkerThread "G1 Conc#0"                       [id=30768, stack(0x0000004b38900000,0x0000004b38a00000) (1024K)]
  0x00000151e74264c0 WorkerThread "G1 Conc#1"                       [id=7756, stack(0x0000004b3ab00000,0x0000004b3ac00000) (1024K)]
  0x00000151e7424390 WorkerThread "G1 Conc#2"                       [id=31932, stack(0x0000004b3ac00000,0x0000004b3ad00000) (1024K)]
  0x00000151dfaad430 ConcurrentGCThread "G1 Refine#0"               [id=34632, stack(0x0000004b38a00000,0x0000004b38b00000) (1024K)]
  0x00000151dfaad870 ConcurrentGCThread "G1 Service"                [id=34576, stack(0x0000004b38b00000,0x0000004b38c00000) (1024K)]
Total: 21

Threads with active compile tasks:
C2 CompilerThread0  759061 23271       4       org.codehaus.groovy.runtime.metaclass.MetaMethodIndex::copyNonPrivateNonNewMetaMethods (171 bytes)
C2 CompilerThread1  759061 23289       4       java.beans.Introspector::addMethod (241 bytes)
C2 CompilerThread2  759061 23339       4       com.sun.beans.TypeResolver::resolve (37 bytes)
Total: 3

VM state: at safepoint (normal execution)

VM Mutex/Monitor currently owned by a thread:  ([mutex/lock_event])
[0x00007ffa847486d0] Threads_lock - owner thread: 0x00000151e04d3120
[0x00007ffa847487d0] Heap_lock - owner thread: 0x00000151c823c8a0

Heap address: 0x0000000080000000, size: 2048 MB, Compressed Oops mode: 32-bit

CDS archive(s) not mapped
Compressed class space mapped at: 0x0000000100000000-0x0000000140000000, reserved size: 1073741824
Narrow klass base: 0x0000000000000000, Narrow klass shift: 3, Narrow klass range: 0x140000000

GC Precious Log:
 CardTable entry size: 512
 Card Set container configuration: InlinePtr #cards 5 size 8 Array Of Cards #cards 12 size 40 Howl #buckets 4 coarsen threshold 1843 Howl Bitmap #cards 512 size 80 coarsen threshold 460 Card regions per heap region 1 cards per card region 2048
 CPUs: 16 total, 16 available
 Memory: 7501M
 Large Page Support: Disabled
 NUMA Support: Disabled
 Compressed Oops: Enabled (32-bit)
 Heap Region Size: 1M
 Heap Min Capacity: 8M
 Heap Initial Capacity: 118M
 Heap Max Capacity: 2G
 Pre-touch: Disabled
 Parallel Workers: 13
 Concurrent Workers: 3
 Concurrent Refinement Workers: 13
 Periodic GC: Disabled

Heap:
 garbage-first heap   total 450560K, used 294140K [0x0000000080000000, 0x0000000100000000)
  region size 1024K, 11 young (11264K), 4 survivors (4096K)
 Metaspace       used 205422K, committed 208128K, reserved 1245184K
  class space    used 27514K, committed 28800K, reserved 1048576K

Heap Regions: E=young(eden), S=young(survivor), O=old, HS=humongous(starts), HC=humongous(continues), CS=collection set, F=free, TAMS=top-at-mark-start, PB=parsable bottom
|   0|0x0000000080000000, 0x0000000080100000, 0x0000000080100000|100%|HS|  |TAMS 0x0000000080100000| PB 0x0000000080000000| Complete 
|   1|0x0000000080100000, 0x0000000080200000, 0x0000000080200000|100%|HC|  |TAMS 0x0000000080200000| PB 0x0000000080100000| Complete 
|   2|0x0000000080200000, 0x0000000080300000, 0x0000000080300000|100%|HC|  |TAMS 0x0000000080300000| PB 0x0000000080200000| Complete 
|   3|0x0000000080300000, 0x0000000080400000, 0x0000000080400000|100%|HC|  |TAMS 0x0000000080400000| PB 0x0000000080300000| Complete 
|   4|0x0000000080400000, 0x0000000080500000, 0x0000000080500000|100%| O|  |TAMS 0x0000000080500000| PB 0x0000000080500000| Untracked 
|   5|0x0000000080500000, 0x0000000080600000, 0x0000000080600000|100%| O|  |TAMS 0x0000000080600000| PB 0x0000000080600000| Untracked 
|   6|0x0000000080600000, 0x0000000080700000, 0x0000000080700000|100%| O|  |TAMS 0x0000000080700000| PB 0x0000000080700000| Untracked 
|   7|0x0000000080700000, 0x0000000080800000, 0x0000000080800000|100%|HS|  |TAMS 0x0000000080800000| PB 0x0000000080700000| Complete 
|   8|0x0000000080800000, 0x0000000080900000, 0x0000000080900000|100%| O|  |TAMS 0x0000000080900000| PB 0x0000000080900000| Updating 
|   9|0x0000000080900000, 0x0000000080a00000, 0x0000000080a00000|100%| O|  |TAMS 0x0000000080a00000| PB 0x0000000080a00000| Untracked 
|  10|0x0000000080a00000, 0x0000000080b00000, 0x0000000080b00000|100%| O|  |TAMS 0x0000000080b00000| PB 0x0000000080b00000| Untracked 
|  11|0x0000000080b00000, 0x0000000080c00000, 0x0000000080c00000|100%| O|  |TAMS 0x0000000080c00000| PB 0x0000000080c00000| Untracked 
|  12|0x0000000080c00000, 0x0000000080d00000, 0x0000000080d00000|100%| O|  |TAMS 0x0000000080d00000| PB 0x0000000080d00000| Untracked 
|  13|0x0000000080d00000, 0x0000000080e00000, 0x0000000080e00000|100%| O|  |TAMS 0x0000000080e00000| PB 0x0000000080e00000| Untracked 
|  14|0x0000000080e00000, 0x0000000080f00000, 0x0000000080f00000|100%| O|  |TAMS 0x0000000080f00000| PB 0x0000000080f00000| Untracked 
|  15|0x0000000080f00000, 0x0000000081000000, 0x0000000081000000|100%| O|  |TAMS 0x0000000081000000| PB 0x0000000081000000| Untracked 
|  16|0x0000000081000000, 0x0000000081100000, 0x0000000081100000|100%| O|  |TAMS 0x0000000081100000| PB 0x0000000081100000| Untracked 
|  17|0x0000000081100000, 0x0000000081200000, 0x0000000081200000|100%| O|  |TAMS 0x0000000081200000| PB 0x0000000081200000| Updating 
|  18|0x0000000081200000, 0x0000000081300000, 0x0000000081300000|100%| O|  |TAMS 0x0000000081300000| PB 0x0000000081300000| Untracked 
|  19|0x0000000081300000, 0x0000000081400000, 0x0000000081400000|100%| O|  |TAMS 0x0000000081400000| PB 0x0000000081400000| Untracked 
|  20|0x0000000081400000, 0x0000000081500000, 0x0000000081500000|100%| O|  |TAMS 0x0000000081500000| PB 0x0000000081500000| Untracked 
|  21|0x0000000081500000, 0x0000000081600000, 0x0000000081600000|100%| O|  |TAMS 0x0000000081600000| PB 0x0000000081600000| Untracked 
|  22|0x0000000081600000, 0x0000000081700000, 0x0000000081700000|100%| O|  |TAMS 0x0000000081700000| PB 0x0000000081700000| Untracked 
|  23|0x0000000081700000, 0x0000000081800000, 0x0000000081800000|100%| O|  |TAMS 0x0000000081800000| PB 0x0000000081800000| Untracked 
|  24|0x0000000081800000, 0x0000000081900000, 0x0000000081900000|100%| O|  |TAMS 0x0000000081900000| PB 0x0000000081900000| Updating 
|  25|0x0000000081900000, 0x0000000081a00000, 0x0000000081a00000|100%| O|  |TAMS 0x0000000081a00000| PB 0x0000000081a00000| Updating 
|  26|0x0000000081a00000, 0x0000000081b00000, 0x0000000081b00000|100%| O|  |TAMS 0x0000000081b00000| PB 0x0000000081b00000| Updating 
|  27|0x0000000081b00000, 0x0000000081c00000, 0x0000000081c00000|100%| O|  |TAMS 0x0000000081c00000| PB 0x0000000081c00000| Updating 
|  28|0x0000000081c00000, 0x0000000081d00000, 0x0000000081d00000|100%|HS|  |TAMS 0x0000000081d00000| PB 0x0000000081c00000| Complete 
|  29|0x0000000081d00000, 0x0000000081e00000, 0x0000000081e00000|100%|HC|  |TAMS 0x0000000081e00000| PB 0x0000000081d00000| Complete 
|  30|0x0000000081e00000, 0x0000000081f00000, 0x0000000081f00000|100%| O|  |TAMS 0x0000000081f00000| PB 0x0000000081f00000| Updating 
|  31|0x0000000081f00000, 0x0000000082000000, 0x0000000082000000|100%| O|  |TAMS 0x0000000082000000| PB 0x0000000082000000| Updating 
|  32|0x0000000082000000, 0x0000000082100000, 0x0000000082100000|100%| O|  |TAMS 0x0000000082100000| PB 0x0000000082100000| Updating 
|  33|0x0000000082100000, 0x0000000082200000, 0x0000000082200000|100%| O|  |TAMS 0x0000000082200000| PB 0x0000000082200000| Updating 
|  34|0x0000000082200000, 0x0000000082300000, 0x0000000082300000|100%| O|  |TAMS 0x0000000082300000| PB 0x0000000082300000| Updating 
|  35|0x0000000082300000, 0x0000000082400000, 0x0000000082400000|100%|HS|  |TAMS 0x0000000082400000| PB 0x0000000082300000| Complete 
|  36|0x0000000082400000, 0x0000000082500000, 0x0000000082500000|100%| O|  |TAMS 0x0000000082500000| PB 0x0000000082500000| Updating 
|  37|0x0000000082500000, 0x0000000082600000, 0x0000000082600000|100%| O|  |TAMS 0x0000000082600000| PB 0x0000000082600000| Updating 
|  38|0x0000000082600000, 0x0000000082700000, 0x0000000082700000|100%| O|  |TAMS 0x0000000082700000| PB 0x0000000082700000| Untracked 
|  39|0x0000000082700000, 0x0000000082800000, 0x0000000082800000|100%| O|  |TAMS 0x0000000082800000| PB 0x0000000082800000| Updating 
|  40|0x0000000082800000, 0x0000000082900000, 0x0000000082900000|100%| O|  |TAMS 0x0000000082900000| PB 0x0000000082900000| Untracked 
|  41|0x0000000082900000, 0x0000000082a00000, 0x0000000082a00000|100%| O|  |TAMS 0x0000000082a00000| PB 0x0000000082a00000| Untracked 
|  42|0x0000000082a00000, 0x0000000082b00000, 0x0000000082b00000|100%| O|  |TAMS 0x0000000082b00000| PB 0x0000000082b00000| Updating 
|  43|0x0000000082b00000, 0x0000000082c00000, 0x0000000082c00000|100%| O|  |TAMS 0x0000000082c00000| PB 0x0000000082c00000| Updating 
|  44|0x0000000082c00000, 0x0000000082d00000, 0x0000000082d00000|100%|HS|  |TAMS 0x0000000082d00000| PB 0x0000000082c00000| Complete 
|  45|0x0000000082d00000, 0x0000000082e00000, 0x0000000082e00000|100%| O|  |TAMS 0x0000000082e00000| PB 0x0000000082e00000| Updating 
|  46|0x0000000082e00000, 0x0000000082f00000, 0x0000000082f00000|100%| O|  |TAMS 0x0000000082f00000| PB 0x0000000082f00000| Updating 
|  47|0x0000000082f00000, 0x0000000083000000, 0x0000000083000000|100%| O|  |TAMS 0x0000000083000000| PB 0x0000000083000000| Untracked 
|  48|0x0000000083000000, 0x0000000083100000, 0x0000000083100000|100%| O|  |TAMS 0x0000000083100000| PB 0x0000000083100000| Updating 
|  49|0x0000000083100000, 0x0000000083200000, 0x0000000083200000|100%|HS|  |TAMS 0x0000000083200000| PB 0x0000000083100000| Complete 
|  50|0x0000000083200000, 0x0000000083300000, 0x0000000083300000|100%|HS|  |TAMS 0x0000000083300000| PB 0x0000000083200000| Complete 
|  51|0x0000000083300000, 0x0000000083400000, 0x0000000083400000|100%|HC|  |TAMS 0x0000000083400000| PB 0x0000000083300000| Complete 
|  52|0x0000000083400000, 0x0000000083500000, 0x0000000083500000|100%| O|  |TAMS 0x0000000083500000| PB 0x0000000083500000| Updating 
|  53|0x0000000083500000, 0x0000000083600000, 0x0000000083600000|100%|HS|  |TAMS 0x0000000083600000| PB 0x0000000083500000| Complete 
|  54|0x0000000083600000, 0x0000000083700000, 0x0000000083700000|100%|HC|  |TAMS 0x0000000083700000| PB 0x0000000083600000| Complete 
|  55|0x0000000083700000, 0x0000000083800000, 0x0000000083800000|100%|HS|  |TAMS 0x0000000083800000| PB 0x0000000083700000| Complete 
|  56|0x0000000083800000, 0x0000000083900000, 0x0000000083900000|100%| O|  |TAMS 0x0000000083900000| PB 0x0000000083900000| Updating 
|  57|0x0000000083900000, 0x0000000083a00000, 0x0000000083a00000|100%|HS|  |TAMS 0x0000000083a00000| PB 0x0000000083900000| Complete 
|  58|0x0000000083a00000, 0x0000000083b00000, 0x0000000083b00000|100%|HS|  |TAMS 0x0000000083b00000| PB 0x0000000083a00000| Complete 
|  59|0x0000000083b00000, 0x0000000083c00000, 0x0000000083c00000|100%| O|  |TAMS 0x0000000083c00000| PB 0x0000000083c00000| Untracked 
|  60|0x0000000083c00000, 0x0000000083d00000, 0x0000000083d00000|100%| O|  |TAMS 0x0000000083d00000| PB 0x0000000083d00000| Updating 
|  61|0x0000000083d00000, 0x0000000083e00000, 0x0000000083e00000|100%|HS|  |TAMS 0x0000000083e00000| PB 0x0000000083d00000| Complete 
|  62|0x0000000083e00000, 0x0000000083f00000, 0x0000000083f00000|100%| O|  |TAMS 0x0000000083f00000| PB 0x0000000083f00000| Untracked 
|  63|0x0000000083f00000, 0x0000000084000000, 0x0000000084000000|100%| O|  |TAMS 0x0000000084000000| PB 0x0000000084000000| Updating 
|  64|0x0000000084000000, 0x0000000084100000, 0x0000000084100000|100%| O|  |TAMS 0x0000000084100000| PB 0x0000000084100000| Updating 
|  65|0x0000000084100000, 0x0000000084200000, 0x0000000084200000|100%| O|  |TAMS 0x0000000084200000| PB 0x0000000084200000| Updating 
|  66|0x0000000084200000, 0x0000000084300000, 0x0000000084300000|100%| O|  |TAMS 0x0000000084300000| PB 0x0000000084300000| Untracked 
|  67|0x0000000084300000, 0x0000000084400000, 0x0000000084400000|100%| O|  |TAMS 0x0000000084400000| PB 0x0000000084400000| Untracked 
|  68|0x0000000084400000, 0x0000000084500000, 0x0000000084500000|100%| O|  |TAMS 0x0000000084500000| PB 0x0000000084500000| Updating 
|  69|0x0000000084500000, 0x0000000084600000, 0x0000000084600000|100%| O|  |TAMS 0x0000000084600000| PB 0x0000000084600000| Untracked 
|  70|0x0000000084600000, 0x0000000084700000, 0x0000000084700000|100%| O|  |TAMS 0x0000000084700000| PB 0x0000000084700000| Untracked 
|  71|0x0000000084700000, 0x0000000084800000, 0x0000000084800000|100%| O|  |TAMS 0x0000000084800000| PB 0x0000000084800000| Untracked 
|  72|0x0000000084800000, 0x0000000084900000, 0x0000000084900000|100%| O|  |TAMS 0x0000000084900000| PB 0x0000000084900000| Untracked 
|  73|0x0000000084900000, 0x0000000084a00000, 0x0000000084a00000|100%| O|  |TAMS 0x0000000084a00000| PB 0x0000000084a00000| Untracked 
|  74|0x0000000084a00000, 0x0000000084b00000, 0x0000000084b00000|100%| O|  |TAMS 0x0000000084b00000| PB 0x0000000084b00000| Untracked 
|  75|0x0000000084b00000, 0x0000000084c00000, 0x0000000084c00000|100%| O|  |TAMS 0x0000000084c00000| PB 0x0000000084c00000| Updating 
|  76|0x0000000084c00000, 0x0000000084d00000, 0x0000000084d00000|100%| O|  |TAMS 0x0000000084d00000| PB 0x0000000084d00000| Untracked 
|  77|0x0000000084d00000, 0x0000000084e00000, 0x0000000084e00000|100%| O|  |TAMS 0x0000000084e00000| PB 0x0000000084e00000| Updating 
|  78|0x0000000084e00000, 0x0000000084f00000, 0x0000000084f00000|100%| O|  |TAMS 0x0000000084f00000| PB 0x0000000084f00000| Updating 
|  79|0x0000000084f00000, 0x0000000085000000, 0x0000000085000000|100%| O|  |TAMS 0x0000000085000000| PB 0x0000000085000000| Updating 
|  80|0x0000000085000000, 0x0000000085100000, 0x0000000085100000|100%| O|  |TAMS 0x0000000085100000| PB 0x0000000085100000| Updating 
|  81|0x0000000085100000, 0x0000000085200000, 0x0000000085200000|100%| O|  |TAMS 0x0000000085200000| PB 0x0000000085200000| Updating 
|  82|0x0000000085200000, 0x0000000085300000, 0x0000000085300000|100%| O|  |TAMS 0x0000000085300000| PB 0x0000000085300000| Updating 
|  83|0x0000000085300000, 0x0000000085400000, 0x0000000085400000|100%| O|  |TAMS 0x0000000085300000| PB 0x0000000085300000| Untracked 
|  84|0x0000000085400000, 0x0000000085500000, 0x0000000085500000|100%| O|  |TAMS 0x0000000085500000| PB 0x0000000085500000| Updating 
|  85|0x0000000085500000, 0x0000000085600000, 0x0000000085600000|100%| O|  |TAMS 0x0000000085600000| PB 0x0000000085600000| Updating 
|  86|0x0000000085600000, 0x0000000085700000, 0x0000000085700000|100%| O|  |TAMS 0x0000000085700000| PB 0x0000000085700000| Updating 
|  87|0x0000000085700000, 0x0000000085800000, 0x0000000085800000|100%| O|  |TAMS 0x0000000085800000| PB 0x0000000085800000| Updating 
|  88|0x0000000085800000, 0x0000000085900000, 0x0000000085900000|100%| O|  |TAMS 0x0000000085900000| PB 0x0000000085900000| Updating 
|  89|0x0000000085900000, 0x0000000085a00000, 0x0000000085a00000|100%| O|  |TAMS 0x0000000085a00000| PB 0x0000000085a00000| Untracked 
|  90|0x0000000085a00000, 0x0000000085b00000, 0x0000000085b00000|100%| O|  |TAMS 0x0000000085b00000| PB 0x0000000085b00000| Untracked 
|  91|0x0000000085b00000, 0x0000000085c00000, 0x0000000085c00000|100%| O|  |TAMS 0x0000000085c00000| PB 0x0000000085c00000| Untracked 
|  92|0x0000000085c00000, 0x0000000085d00000, 0x0000000085d00000|100%|HS|  |TAMS 0x0000000085d00000| PB 0x0000000085c00000| Complete 
|  93|0x0000000085d00000, 0x0000000085e00000, 0x0000000085e00000|100%| O|  |TAMS 0x0000000085e00000| PB 0x0000000085e00000| Updating 
|  94|0x0000000085e00000, 0x0000000085f00000, 0x0000000085f00000|100%| O|  |TAMS 0x0000000085f00000| PB 0x0000000085f00000| Untracked 
|  95|0x0000000085f00000, 0x0000000086000000, 0x0000000086000000|100%| O|  |TAMS 0x0000000086000000| PB 0x0000000086000000| Updating 
|  96|0x0000000086000000, 0x0000000086100000, 0x0000000086100000|100%| O|  |TAMS 0x0000000086000000| PB 0x0000000086000000| Untracked 
|  97|0x0000000086100000, 0x0000000086200000, 0x0000000086200000|100%| O|  |TAMS 0x0000000086200000| PB 0x0000000086200000| Untracked 
|  98|0x0000000086200000, 0x0000000086300000, 0x0000000086300000|100%| O|  |TAMS 0x0000000086300000| PB 0x0000000086300000| Updating 
|  99|0x0000000086300000, 0x0000000086400000, 0x0000000086400000|100%| O|  |TAMS 0x0000000086300000| PB 0x0000000086300000| Untracked 
| 100|0x0000000086400000, 0x0000000086500000, 0x0000000086500000|100%| O|  |TAMS 0x0000000086500000| PB 0x0000000086500000| Updating 
| 101|0x0000000086500000, 0x0000000086600000, 0x0000000086600000|100%| O|  |TAMS 0x0000000086600000| PB 0x0000000086600000| Updating 
| 102|0x0000000086600000, 0x0000000086700000, 0x0000000086700000|100%| O|  |TAMS 0x0000000086700000| PB 0x0000000086700000| Untracked 
| 103|0x0000000086700000, 0x0000000086800000, 0x0000000086800000|100%| O|  |TAMS 0x0000000086800000| PB 0x0000000086800000| Untracked 
| 104|0x0000000086800000, 0x0000000086900000, 0x0000000086900000|100%| O|  |TAMS 0x0000000086900000| PB 0x0000000086900000| Updating 
| 105|0x0000000086900000, 0x0000000086a00000, 0x0000000086a00000|100%|HS|  |TAMS 0x0000000086a00000| PB 0x0000000086900000| Complete 
| 106|0x0000000086a00000, 0x0000000086b00000, 0x0000000086b00000|100%|HC|  |TAMS 0x0000000086b00000| PB 0x0000000086a00000| Complete 
| 107|0x0000000086b00000, 0x0000000086c00000, 0x0000000086c00000|100%|HC|  |TAMS 0x0000000086c00000| PB 0x0000000086b00000| Complete 
| 108|0x0000000086c00000, 0x0000000086d00000, 0x0000000086d00000|100%|HC|  |TAMS 0x0000000086d00000| PB 0x0000000086c00000| Complete 
| 109|0x0000000086d00000, 0x0000000086e00000, 0x0000000086e00000|100%|HC|  |TAMS 0x0000000086e00000| PB 0x0000000086d00000| Complete 
| 110|0x0000000086e00000, 0x0000000086f00000, 0x0000000086f00000|100%|HC|  |TAMS 0x0000000086f00000| PB 0x0000000086e00000| Complete 
| 111|0x0000000086f00000, 0x0000000087000000, 0x0000000087000000|100%|HS|  |TAMS 0x0000000087000000| PB 0x0000000086f00000| Complete 
| 112|0x0000000087000000, 0x0000000087100000, 0x0000000087100000|100%|HC|  |TAMS 0x0000000087100000| PB 0x0000000087000000| Complete 
| 113|0x0000000087100000, 0x0000000087200000, 0x0000000087200000|100%|HS|  |TAMS 0x0000000087200000| PB 0x0000000087100000| Complete 
| 114|0x0000000087200000, 0x0000000087300000, 0x0000000087300000|100%|HC|  |TAMS 0x0000000087300000| PB 0x0000000087200000| Complete 
| 115|0x0000000087300000, 0x0000000087400000, 0x0000000087400000|100%|HS|  |TAMS 0x0000000087400000| PB 0x0000000087300000| Complete 
| 116|0x0000000087400000, 0x0000000087500000, 0x0000000087500000|100%| O|  |TAMS 0x0000000087500000| PB 0x0000000087500000| Updating 
| 117|0x0000000087500000, 0x0000000087600000, 0x0000000087600000|100%| O|  |TAMS 0x0000000087600000| PB 0x0000000087600000| Updating 
| 118|0x0000000087600000, 0x0000000087700000, 0x0000000087700000|100%|HS|  |TAMS 0x0000000087700000| PB 0x0000000087600000| Complete 
| 119|0x0000000087700000, 0x0000000087800000, 0x0000000087800000|100%|HC|  |TAMS 0x0000000087800000| PB 0x0000000087700000| Complete 
| 120|0x0000000087800000, 0x0000000087900000, 0x0000000087900000|100%|HC|  |TAMS 0x0000000087900000| PB 0x0000000087800000| Complete 
| 121|0x0000000087900000, 0x0000000087a00000, 0x0000000087a00000|100%|HC|  |TAMS 0x0000000087a00000| PB 0x0000000087900000| Complete 
| 122|0x0000000087a00000, 0x0000000087b00000, 0x0000000087b00000|100%|HC|  |TAMS 0x0000000087b00000| PB 0x0000000087a00000| Complete 
| 123|0x0000000087b00000, 0x0000000087c00000, 0x0000000087c00000|100%|HC|  |TAMS 0x0000000087c00000| PB 0x0000000087b00000| Complete 
| 124|0x0000000087c00000, 0x0000000087d00000, 0x0000000087d00000|100%| O|  |TAMS 0x0000000087d00000| PB 0x0000000087d00000| Updating 
| 125|0x0000000087d00000, 0x0000000087e00000, 0x0000000087e00000|100%| O|  |TAMS 0x0000000087e00000| PB 0x0000000087e00000| Updating 
| 126|0x0000000087e00000, 0x0000000087f00000, 0x0000000087f00000|100%| O|  |TAMS 0x0000000087f00000| PB 0x0000000087f00000| Updating 
| 127|0x0000000087f00000, 0x0000000088000000, 0x0000000088000000|100%| O|  |TAMS 0x0000000088000000| PB 0x0000000088000000| Untracked 
| 128|0x0000000088000000, 0x0000000088100000, 0x0000000088100000|100%| O|  |TAMS 0x0000000088100000| PB 0x0000000088100000| Updating 
| 129|0x0000000088100000, 0x0000000088200000, 0x0000000088200000|100%| O|  |TAMS 0x0000000088200000| PB 0x0000000088200000| Updating 
| 130|0x0000000088200000, 0x0000000088300000, 0x0000000088300000|100%| O|  |TAMS 0x0000000088200000| PB 0x0000000088200000| Untracked 
| 131|0x0000000088300000, 0x0000000088400000, 0x0000000088400000|100%| O|  |TAMS 0x0000000088400000| PB 0x0000000088400000| Updating 
| 132|0x0000000088400000, 0x0000000088500000, 0x0000000088500000|100%| O|  |TAMS 0x0000000088500000| PB 0x0000000088500000| Updating 
| 133|0x0000000088500000, 0x0000000088600000, 0x0000000088600000|100%| O|  |TAMS 0x0000000088600000| PB 0x0000000088600000| Updating 
| 134|0x0000000088600000, 0x0000000088700000, 0x0000000088700000|100%| O|  |TAMS 0x0000000088700000| PB 0x0000000088700000| Untracked 
| 135|0x0000000088700000, 0x0000000088700000, 0x0000000088800000|  0%| F|  |TAMS 0x0000000088700000| PB 0x0000000088700000| Untracked 
| 136|0x0000000088800000, 0x0000000088800000, 0x0000000088900000|  0%| F|  |TAMS 0x0000000088800000| PB 0x0000000088800000| Untracked 
| 137|0x0000000088900000, 0x0000000088900000, 0x0000000088a00000|  0%| F|  |TAMS 0x0000000088900000| PB 0x0000000088900000| Untracked 
| 138|0x0000000088a00000, 0x0000000088a00000, 0x0000000088b00000|  0%| F|  |TAMS 0x0000000088a00000| PB 0x0000000088a00000| Untracked 
| 139|0x0000000088b00000, 0x0000000088b00000, 0x0000000088c00000|  0%| F|  |TAMS 0x0000000088b00000| PB 0x0000000088b00000| Untracked 
| 140|0x0000000088c00000, 0x0000000088d00000, 0x0000000088d00000|100%| O|  |TAMS 0x0000000088d00000| PB 0x0000000088d00000| Updating 
| 141|0x0000000088d00000, 0x0000000088e00000, 0x0000000088e00000|100%| O|  |TAMS 0x0000000088e00000| PB 0x0000000088e00000| Updating 
| 142|0x0000000088e00000, 0x0000000088f00000, 0x0000000088f00000|100%| O|  |TAMS 0x0000000088e00000| PB 0x0000000088e00000| Untracked 
| 143|0x0000000088f00000, 0x0000000089000000, 0x0000000089000000|100%| O|  |TAMS 0x0000000089000000| PB 0x0000000089000000| Updating 
| 144|0x0000000089000000, 0x0000000089100000, 0x0000000089100000|100%| O|  |TAMS 0x0000000089100000| PB 0x0000000089100000| Updating 
| 145|0x0000000089100000, 0x0000000089100000, 0x0000000089200000|  0%| F|  |TAMS 0x0000000089100000| PB 0x0000000089100000| Untracked 
| 146|0x0000000089200000, 0x0000000089300000, 0x0000000089300000|100%| O|  |TAMS 0x0000000089300000| PB 0x0000000089300000| Updating 
| 147|0x0000000089300000, 0x0000000089400000, 0x0000000089400000|100%| O|  |TAMS 0x0000000089300000| PB 0x0000000089300000| Untracked 
| 148|0x0000000089400000, 0x0000000089500000, 0x0000000089500000|100%| O|  |TAMS 0x0000000089400000| PB 0x0000000089400000| Untracked 
| 149|0x0000000089500000, 0x0000000089600000, 0x0000000089600000|100%| O|  |TAMS 0x0000000089600000| PB 0x0000000089600000| Untracked 
| 150|0x0000000089600000, 0x0000000089600000, 0x0000000089700000|  0%| F|  |TAMS 0x0000000089600000| PB 0x0000000089600000| Untracked 
| 151|0x0000000089700000, 0x0000000089800000, 0x0000000089800000|100%| O|  |TAMS 0x0000000089800000| PB 0x0000000089800000| Updating 
| 152|0x0000000089800000, 0x0000000089900000, 0x0000000089900000|100%| O|  |TAMS 0x0000000089900000| PB 0x0000000089900000| Updating 
| 153|0x0000000089900000, 0x0000000089a00000, 0x0000000089a00000|100%| O|  |TAMS 0x0000000089a00000| PB 0x0000000089a00000| Updating 
| 154|0x0000000089a00000, 0x0000000089b00000, 0x0000000089b00000|100%| O|  |TAMS 0x0000000089b00000| PB 0x0000000089b00000| Updating 
| 155|0x0000000089b00000, 0x0000000089c00000, 0x0000000089c00000|100%| O|  |TAMS 0x0000000089c00000| PB 0x0000000089c00000| Updating 
| 156|0x0000000089c00000, 0x0000000089d00000, 0x0000000089d00000|100%| O|  |TAMS 0x0000000089d00000| PB 0x0000000089d00000| Updating 
| 157|0x0000000089d00000, 0x0000000089e00000, 0x0000000089e00000|100%| O|  |TAMS 0x0000000089e00000| PB 0x0000000089e00000| Updating 
| 158|0x0000000089e00000, 0x0000000089e00000, 0x0000000089f00000|  0%| F|  |TAMS 0x0000000089e00000| PB 0x0000000089e00000| Untracked 
| 159|0x0000000089f00000, 0x0000000089f00000, 0x000000008a000000|  0%| F|  |TAMS 0x0000000089f00000| PB 0x0000000089f00000| Untracked 
| 160|0x000000008a000000, 0x000000008a000000, 0x000000008a100000|  0%| F|  |TAMS 0x000000008a000000| PB 0x000000008a000000| Untracked 
| 161|0x000000008a100000, 0x000000008a200000, 0x000000008a200000|100%| O|  |TAMS 0x000000008a200000| PB 0x000000008a200000| Updating 
| 162|0x000000008a200000, 0x000000008a300000, 0x000000008a300000|100%| O|  |TAMS 0x000000008a300000| PB 0x000000008a300000| Updating 
| 163|0x000000008a300000, 0x000000008a400000, 0x000000008a400000|100%| O|  |TAMS 0x000000008a400000| PB 0x000000008a400000| Updating 
| 164|0x000000008a400000, 0x000000008a500000, 0x000000008a500000|100%| O|  |TAMS 0x000000008a500000| PB 0x000000008a500000| Updating 
| 165|0x000000008a500000, 0x000000008a600000, 0x000000008a600000|100%| O|  |TAMS 0x000000008a600000| PB 0x000000008a600000| Updating 
| 166|0x000000008a600000, 0x000000008a700000, 0x000000008a700000|100%| O|  |TAMS 0x000000008a700000| PB 0x000000008a700000| Updating 
| 167|0x000000008a700000, 0x000000008a800000, 0x000000008a800000|100%| O|  |TAMS 0x000000008a800000| PB 0x000000008a800000| Updating 
| 168|0x000000008a800000, 0x000000008a900000, 0x000000008a900000|100%| O|  |TAMS 0x000000008a900000| PB 0x000000008a900000| Updating 
| 169|0x000000008a900000, 0x000000008aa00000, 0x000000008aa00000|100%| O|  |TAMS 0x000000008aa00000| PB 0x000000008aa00000| Updating 
| 170|0x000000008aa00000, 0x000000008aa00000, 0x000000008ab00000|  0%| F|  |TAMS 0x000000008aa00000| PB 0x000000008aa00000| Untracked 
| 171|0x000000008ab00000, 0x000000008ac00000, 0x000000008ac00000|100%| O|  |TAMS 0x000000008ac00000| PB 0x000000008ac00000| Updating 
| 172|0x000000008ac00000, 0x000000008ac00000, 0x000000008ad00000|  0%| F|  |TAMS 0x000000008ac00000| PB 0x000000008ac00000| Untracked 
| 173|0x000000008ad00000, 0x000000008ae00000, 0x000000008ae00000|100%| O|  |TAMS 0x000000008ae00000| PB 0x000000008ae00000| Updating 
| 174|0x000000008ae00000, 0x000000008af00000, 0x000000008af00000|100%| O|  |TAMS 0x000000008af00000| PB 0x000000008af00000| Updating 
| 175|0x000000008af00000, 0x000000008b000000, 0x000000008b000000|100%| O|  |TAMS 0x000000008b000000| PB 0x000000008b000000| Updating 
| 176|0x000000008b000000, 0x000000008b100000, 0x000000008b100000|100%| O|  |TAMS 0x000000008b100000| PB 0x000000008b100000| Untracked 
| 177|0x000000008b100000, 0x000000008b200000, 0x000000008b200000|100%| O|  |TAMS 0x000000008b200000| PB 0x000000008b200000| Updating 
| 178|0x000000008b200000, 0x000000008b300000, 0x000000008b300000|100%| O|  |TAMS 0x000000008b300000| PB 0x000000008b300000| Updating 
| 179|0x000000008b300000, 0x000000008b400000, 0x000000008b400000|100%| O|  |TAMS 0x000000008b400000| PB 0x000000008b400000| Updating 
| 180|0x000000008b400000, 0x000000008b500000, 0x000000008b500000|100%| O|  |TAMS 0x000000008b500000| PB 0x000000008b500000| Updating 
| 181|0x000000008b500000, 0x000000008b600000, 0x000000008b600000|100%| O|  |TAMS 0x000000008b600000| PB 0x000000008b600000| Updating 
| 182|0x000000008b600000, 0x000000008b700000, 0x000000008b700000|100%| O|  |TAMS 0x000000008b700000| PB 0x000000008b700000| Updating 
| 183|0x000000008b700000, 0x000000008b800000, 0x000000008b800000|100%| O|  |TAMS 0x000000008b800000| PB 0x000000008b800000| Updating 
| 184|0x000000008b800000, 0x000000008b900000, 0x000000008b900000|100%| O|  |TAMS 0x000000008b900000| PB 0x000000008b900000| Updating 
| 185|0x000000008b900000, 0x000000008ba00000, 0x000000008ba00000|100%| O|  |TAMS 0x000000008ba00000| PB 0x000000008ba00000| Updating 
| 186|0x000000008ba00000, 0x000000008bb00000, 0x000000008bb00000|100%| O|  |TAMS 0x000000008bb00000| PB 0x000000008bb00000| Updating 
| 187|0x000000008bb00000, 0x000000008bb00000, 0x000000008bc00000|  0%| F|  |TAMS 0x000000008bb00000| PB 0x000000008bb00000| Untracked 
| 188|0x000000008bc00000, 0x000000008bc00000, 0x000000008bd00000|  0%| F|  |TAMS 0x000000008bc00000| PB 0x000000008bc00000| Untracked 
| 189|0x000000008bd00000, 0x000000008be00000, 0x000000008be00000|100%| O|  |TAMS 0x000000008be00000| PB 0x000000008be00000| Updating 
| 190|0x000000008be00000, 0x000000008bf00000, 0x000000008bf00000|100%| O|  |TAMS 0x000000008bf00000| PB 0x000000008bf00000| Updating 
| 191|0x000000008bf00000, 0x000000008c000000, 0x000000008c000000|100%| O|  |TAMS 0x000000008c000000| PB 0x000000008c000000| Updating 
| 192|0x000000008c000000, 0x000000008c100000, 0x000000008c100000|100%| O|  |TAMS 0x000000008c100000| PB 0x000000008c100000| Updating 
| 193|0x000000008c100000, 0x000000008c200000, 0x000000008c200000|100%| O|  |TAMS 0x000000008c200000| PB 0x000000008c200000| Updating 
| 194|0x000000008c200000, 0x000000008c300000, 0x000000008c300000|100%| O|  |TAMS 0x000000008c300000| PB 0x000000008c300000| Updating 
| 195|0x000000008c300000, 0x000000008c300000, 0x000000008c400000|  0%| F|  |TAMS 0x000000008c300000| PB 0x000000008c300000| Untracked 
| 196|0x000000008c400000, 0x000000008c500000, 0x000000008c500000|100%| O|  |TAMS 0x000000008c500000| PB 0x000000008c500000| Updating 
| 197|0x000000008c500000, 0x000000008c500000, 0x000000008c600000|  0%| F|  |TAMS 0x000000008c500000| PB 0x000000008c500000| Untracked 
| 198|0x000000008c600000, 0x000000008c700000, 0x000000008c700000|100%| O|  |TAMS 0x000000008c700000| PB 0x000000008c700000| Updating 
| 199|0x000000008c700000, 0x000000008c800000, 0x000000008c800000|100%| O|  |TAMS 0x000000008c800000| PB 0x000000008c800000| Updating 
| 200|0x000000008c800000, 0x000000008c900000, 0x000000008c900000|100%| O|  |TAMS 0x000000008c900000| PB 0x000000008c900000| Updating 
| 201|0x000000008c900000, 0x000000008ca00000, 0x000000008ca00000|100%| O|  |TAMS 0x000000008ca00000| PB 0x000000008ca00000| Updating 
| 202|0x000000008ca00000, 0x000000008cb00000, 0x000000008cb00000|100%| O|  |TAMS 0x000000008cb00000| PB 0x000000008cb00000| Updating 
| 203|0x000000008cb00000, 0x000000008cc00000, 0x000000008cc00000|100%| O|  |TAMS 0x000000008cb00000| PB 0x000000008cb00000| Untracked 
| 204|0x000000008cc00000, 0x000000008cd00000, 0x000000008cd00000|100%| O|  |TAMS 0x000000008cd00000| PB 0x000000008cd00000| Untracked 
| 205|0x000000008cd00000, 0x000000008ce00000, 0x000000008ce00000|100%| O|  |TAMS 0x000000008ce00000| PB 0x000000008ce00000| Untracked 
| 206|0x000000008ce00000, 0x000000008cf00000, 0x000000008cf00000|100%| O|  |TAMS 0x000000008cf00000| PB 0x000000008cf00000| Updating 
| 207|0x000000008cf00000, 0x000000008d000000, 0x000000008d000000|100%| O|  |TAMS 0x000000008d000000| PB 0x000000008d000000| Updating 
| 208|0x000000008d000000, 0x000000008d000000, 0x000000008d100000|  0%| F|  |TAMS 0x000000008d000000| PB 0x000000008d000000| Untracked 
| 209|0x000000008d100000, 0x000000008d200000, 0x000000008d200000|100%| O|  |TAMS 0x000000008d200000| PB 0x000000008d200000| Untracked 
| 210|0x000000008d200000, 0x000000008d300000, 0x000000008d300000|100%| O|  |TAMS 0x000000008d300000| PB 0x000000008d300000| Updating 
| 211|0x000000008d300000, 0x000000008d400000, 0x000000008d400000|100%| O|  |TAMS 0x000000008d400000| PB 0x000000008d400000| Untracked 
| 212|0x000000008d400000, 0x000000008d500000, 0x000000008d500000|100%| O|  |TAMS 0x000000008d500000| PB 0x000000008d500000| Untracked 
| 213|0x000000008d500000, 0x000000008d600000, 0x000000008d600000|100%| O|  |TAMS 0x000000008d600000| PB 0x000000008d600000| Updating 
| 214|0x000000008d600000, 0x000000008d700000, 0x000000008d700000|100%| O|  |TAMS 0x000000008d700000| PB 0x000000008d700000| Updating 
| 215|0x000000008d700000, 0x000000008d800000, 0x000000008d800000|100%| O|  |TAMS 0x000000008d800000| PB 0x000000008d800000| Updating 
| 216|0x000000008d800000, 0x000000008d900000, 0x000000008d900000|100%| O|  |TAMS 0x000000008d900000| PB 0x000000008d900000| Untracked 
| 217|0x000000008d900000, 0x000000008da00000, 0x000000008da00000|100%| O|  |TAMS 0x000000008da00000| PB 0x000000008da00000| Untracked 
| 218|0x000000008da00000, 0x000000008db00000, 0x000000008db00000|100%| O|  |TAMS 0x000000008db00000| PB 0x000000008db00000| Untracked 
| 219|0x000000008db00000, 0x000000008dc00000, 0x000000008dc00000|100%| O|  |TAMS 0x000000008dc00000| PB 0x000000008dc00000| Untracked 
| 220|0x000000008dc00000, 0x000000008dd00000, 0x000000008dd00000|100%| O|  |TAMS 0x000000008dd00000| PB 0x000000008dd00000| Untracked 
| 221|0x000000008dd00000, 0x000000008de00000, 0x000000008de00000|100%| O|  |TAMS 0x000000008de00000| PB 0x000000008de00000| Updating 
| 222|0x000000008de00000, 0x000000008df00000, 0x000000008df00000|100%| O|  |TAMS 0x000000008df00000| PB 0x000000008df00000| Updating 
| 223|0x000000008df00000, 0x000000008e000000, 0x000000008e000000|100%|HS|  |TAMS 0x000000008e000000| PB 0x000000008df00000| Complete 
| 224|0x000000008e000000, 0x000000008e100000, 0x000000008e100000|100%|HS|  |TAMS 0x000000008e100000| PB 0x000000008e000000| Complete 
| 225|0x000000008e100000, 0x000000008e200000, 0x000000008e200000|100%| O|  |TAMS 0x000000008e200000| PB 0x000000008e200000| Untracked 
| 226|0x000000008e200000, 0x000000008e300000, 0x000000008e300000|100%| O|  |TAMS 0x000000008e300000| PB 0x000000008e300000| Untracked 
| 227|0x000000008e300000, 0x000000008e400000, 0x000000008e400000|100%| O|  |TAMS 0x000000008e400000| PB 0x000000008e400000| Untracked 
| 228|0x000000008e400000, 0x000000008e500000, 0x000000008e500000|100%| O|  |TAMS 0x000000008e500000| PB 0x000000008e500000| Untracked 
| 229|0x000000008e500000, 0x000000008e600000, 0x000000008e600000|100%| O|  |TAMS 0x000000008e600000| PB 0x000000008e600000| Untracked 
| 230|0x000000008e600000, 0x000000008e700000, 0x000000008e700000|100%| O|  |TAMS 0x000000008e700000| PB 0x000000008e700000| Untracked 
| 231|0x000000008e700000, 0x000000008e800000, 0x000000008e800000|100%| O|  |TAMS 0x000000008e800000| PB 0x000000008e800000| Untracked 
| 232|0x000000008e800000, 0x000000008e900000, 0x000000008e900000|100%| O|  |TAMS 0x000000008e900000| PB 0x000000008e900000| Untracked 
| 233|0x000000008e900000, 0x000000008ea00000, 0x000000008ea00000|100%| O|  |TAMS 0x000000008ea00000| PB 0x000000008ea00000| Untracked 
| 234|0x000000008ea00000, 0x000000008eb00000, 0x000000008eb00000|100%| O|  |TAMS 0x000000008eb00000| PB 0x000000008eb00000| Untracked 
| 235|0x000000008eb00000, 0x000000008ec00000, 0x000000008ec00000|100%| O|  |TAMS 0x000000008ec00000| PB 0x000000008ec00000| Untracked 
| 236|0x000000008ec00000, 0x000000008ed00000, 0x000000008ed00000|100%| O|  |TAMS 0x000000008ed00000| PB 0x000000008ed00000| Untracked 
| 237|0x000000008ed00000, 0x000000008ee00000, 0x000000008ee00000|100%| O|  |TAMS 0x000000008ee00000| PB 0x000000008ee00000| Untracked 
| 238|0x000000008ee00000, 0x000000008ef00000, 0x000000008ef00000|100%| O|  |TAMS 0x000000008ef00000| PB 0x000000008ef00000| Untracked 
| 239|0x000000008ef00000, 0x000000008f000000, 0x000000008f000000|100%| O|  |TAMS 0x000000008f000000| PB 0x000000008f000000| Untracked 
| 240|0x000000008f000000, 0x000000008f100000, 0x000000008f100000|100%| O|  |TAMS 0x000000008f100000| PB 0x000000008f100000| Untracked 
| 241|0x000000008f100000, 0x000000008f200000, 0x000000008f200000|100%| O|  |TAMS 0x000000008f200000| PB 0x000000008f200000| Untracked 
| 242|0x000000008f200000, 0x000000008f300000, 0x000000008f300000|100%| O|  |TAMS 0x000000008f300000| PB 0x000000008f300000| Untracked 
| 243|0x000000008f300000, 0x000000008f400000, 0x000000008f400000|100%| O|  |TAMS 0x000000008f400000| PB 0x000000008f400000| Untracked 
| 244|0x000000008f400000, 0x000000008f500000, 0x000000008f500000|100%| O|  |TAMS 0x000000008f500000| PB 0x000000008f500000| Untracked 
| 245|0x000000008f500000, 0x000000008f600000, 0x000000008f600000|100%| O|  |TAMS 0x000000008f600000| PB 0x000000008f600000| Untracked 
| 246|0x000000008f600000, 0x000000008f700000, 0x000000008f700000|100%| O|  |TAMS 0x000000008f700000| PB 0x000000008f700000| Untracked 
| 247|0x000000008f700000, 0x000000008f800000, 0x000000008f800000|100%| O|  |TAMS 0x000000008f800000| PB 0x000000008f800000| Updating 
| 248|0x000000008f800000, 0x000000008f900000, 0x000000008f900000|100%| O|  |TAMS 0x000000008f900000| PB 0x000000008f900000| Updating 
| 249|0x000000008f900000, 0x000000008fa00000, 0x000000008fa00000|100%| O|  |TAMS 0x000000008fa00000| PB 0x000000008fa00000| Updating 
| 250|0x000000008fa00000, 0x000000008fb00000, 0x000000008fb00000|100%| O|  |TAMS 0x000000008fb00000| PB 0x000000008fb00000| Untracked 
| 251|0x000000008fb00000, 0x000000008fc00000, 0x000000008fc00000|100%| O|  |TAMS 0x000000008fc00000| PB 0x000000008fc00000| Untracked 
| 252|0x000000008fc00000, 0x000000008fd00000, 0x000000008fd00000|100%| O|  |TAMS 0x000000008fd00000| PB 0x000000008fd00000| Untracked 
| 253|0x000000008fd00000, 0x000000008fe00000, 0x000000008fe00000|100%| O|  |TAMS 0x000000008fe00000| PB 0x000000008fe00000| Untracked 
| 254|0x000000008fe00000, 0x000000008ff00000, 0x000000008ff00000|100%| O|  |TAMS 0x000000008ff00000| PB 0x000000008ff00000| Untracked 
| 255|0x000000008ff00000, 0x0000000090000000, 0x0000000090000000|100%| O|  |TAMS 0x0000000090000000| PB 0x0000000090000000| Updating 
| 256|0x0000000090000000, 0x0000000090100000, 0x0000000090100000|100%| O|  |TAMS 0x0000000090100000| PB 0x0000000090100000| Updating 
| 257|0x0000000090100000, 0x0000000090200000, 0x0000000090200000|100%| O|  |TAMS 0x0000000090200000| PB 0x0000000090200000| Updating 
| 258|0x0000000090200000, 0x0000000090300000, 0x0000000090300000|100%| O|  |TAMS 0x0000000090300000| PB 0x0000000090300000| Updating 
| 259|0x0000000090300000, 0x0000000090400000, 0x0000000090400000|100%| O|  |TAMS 0x0000000090400000| PB 0x0000000090400000| Updating 
| 260|0x0000000090400000, 0x0000000090500000, 0x0000000090500000|100%| O|  |TAMS 0x0000000090500000| PB 0x0000000090500000| Untracked 
| 261|0x0000000090500000, 0x0000000090600000, 0x0000000090600000|100%| O|  |TAMS 0x0000000090600000| PB 0x0000000090600000| Untracked 
| 262|0x0000000090600000, 0x0000000090700000, 0x0000000090700000|100%| O|  |TAMS 0x0000000090700000| PB 0x0000000090700000| Untracked 
| 263|0x0000000090700000, 0x0000000090800000, 0x0000000090800000|100%| O|  |TAMS 0x0000000090800000| PB 0x0000000090800000| Updating 
| 264|0x0000000090800000, 0x0000000090900000, 0x0000000090900000|100%| O|  |TAMS 0x0000000090900000| PB 0x0000000090900000| Untracked 
| 265|0x0000000090900000, 0x0000000090a00000, 0x0000000090a00000|100%| O|  |TAMS 0x0000000090a00000| PB 0x0000000090a00000| Untracked 
| 266|0x0000000090a00000, 0x0000000090b00000, 0x0000000090b00000|100%| O|  |TAMS 0x0000000090b00000| PB 0x0000000090b00000| Untracked 
| 267|0x0000000090b00000, 0x0000000090c00000, 0x0000000090c00000|100%| O|  |TAMS 0x0000000090c00000| PB 0x0000000090c00000| Untracked 
| 268|0x0000000090c00000, 0x0000000090d00000, 0x0000000090d00000|100%| O|  |TAMS 0x0000000090d00000| PB 0x0000000090d00000| Updating 
| 269|0x0000000090d00000, 0x0000000090e00000, 0x0000000090e00000|100%| O|  |TAMS 0x0000000090e00000| PB 0x0000000090e00000| Untracked 
| 270|0x0000000090e00000, 0x0000000090f00000, 0x0000000090f00000|100%| O|  |TAMS 0x0000000090f00000| PB 0x0000000090f00000| Updating 
| 271|0x0000000090f00000, 0x0000000091000000, 0x0000000091000000|100%| O|  |TAMS 0x0000000091000000| PB 0x0000000091000000| Updating 
| 272|0x0000000091000000, 0x0000000091100000, 0x0000000091100000|100%| O|  |TAMS 0x0000000091100000| PB 0x0000000091100000| Untracked 
| 273|0x0000000091100000, 0x0000000091200000, 0x0000000091200000|100%| O|  |TAMS 0x0000000091200000| PB 0x0000000091200000| Untracked 
| 274|0x0000000091200000, 0x0000000091300000, 0x0000000091300000|100%| O|  |TAMS 0x0000000091300000| PB 0x0000000091300000| Untracked 
| 275|0x0000000091300000, 0x0000000091400000, 0x0000000091400000|100%| O|  |TAMS 0x0000000091400000| PB 0x0000000091400000| Updating 
| 276|0x0000000091400000, 0x0000000091500000, 0x0000000091500000|100%| O|  |TAMS 0x0000000091500000| PB 0x0000000091500000| Untracked 
| 277|0x0000000091500000, 0x0000000091600000, 0x0000000091600000|100%| O|  |TAMS 0x0000000091600000| PB 0x0000000091600000| Updating 
| 278|0x0000000091600000, 0x0000000091700000, 0x0000000091700000|100%| O|  |TAMS 0x000000009164efa0| PB 0x000000009164efa0| Updating 
| 279|0x0000000091700000, 0x0000000091800000, 0x0000000091800000|100%| O|  |TAMS 0x0000000091700000| PB 0x0000000091700000| Untracked 
| 280|0x0000000091800000, 0x0000000091900000, 0x0000000091900000|100%| O|  |TAMS 0x0000000091800000| PB 0x0000000091800000| Untracked 
| 281|0x0000000091900000, 0x0000000091a00000, 0x0000000091a00000|100%| O|  |TAMS 0x0000000091900000| PB 0x0000000091900000| Untracked 
| 282|0x0000000091a00000, 0x0000000091b00000, 0x0000000091b00000|100%| O|  |TAMS 0x0000000091a00000| PB 0x0000000091a00000| Untracked 
| 283|0x0000000091b00000, 0x0000000091c00000, 0x0000000091c00000|100%| O|  |TAMS 0x0000000091b00000| PB 0x0000000091b00000| Untracked 
| 284|0x0000000091c00000, 0x0000000091d00000, 0x0000000091d00000|100%| O|  |TAMS 0x0000000091c00000| PB 0x0000000091c00000| Untracked 
| 285|0x0000000091d00000, 0x0000000091d40840, 0x0000000091e00000| 25%| O|  |TAMS 0x0000000091d00000| PB 0x0000000091d00000| Updating 
| 286|0x0000000091e00000, 0x0000000091e00000, 0x0000000091f00000|  0%| F|  |TAMS 0x0000000091e00000| PB 0x0000000091e00000| Untracked 
| 287|0x0000000091f00000, 0x0000000091f00000, 0x0000000092000000|  0%| F|  |TAMS 0x0000000091f00000| PB 0x0000000091f00000| Untracked 
| 288|0x0000000092000000, 0x0000000092000000, 0x0000000092100000|  0%| F|  |TAMS 0x0000000092000000| PB 0x0000000092000000| Untracked 
| 289|0x0000000092100000, 0x0000000092100000, 0x0000000092200000|  0%| F|  |TAMS 0x0000000092100000| PB 0x0000000092100000| Untracked 
| 290|0x0000000092200000, 0x0000000092200000, 0x0000000092300000|  0%| F|  |TAMS 0x0000000092200000| PB 0x0000000092200000| Untracked 
| 291|0x0000000092300000, 0x0000000092300000, 0x0000000092400000|  0%| F|  |TAMS 0x0000000092300000| PB 0x0000000092300000| Untracked 
| 292|0x0000000092400000, 0x0000000092400000, 0x0000000092500000|  0%| F|  |TAMS 0x0000000092400000| PB 0x0000000092400000| Untracked 
| 293|0x0000000092500000, 0x0000000092500000, 0x0000000092600000|  0%| F|  |TAMS 0x0000000092500000| PB 0x0000000092500000| Untracked 
| 294|0x0000000092600000, 0x0000000092600000, 0x0000000092700000|  0%| F|  |TAMS 0x0000000092600000| PB 0x0000000092600000| Untracked 
| 295|0x0000000092700000, 0x0000000092700000, 0x0000000092800000|  0%| F|  |TAMS 0x0000000092700000| PB 0x0000000092700000| Untracked 
| 296|0x0000000092800000, 0x0000000092800000, 0x0000000092900000|  0%| F|  |TAMS 0x0000000092800000| PB 0x0000000092800000| Untracked 
| 297|0x0000000092900000, 0x0000000092900000, 0x0000000092a00000|  0%| F|  |TAMS 0x0000000092900000| PB 0x0000000092900000| Untracked 
| 298|0x0000000092a00000, 0x0000000092a00000, 0x0000000092b00000|  0%| F|  |TAMS 0x0000000092a00000| PB 0x0000000092a00000| Untracked 
| 299|0x0000000092b00000, 0x0000000092b00000, 0x0000000092c00000|  0%| F|  |TAMS 0x0000000092b00000| PB 0x0000000092b00000| Untracked 
| 300|0x0000000092c00000, 0x0000000092c00000, 0x0000000092d00000|  0%| F|  |TAMS 0x0000000092c00000| PB 0x0000000092c00000| Untracked 
| 301|0x0000000092d00000, 0x0000000092d00000, 0x0000000092e00000|  0%| F|  |TAMS 0x0000000092d00000| PB 0x0000000092d00000| Untracked 
| 302|0x0000000092e00000, 0x0000000092e00000, 0x0000000092f00000|  0%| F|  |TAMS 0x0000000092e00000| PB 0x0000000092e00000| Untracked 
| 303|0x0000000092f00000, 0x0000000092f00000, 0x0000000093000000|  0%| F|  |TAMS 0x0000000092f00000| PB 0x0000000092f00000| Untracked 
| 304|0x0000000093000000, 0x0000000093000000, 0x0000000093100000|  0%| F|  |TAMS 0x0000000093000000| PB 0x0000000093000000| Untracked 
| 305|0x0000000093100000, 0x0000000093100000, 0x0000000093200000|  0%| F|  |TAMS 0x0000000093100000| PB 0x0000000093100000| Untracked 
| 306|0x0000000093200000, 0x0000000093200000, 0x0000000093300000|  0%| F|  |TAMS 0x0000000093200000| PB 0x0000000093200000| Untracked 
| 307|0x0000000093300000, 0x0000000093300000, 0x0000000093400000|  0%| F|  |TAMS 0x0000000093300000| PB 0x0000000093300000| Untracked 
| 308|0x0000000093400000, 0x0000000093400000, 0x0000000093500000|  0%| F|  |TAMS 0x0000000093400000| PB 0x0000000093400000| Untracked 
| 309|0x0000000093500000, 0x0000000093500000, 0x0000000093600000|  0%| F|  |TAMS 0x0000000093500000| PB 0x0000000093500000| Untracked 
| 310|0x0000000093600000, 0x0000000093600000, 0x0000000093700000|  0%| F|  |TAMS 0x0000000093600000| PB 0x0000000093600000| Untracked 
| 311|0x0000000093700000, 0x0000000093700000, 0x0000000093800000|  0%| F|  |TAMS 0x0000000093700000| PB 0x0000000093700000| Untracked 
| 312|0x0000000093800000, 0x0000000093800000, 0x0000000093900000|  0%| F|  |TAMS 0x0000000093800000| PB 0x0000000093800000| Untracked 
| 313|0x0000000093900000, 0x0000000093900000, 0x0000000093a00000|  0%| F|  |TAMS 0x0000000093900000| PB 0x0000000093900000| Untracked 
| 314|0x0000000093a00000, 0x0000000093a00000, 0x0000000093b00000|  0%| F|  |TAMS 0x0000000093a00000| PB 0x0000000093a00000| Untracked 
| 315|0x0000000093b00000, 0x0000000093b00000, 0x0000000093c00000|  0%| F|  |TAMS 0x0000000093b00000| PB 0x0000000093b00000| Untracked 
| 316|0x0000000093c00000, 0x0000000093c00000, 0x0000000093d00000|  0%| F|  |TAMS 0x0000000093c00000| PB 0x0000000093c00000| Untracked 
| 317|0x0000000093d00000, 0x0000000093d00000, 0x0000000093e00000|  0%| F|  |TAMS 0x0000000093d00000| PB 0x0000000093d00000| Untracked 
| 318|0x0000000093e00000, 0x0000000093e00000, 0x0000000093f00000|  0%| F|  |TAMS 0x0000000093e00000| PB 0x0000000093e00000| Untracked 
| 319|0x0000000093f00000, 0x0000000093f00000, 0x0000000094000000|  0%| F|  |TAMS 0x0000000093f00000| PB 0x0000000093f00000| Untracked 
| 320|0x0000000094000000, 0x0000000094000000, 0x0000000094100000|  0%| F|  |TAMS 0x0000000094000000| PB 0x0000000094000000| Untracked 
| 321|0x0000000094100000, 0x0000000094100000, 0x0000000094200000|  0%| F|  |TAMS 0x0000000094100000| PB 0x0000000094100000| Untracked 
| 322|0x0000000094200000, 0x0000000094200000, 0x0000000094300000|  0%| F|  |TAMS 0x0000000094200000| PB 0x0000000094200000| Untracked 
| 323|0x0000000094300000, 0x0000000094300000, 0x0000000094400000|  0%| F|  |TAMS 0x0000000094300000| PB 0x0000000094300000| Untracked 
| 324|0x0000000094400000, 0x0000000094400000, 0x0000000094500000|  0%| F|  |TAMS 0x0000000094400000| PB 0x0000000094400000| Untracked 
| 325|0x0000000094500000, 0x0000000094500000, 0x0000000094600000|  0%| F|  |TAMS 0x0000000094500000| PB 0x0000000094500000| Untracked 
| 326|0x0000000094600000, 0x0000000094600000, 0x0000000094700000|  0%| F|  |TAMS 0x0000000094600000| PB 0x0000000094600000| Untracked 
| 327|0x0000000094700000, 0x0000000094700000, 0x0000000094800000|  0%| F|  |TAMS 0x0000000094700000| PB 0x0000000094700000| Untracked 
| 328|0x0000000094800000, 0x0000000094800000, 0x0000000094900000|  0%| F|  |TAMS 0x0000000094800000| PB 0x0000000094800000| Untracked 
| 329|0x0000000094900000, 0x0000000094900000, 0x0000000094a00000|  0%| F|  |TAMS 0x0000000094900000| PB 0x0000000094900000| Untracked 
| 330|0x0000000094a00000, 0x0000000094a00000, 0x0000000094b00000|  0%| F|  |TAMS 0x0000000094a00000| PB 0x0000000094a00000| Untracked 
| 331|0x0000000094b00000, 0x0000000094b00000, 0x0000000094c00000|  0%| F|  |TAMS 0x0000000094b00000| PB 0x0000000094b00000| Untracked 
| 332|0x0000000094c00000, 0x0000000094c00000, 0x0000000094d00000|  0%| F|  |TAMS 0x0000000094c00000| PB 0x0000000094c00000| Untracked 
| 333|0x0000000094d00000, 0x0000000094d00000, 0x0000000094e00000|  0%| F|  |TAMS 0x0000000094d00000| PB 0x0000000094d00000| Untracked 
| 334|0x0000000094e00000, 0x0000000094efeb28, 0x0000000094f00000| 99%| S|CS|TAMS 0x0000000094e00000| PB 0x0000000094e00000| Complete 
| 335|0x0000000094f00000, 0x0000000095000000, 0x0000000095000000|100%| S|CS|TAMS 0x0000000094f00000| PB 0x0000000094f00000| Complete 
| 336|0x0000000095000000, 0x0000000095100000, 0x0000000095100000|100%| S|CS|TAMS 0x0000000095000000| PB 0x0000000095000000| Complete 
| 337|0x0000000095100000, 0x0000000095200000, 0x0000000095200000|100%| S|CS|TAMS 0x0000000095100000| PB 0x0000000095100000| Complete 
| 338|0x0000000095200000, 0x0000000095200000, 0x0000000095300000|  0%| F|  |TAMS 0x0000000095200000| PB 0x0000000095200000| Untracked 
| 339|0x0000000095300000, 0x0000000095300000, 0x0000000095400000|  0%| F|  |TAMS 0x0000000095300000| PB 0x0000000095300000| Untracked 
| 340|0x0000000095400000, 0x0000000095400000, 0x0000000095500000|  0%| F|  |TAMS 0x0000000095400000| PB 0x0000000095400000| Untracked 
| 341|0x0000000095500000, 0x0000000095500000, 0x0000000095600000|  0%| F|  |TAMS 0x0000000095500000| PB 0x0000000095500000| Untracked 
| 342|0x0000000095600000, 0x0000000095600000, 0x0000000095700000|  0%| F|  |TAMS 0x0000000095600000| PB 0x0000000095600000| Untracked 
| 343|0x0000000095700000, 0x0000000095700000, 0x0000000095800000|  0%| F|  |TAMS 0x0000000095700000| PB 0x0000000095700000| Untracked 
| 344|0x0000000095800000, 0x0000000095800000, 0x0000000095900000|  0%| F|  |TAMS 0x0000000095800000| PB 0x0000000095800000| Untracked 
| 345|0x0000000095900000, 0x0000000095900000, 0x0000000095a00000|  0%| F|  |TAMS 0x0000000095900000| PB 0x0000000095900000| Untracked 
| 346|0x0000000095a00000, 0x0000000095a00000, 0x0000000095b00000|  0%| F|  |TAMS 0x0000000095a00000| PB 0x0000000095a00000| Untracked 
| 347|0x0000000095b00000, 0x0000000095b00000, 0x0000000095c00000|  0%| F|  |TAMS 0x0000000095b00000| PB 0x0000000095b00000| Untracked 
| 348|0x0000000095c00000, 0x0000000095c00000, 0x0000000095d00000|  0%| F|  |TAMS 0x0000000095c00000| PB 0x0000000095c00000| Untracked 
| 349|0x0000000095d00000, 0x0000000095d00000, 0x0000000095e00000|  0%| F|  |TAMS 0x0000000095d00000| PB 0x0000000095d00000| Untracked 
| 350|0x0000000095e00000, 0x0000000095e00000, 0x0000000095f00000|  0%| F|  |TAMS 0x0000000095e00000| PB 0x0000000095e00000| Untracked 
| 351|0x0000000095f00000, 0x0000000095f00000, 0x0000000096000000|  0%| F|  |TAMS 0x0000000095f00000| PB 0x0000000095f00000| Untracked 
| 352|0x0000000096000000, 0x0000000096000000, 0x0000000096100000|  0%| F|  |TAMS 0x0000000096000000| PB 0x0000000096000000| Untracked 
| 353|0x0000000096100000, 0x0000000096100000, 0x0000000096200000|  0%| F|  |TAMS 0x0000000096100000| PB 0x0000000096100000| Untracked 
| 354|0x0000000096200000, 0x0000000096200000, 0x0000000096300000|  0%| F|  |TAMS 0x0000000096200000| PB 0x0000000096200000| Untracked 
| 355|0x0000000096300000, 0x0000000096300000, 0x0000000096400000|  0%| F|  |TAMS 0x0000000096300000| PB 0x0000000096300000| Untracked 
| 356|0x0000000096400000, 0x0000000096400000, 0x0000000096500000|  0%| F|  |TAMS 0x0000000096400000| PB 0x0000000096400000| Untracked 
| 357|0x0000000096500000, 0x0000000096500000, 0x0000000096600000|  0%| F|  |TAMS 0x0000000096500000| PB 0x0000000096500000| Untracked 
| 358|0x0000000096600000, 0x0000000096600000, 0x0000000096700000|  0%| F|  |TAMS 0x0000000096600000| PB 0x0000000096600000| Untracked 
| 359|0x0000000096700000, 0x0000000096700000, 0x0000000096800000|  0%| F|  |TAMS 0x0000000096700000| PB 0x0000000096700000| Untracked 
| 360|0x0000000096800000, 0x0000000096800000, 0x0000000096900000|  0%| F|  |TAMS 0x0000000096800000| PB 0x0000000096800000| Untracked 
| 361|0x0000000096900000, 0x0000000096900000, 0x0000000096a00000|  0%| F|  |TAMS 0x0000000096900000| PB 0x0000000096900000| Untracked 
| 362|0x0000000096a00000, 0x0000000096a00000, 0x0000000096b00000|  0%| F|  |TAMS 0x0000000096a00000| PB 0x0000000096a00000| Untracked 
| 363|0x0000000096b00000, 0x0000000096b00000, 0x0000000096c00000|  0%| F|  |TAMS 0x0000000096b00000| PB 0x0000000096b00000| Untracked 
| 364|0x0000000096c00000, 0x0000000096c00000, 0x0000000096d00000|  0%| F|  |TAMS 0x0000000096c00000| PB 0x0000000096c00000| Untracked 
| 365|0x0000000096d00000, 0x0000000096d00000, 0x0000000096e00000|  0%| F|  |TAMS 0x0000000096d00000| PB 0x0000000096d00000| Untracked 
| 366|0x0000000096e00000, 0x0000000096e00000, 0x0000000096f00000|  0%| F|  |TAMS 0x0000000096e00000| PB 0x0000000096e00000| Untracked 
| 367|0x0000000096f00000, 0x0000000096f00000, 0x0000000097000000|  0%| F|  |TAMS 0x0000000096f00000| PB 0x0000000096f00000| Untracked 
| 368|0x0000000097000000, 0x0000000097000000, 0x0000000097100000|  0%| F|  |TAMS 0x0000000097000000| PB 0x0000000097000000| Untracked 
| 369|0x0000000097100000, 0x0000000097100000, 0x0000000097200000|  0%| F|  |TAMS 0x0000000097100000| PB 0x0000000097100000| Untracked 
| 370|0x0000000097200000, 0x0000000097200000, 0x0000000097300000|  0%| F|  |TAMS 0x0000000097200000| PB 0x0000000097200000| Untracked 
| 371|0x0000000097300000, 0x0000000097300000, 0x0000000097400000|  0%| F|  |TAMS 0x0000000097300000| PB 0x0000000097300000| Untracked 
| 372|0x0000000097400000, 0x0000000097400000, 0x0000000097500000|  0%| F|  |TAMS 0x0000000097400000| PB 0x0000000097400000| Untracked 
| 373|0x0000000097500000, 0x0000000097500000, 0x0000000097600000|  0%| F|  |TAMS 0x0000000097500000| PB 0x0000000097500000| Untracked 
| 374|0x0000000097600000, 0x0000000097600000, 0x0000000097700000|  0%| F|  |TAMS 0x0000000097600000| PB 0x0000000097600000| Untracked 
| 375|0x0000000097700000, 0x0000000097700000, 0x0000000097800000|  0%| F|  |TAMS 0x0000000097700000| PB 0x0000000097700000| Untracked 
| 376|0x0000000097800000, 0x0000000097800000, 0x0000000097900000|  0%| F|  |TAMS 0x0000000097800000| PB 0x0000000097800000| Untracked 
| 377|0x0000000097900000, 0x0000000097900000, 0x0000000097a00000|  0%| F|  |TAMS 0x0000000097900000| PB 0x0000000097900000| Untracked 
| 378|0x0000000097a00000, 0x0000000097a00000, 0x0000000097b00000|  0%| F|  |TAMS 0x0000000097a00000| PB 0x0000000097a00000| Untracked 
| 379|0x0000000097b00000, 0x0000000097b00000, 0x0000000097c00000|  0%| F|  |TAMS 0x0000000097b00000| PB 0x0000000097b00000| Untracked 
| 380|0x0000000097c00000, 0x0000000097c00000, 0x0000000097d00000|  0%| F|  |TAMS 0x0000000097c00000| PB 0x0000000097c00000| Untracked 
| 381|0x0000000097d00000, 0x0000000097d00000, 0x0000000097e00000|  0%| F|  |TAMS 0x0000000097d00000| PB 0x0000000097d00000| Untracked 
| 382|0x0000000097e00000, 0x0000000097e00000, 0x0000000097f00000|  0%| F|  |TAMS 0x0000000097e00000| PB 0x0000000097e00000| Untracked 
| 383|0x0000000097f00000, 0x0000000097f00000, 0x0000000098000000|  0%| F|  |TAMS 0x0000000097f00000| PB 0x0000000097f00000| Untracked 
| 384|0x0000000098000000, 0x0000000098000000, 0x0000000098100000|  0%| F|  |TAMS 0x0000000098000000| PB 0x0000000098000000| Untracked 
| 385|0x0000000098100000, 0x0000000098100000, 0x0000000098200000|  0%| F|  |TAMS 0x0000000098100000| PB 0x0000000098100000| Untracked 
| 386|0x0000000098200000, 0x0000000098200000, 0x0000000098300000|  0%| F|  |TAMS 0x0000000098200000| PB 0x0000000098200000| Untracked 
| 387|0x0000000098300000, 0x0000000098300000, 0x0000000098400000|  0%| F|  |TAMS 0x0000000098300000| PB 0x0000000098300000| Untracked 
| 388|0x0000000098400000, 0x0000000098400000, 0x0000000098500000|  0%| F|  |TAMS 0x0000000098400000| PB 0x0000000098400000| Untracked 
| 389|0x0000000098500000, 0x0000000098500000, 0x0000000098600000|  0%| F|  |TAMS 0x0000000098500000| PB 0x0000000098500000| Untracked 
| 390|0x0000000098600000, 0x0000000098600000, 0x0000000098700000|  0%| F|  |TAMS 0x0000000098600000| PB 0x0000000098600000| Untracked 
| 391|0x0000000098700000, 0x0000000098700000, 0x0000000098800000|  0%| F|  |TAMS 0x0000000098700000| PB 0x0000000098700000| Untracked 
| 392|0x0000000098800000, 0x0000000098800000, 0x0000000098900000|  0%| F|  |TAMS 0x0000000098800000| PB 0x0000000098800000| Untracked 
| 393|0x0000000098900000, 0x0000000098900000, 0x0000000098a00000|  0%| F|  |TAMS 0x0000000098900000| PB 0x0000000098900000| Untracked 
| 394|0x0000000098a00000, 0x0000000098a00000, 0x0000000098b00000|  0%| F|  |TAMS 0x0000000098a00000| PB 0x0000000098a00000| Untracked 
| 395|0x0000000098b00000, 0x0000000098b00000, 0x0000000098c00000|  0%| F|  |TAMS 0x0000000098b00000| PB 0x0000000098b00000| Untracked 
| 396|0x0000000098c00000, 0x0000000098c00000, 0x0000000098d00000|  0%| F|  |TAMS 0x0000000098c00000| PB 0x0000000098c00000| Untracked 
| 397|0x0000000098d00000, 0x0000000098d00000, 0x0000000098e00000|  0%| F|  |TAMS 0x0000000098d00000| PB 0x0000000098d00000| Untracked 
| 398|0x0000000098e00000, 0x0000000098e00000, 0x0000000098f00000|  0%| F|  |TAMS 0x0000000098e00000| PB 0x0000000098e00000| Untracked 
| 399|0x0000000098f00000, 0x0000000098f00000, 0x0000000099000000|  0%| F|  |TAMS 0x0000000098f00000| PB 0x0000000098f00000| Untracked 
| 400|0x0000000099000000, 0x0000000099000000, 0x0000000099100000|  0%| F|  |TAMS 0x0000000099000000| PB 0x0000000099000000| Untracked 
| 401|0x0000000099100000, 0x0000000099100000, 0x0000000099200000|  0%| F|  |TAMS 0x0000000099100000| PB 0x0000000099100000| Untracked 
| 402|0x0000000099200000, 0x0000000099200000, 0x0000000099300000|  0%| F|  |TAMS 0x0000000099200000| PB 0x0000000099200000| Untracked 
| 403|0x0000000099300000, 0x0000000099300000, 0x0000000099400000|  0%| F|  |TAMS 0x0000000099300000| PB 0x0000000099300000| Untracked 
| 404|0x0000000099400000, 0x0000000099400000, 0x0000000099500000|  0%| F|  |TAMS 0x0000000099400000| PB 0x0000000099400000| Untracked 
| 405|0x0000000099500000, 0x0000000099500000, 0x0000000099600000|  0%| F|  |TAMS 0x0000000099500000| PB 0x0000000099500000| Untracked 
| 406|0x0000000099600000, 0x0000000099600000, 0x0000000099700000|  0%| F|  |TAMS 0x0000000099600000| PB 0x0000000099600000| Untracked 
| 407|0x0000000099700000, 0x0000000099700000, 0x0000000099800000|  0%| F|  |TAMS 0x0000000099700000| PB 0x0000000099700000| Untracked 
| 408|0x0000000099800000, 0x0000000099800000, 0x0000000099900000|  0%| F|  |TAMS 0x0000000099800000| PB 0x0000000099800000| Untracked 
| 409|0x0000000099900000, 0x0000000099900000, 0x0000000099a00000|  0%| F|  |TAMS 0x0000000099900000| PB 0x0000000099900000| Untracked 
| 410|0x0000000099a00000, 0x0000000099a00000, 0x0000000099b00000|  0%| F|  |TAMS 0x0000000099a00000| PB 0x0000000099a00000| Untracked 
| 411|0x0000000099b00000, 0x0000000099b00000, 0x0000000099c00000|  0%| F|  |TAMS 0x0000000099b00000| PB 0x0000000099b00000| Untracked 
| 412|0x0000000099c00000, 0x0000000099c00000, 0x0000000099d00000|  0%| F|  |TAMS 0x0000000099c00000| PB 0x0000000099c00000| Untracked 
| 413|0x0000000099d00000, 0x0000000099d00000, 0x0000000099e00000|  0%| F|  |TAMS 0x0000000099d00000| PB 0x0000000099d00000| Untracked 
| 414|0x0000000099e00000, 0x0000000099e00000, 0x0000000099f00000|  0%| F|  |TAMS 0x0000000099e00000| PB 0x0000000099e00000| Untracked 
| 415|0x0000000099f00000, 0x0000000099f00000, 0x000000009a000000|  0%| F|  |TAMS 0x0000000099f00000| PB 0x0000000099f00000| Untracked 
| 416|0x000000009a000000, 0x000000009a000000, 0x000000009a100000|  0%| F|  |TAMS 0x000000009a000000| PB 0x000000009a000000| Untracked 
| 417|0x000000009a100000, 0x000000009a100000, 0x000000009a200000|  0%| F|  |TAMS 0x000000009a100000| PB 0x000000009a100000| Untracked 
| 418|0x000000009a200000, 0x000000009a200000, 0x000000009a300000|  0%| F|  |TAMS 0x000000009a200000| PB 0x000000009a200000| Untracked 
|2027|0x00000000feb00000, 0x00000000feb00000, 0x00000000fec00000|  0%| F|  |TAMS 0x00000000feb00000| PB 0x00000000feb00000| Untracked 
|2028|0x00000000fec00000, 0x00000000fed00000, 0x00000000fed00000|100%| O|  |TAMS 0x00000000fed00000| PB 0x00000000fed00000| Updating 
|2029|0x00000000fed00000, 0x00000000fee00000, 0x00000000fee00000|100%| E|  |TAMS 0x00000000fed00000| PB 0x00000000fed00000| Complete 
|2030|0x00000000fee00000, 0x00000000fef00000, 0x00000000fef00000|100%| E|CS|TAMS 0x00000000fee00000| PB 0x00000000fee00000| Complete 
|2031|0x00000000fef00000, 0x00000000fef00000, 0x00000000ff000000|  0%| F|  |TAMS 0x00000000fef00000| PB 0x00000000fef00000| Untracked 
|2032|0x00000000ff000000, 0x00000000ff000000, 0x00000000ff100000|  0%| F|  |TAMS 0x00000000ff000000| PB 0x00000000ff000000| Untracked 
|2033|0x00000000ff100000, 0x00000000ff200000, 0x00000000ff200000|100%| O|  |TAMS 0x00000000ff200000| PB 0x00000000ff200000| Updating 
|2034|0x00000000ff200000, 0x00000000ff300000, 0x00000000ff300000|100%| E|CS|TAMS 0x00000000ff200000| PB 0x00000000ff200000| Complete 
|2035|0x00000000ff300000, 0x00000000ff300000, 0x00000000ff400000|  0%| F|  |TAMS 0x00000000ff300000| PB 0x00000000ff300000| Untracked 
|2036|0x00000000ff400000, 0x00000000ff400000, 0x00000000ff500000|  0%| F|  |TAMS 0x00000000ff400000| PB 0x00000000ff400000| Untracked 
|2037|0x00000000ff500000, 0x00000000ff600000, 0x00000000ff600000|100%| E|CS|TAMS 0x00000000ff500000| PB 0x00000000ff500000| Complete 
|2038|0x00000000ff600000, 0x00000000ff700000, 0x00000000ff700000|100%| E|CS|TAMS 0x00000000ff600000| PB 0x00000000ff600000| Complete 
|2039|0x00000000ff700000, 0x00000000ff800000, 0x00000000ff800000|100%| O|  |TAMS 0x00000000ff800000| PB 0x00000000ff800000| Updating 
|2040|0x00000000ff800000, 0x00000000ff900000, 0x00000000ff900000|100%| O|  |TAMS 0x00000000ff900000| PB 0x00000000ff900000| Untracked 
|2041|0x00000000ff900000, 0x00000000ffa00000, 0x00000000ffa00000|100%| E|CS|TAMS 0x00000000ff900000| PB 0x00000000ff900000| Complete 
|2042|0x00000000ffa00000, 0x00000000ffb00000, 0x00000000ffb00000|100%| E|CS|TAMS 0x00000000ffa00000| PB 0x00000000ffa00000| Complete 
|2043|0x00000000ffb00000, 0x00000000ffc00000, 0x00000000ffc00000|100%| O|  |TAMS 0x00000000ffc00000| PB 0x00000000ffc00000| Updating 
|2044|0x00000000ffc00000, 0x00000000ffd00000, 0x00000000ffd00000|100%| O|  |TAMS 0x00000000ffd00000| PB 0x00000000ffd00000| Untracked 
|2045|0x00000000ffd00000, 0x00000000ffe00000, 0x00000000ffe00000|100%| O|  |TAMS 0x00000000ffe00000| PB 0x00000000ffe00000| Untracked 
|2046|0x00000000ffe00000, 0x00000000fff00000, 0x00000000fff00000|100%| O|  |TAMS 0x00000000fff00000| PB 0x00000000fff00000| Untracked 
|2047|0x00000000fff00000, 0x0000000100000000, 0x0000000100000000|100%| O|  |TAMS 0x0000000100000000| PB 0x0000000100000000| Untracked 

Card table byte_map: [0x00000151dafc0000,0x00000151db3c0000] _byte_map_base: 0x00000151dabc0000

Marking Bits: (CMBitMap*) 0x00000151c822b0b0
 Bits: [0x00000151db3c0000, 0x00000151dd3c0000)

Polling page: 0x00000151c5f50000

Metaspace:

Usage:
  Non-class:    173.74 MB used.
      Class:     26.87 MB used.
       Both:    200.61 MB used.

Virtual space:
  Non-class space:      192.00 MB reserved,     175.12 MB ( 91%) committed,  3 nodes.
      Class space:        1.00 GB reserved,      28.12 MB (  3%) committed,  1 nodes.
             Both:        1.19 GB reserved,     203.25 MB ( 17%) committed. 

Chunk freelists:
   Non-Class:  624.00 KB
       Class:  3.89 MB
        Both:  4.50 MB

MaxMetaspaceSize: unlimited
CompressedClassSpaceSize: 1.00 GB
Initial GC threshold: 21.00 MB
Current GC threshold: 316.88 MB
CDS: off
 - commit_granule_bytes: 65536.
 - commit_granule_words: 8192.
 - virtual_space_node_default_size: 8388608.
 - enlarge_chunks_in_place: 1.
 - use_allocation_guard: 0.


Internal statistics:

num_allocs_failed_limit: 12.
num_arena_births: 5186.
num_arena_deaths: 8.
num_vsnodes_births: 4.
num_vsnodes_deaths: 0.
num_space_committed: 3251.
num_space_uncommitted: 0.
num_chunks_returned_to_freelist: 21.
num_chunks_taken_from_freelist: 13542.
num_chunk_merges: 9.
num_chunk_splits: 9449.
num_chunks_enlarged: 6685.
num_inconsistent_stats: 0.

CodeHeap 'non-profiled nmethods': size=119168Kb used=8749Kb max_used=9279Kb free=110418Kb
 bounds [0x00000151d2ed0000, 0x00000151d3840000, 0x00000151da330000]
CodeHeap 'profiled nmethods': size=119104Kb used=29148Kb max_used=29441Kb free=89955Kb
 bounds [0x00000151cb330000, 0x00000151cd010000, 0x00000151d2780000]
CodeHeap 'non-nmethods': size=7488Kb used=3988Kb max_used=4005Kb free=3499Kb
 bounds [0x00000151d2780000, 0x00000151d2bd0000, 0x00000151d2ed0000]
CodeCache: size=245760Kb, used=41885Kb, max_used=42725Kb, free=203872Kb
 total_blobs=13207, nmethods=12055, adapters=1051, full_count=0
Compilation: enabled, stopped_count=0, restarted_count=0

Compilation events (20 events):
Event: 758.901 Thread 0x00000151e05a9d70 nmethod 23377 0x00000151cd000110 code [0x00000151cd000540, 0x00000151cd001758]
Event: 758.901 Thread 0x00000151f0686fe0 nmethod 23379 0x00000151ccb97a10 code [0x00000151ccb97c40, 0x00000151ccb98048]
Event: 758.901 Thread 0x00000151f0686fe0 23343       3       java.beans.FeatureDescriptor::getReturnType (21 bytes)
Event: 758.901 Thread 0x00000151e05a9d70 23341       1       java.util.Hashtable$Entry::getKey (5 bytes)
Event: 758.901 Thread 0x00000151f0683960 nmethod 23345 0x00000151cd002110 code [0x00000151cd002360, 0x00000151cd002dc0]
Event: 758.901 Thread 0x00000151f0683960 23342       1       java.util.Hashtable$Entry::getValue (5 bytes)
Event: 758.901 Thread 0x00000151f0683960 nmethod 23342 0x00000151d3244290 code [0x00000151d3244420, 0x00000151d32444e8]
Event: 758.901 Thread 0x00000151e05a9d70 nmethod 23341 0x00000151d326cd10 code [0x00000151d326cea0, 0x00000151d326cf68]
Event: 758.901 Thread 0x00000151e7d09cc0 nmethod 23331 0x00000151cc05ef10 code [0x00000151cc05f140, 0x00000151cc05f670]
Event: 758.901 Thread 0x00000151e7d09cc0 23369       1       groovy.lang.MetaBeanProperty::getGetter (5 bytes)
Event: 758.901 Thread 0x00000151f0683960 23317       1       java.lang.reflect.Method::getGenericSignature (5 bytes)
Event: 758.901 Thread 0x00000151e05a9d70 23328       3       java.util.Hashtable$EntrySet::<init> (10 bytes)
Event: 758.901 Thread 0x00000151e7d09cc0 nmethod 23369 0x00000151d3288010 code [0x00000151d32881a0, 0x00000151d3288268]
Event: 758.902 Thread 0x00000151f0683960 nmethod 23317 0x00000151d3287d10 code [0x00000151d3287ea0, 0x00000151d3287f68]
Event: 758.902 Thread 0x00000151e7d09cc0 23295       3       com.sun.beans.WildcardTypeImpl::<init> (15 bytes)
Event: 758.902 Thread 0x00000151e05a9d70 nmethod 23328 0x00000151ccccda90 code [0x00000151ccccdc40, 0x00000151ccccdec0]
Event: 758.902 Thread 0x00000151e7d09cc0 nmethod 23295 0x00000151cce0f910 code [0x00000151cce0fac0, 0x00000151cce0fce0]
Event: 758.904 Thread 0x00000151f0686fe0 nmethod 23343 0x00000151cd003090 code [0x00000151cd0033e0, 0x00000151cd0048d0]
Event: 758.928 Thread 0x00000151f0683290 nmethod 23258 0x00000151d3436b10 code [0x00000151d3436e20, 0x00000151d3437e58]
Event: 758.928 Thread 0x00000151f0683290 23339       4       com.sun.beans.TypeResolver::resolve (37 bytes)

GC Heap History (20 events):
Event: 740.771 GC heap before
{Heap before GC invocations=47 (full 0):
 garbage-first heap   total 317440K, used 285077K [0x0000000080000000, 0x0000000100000000)
  region size 1024K, 78 young (79872K), 6 survivors (6144K)
 Metaspace       used 155720K, committed 158272K, reserved 1245184K
  class space    used 21381K, committed 22592K, reserved 1048576K
}
Event: 740.781 GC heap after
{Heap after GC invocations=48 (full 0):
 garbage-first heap   total 317440K, used 218112K [0x0000000080000000, 0x0000000100000000)
  region size 1024K, 10 young (10240K), 10 survivors (10240K)
 Metaspace       used 155720K, committed 158272K, reserved 1245184K
  class space    used 21381K, committed 22592K, reserved 1048576K
}
Event: 742.577 GC heap before
{Heap before GC invocations=49 (full 0):
 garbage-first heap   total 363520K, used 289792K [0x0000000080000000, 0x0000000100000000)
  region size 1024K, 80 young (81920K), 10 survivors (10240K)
 Metaspace       used 164500K, committed 167040K, reserved 1245184K
  class space    used 22481K, committed 23680K, reserved 1048576K
}
Event: 742.595 GC heap after
{Heap after GC invocations=50 (full 0):
 garbage-first heap   total 363520K, used 222988K [0x0000000080000000, 0x0000000100000000)
  region size 1024K, 5 young (5120K), 5 survivors (5120K)
 Metaspace       used 164500K, committed 167040K, reserved 1245184K
  class space    used 22481K, committed 23680K, reserved 1048576K
}
Event: 744.723 GC heap before
{Heap before GC invocations=50 (full 0):
 garbage-first heap   total 363520K, used 329484K [0x0000000080000000, 0x0000000100000000)
  region size 1024K, 109 young (111616K), 5 survivors (5120K)
 Metaspace       used 174477K, committed 177088K, reserved 1245184K
  class space    used 23649K, committed 24896K, reserved 1048576K
}
Event: 744.741 GC heap after
{Heap after GC invocations=51 (full 0):
 garbage-first heap   total 363520K, used 224786K [0x0000000080000000, 0x0000000100000000)
  region size 1024K, 14 young (14336K), 14 survivors (14336K)
 Metaspace       used 174477K, committed 177088K, reserved 1245184K
  class space    used 23649K, committed 24896K, reserved 1048576K
}
Event: 745.961 GC heap before
{Heap before GC invocations=51 (full 0):
 garbage-first heap   total 363520K, used 266770K [0x0000000080000000, 0x0000000100000000)
  region size 1024K, 57 young (58368K), 14 survivors (14336K)
 Metaspace       used 179845K, committed 182464K, reserved 1245184K
  class space    used 24245K, committed 25472K, reserved 1048576K
}
Event: 745.981 GC heap after
{Heap after GC invocations=52 (full 0):
 garbage-first heap   total 363520K, used 229648K [0x0000000080000000, 0x0000000100000000)
  region size 1024K, 4 young (4096K), 4 survivors (4096K)
 Metaspace       used 179845K, committed 182464K, reserved 1245184K
  class space    used 24245K, committed 25472K, reserved 1048576K
}
Event: 748.154 GC heap before
{Heap before GC invocations=53 (full 0):
 garbage-first heap   total 386048K, used 330000K [0x0000000080000000, 0x0000000100000000)
  region size 1024K, 101 young (103424K), 4 survivors (4096K)
 Metaspace       used 187334K, committed 189952K, reserved 1245184K
  class space    used 25169K, committed 26432K, reserved 1048576K
}
Event: 748.160 GC heap after
{Heap after GC invocations=54 (full 0):
 garbage-first heap   total 386048K, used 229658K [0x0000000080000000, 0x0000000100000000)
  region size 1024K, 4 young (4096K), 4 survivors (4096K)
 Metaspace       used 187334K, committed 189952K, reserved 1245184K
  class space    used 25169K, committed 26432K, reserved 1048576K
}
Event: 750.331 GC heap before
{Heap before GC invocations=54 (full 0):
 garbage-first heap   total 386048K, used 357658K [0x0000000080000000, 0x0000000100000000)
  region size 1024K, 125 young (128000K), 4 survivors (4096K)
 Metaspace       used 191835K, committed 194432K, reserved 1245184K
  class space    used 25767K, committed 27008K, reserved 1048576K
}
Event: 750.350 GC heap after
{Heap after GC invocations=55 (full 0):
 garbage-first heap   total 388096K, used 246743K [0x0000000080000000, 0x0000000100000000)
  region size 1024K, 16 young (16384K), 16 survivors (16384K)
 Metaspace       used 191835K, committed 194432K, reserved 1245184K
  class space    used 25767K, committed 27008K, reserved 1048576K
}
Event: 750.539 GC heap before
{Heap before GC invocations=55 (full 0):
 garbage-first heap   total 388096K, used 291799K [0x0000000080000000, 0x0000000100000000)
  region size 1024K, 61 young (62464K), 16 survivors (16384K)
 Metaspace       used 191851K, committed 194432K, reserved 1245184K
  class space    used 25767K, committed 27008K, reserved 1048576K
}
Event: 750.563 GC heap after
{Heap after GC invocations=56 (full 0):
 garbage-first heap   total 388096K, used 268600K [0x0000000080000000, 0x0000000100000000)
  region size 1024K, 15 young (15360K), 15 survivors (15360K)
 Metaspace       used 191851K, committed 194432K, reserved 1245184K
  class space    used 25767K, committed 27008K, reserved 1048576K
}
Event: 752.595 GC heap before
{Heap before GC invocations=57 (full 0):
 garbage-first heap   total 450560K, used 342328K [0x0000000080000000, 0x0000000100000000)
  region size 1024K, 85 young (87040K), 15 survivors (15360K)
 Metaspace       used 192464K, committed 195072K, reserved 1245184K
  class space    used 25787K, committed 27072K, reserved 1048576K
}
Event: 752.618 GC heap after
{Heap after GC invocations=58 (full 0):
 garbage-first heap   total 450560K, used 291328K [0x0000000080000000, 0x0000000100000000)
  region size 1024K, 11 young (11264K), 11 survivors (11264K)
 Metaspace       used 192464K, committed 195072K, reserved 1245184K
  class space    used 25787K, committed 27072K, reserved 1048576K
}
Event: 756.534 GC heap before
{Heap before GC invocations=58 (full 0):
 garbage-first heap   total 450560K, used 388608K [0x0000000080000000, 0x0000000100000000)
  region size 1024K, 106 young (108544K), 11 survivors (11264K)
 Metaspace       used 198501K, committed 201216K, reserved 1245184K
  class space    used 26361K, committed 27648K, reserved 1048576K
}
Event: 756.555 GC heap after
{Heap after GC invocations=59 (full 0):
 garbage-first heap   total 450560K, used 304443K [0x0000000080000000, 0x0000000100000000)
  region size 1024K, 14 young (14336K), 14 survivors (14336K)
 Metaspace       used 198501K, committed 201216K, reserved 1245184K
  class space    used 26361K, committed 27648K, reserved 1048576K
}
Event: 758.765 GC heap before
{Heap before GC invocations=59 (full 0):
 garbage-first heap   total 450560K, used 395579K [0x0000000080000000, 0x0000000100000000)
  region size 1024K, 103 young (105472K), 14 survivors (14336K)
 Metaspace       used 204999K, committed 207680K, reserved 1245184K
  class space    used 27451K, committed 28736K, reserved 1048576K
}
Event: 758.778 GC heap after
{Heap after GC invocations=60 (full 0):
 garbage-first heap   total 450560K, used 309500K [0x0000000080000000, 0x0000000100000000)
  region size 1024K, 4 young (4096K), 4 survivors (4096K)
 Metaspace       used 204999K, committed 207680K, reserved 1245184K
  class space    used 27451K, committed 28736K, reserved 1048576K
}

Dll operation events (3 events):
Event: 0.037 Loaded shared library C:\Program Files\Android\Android Studio\jbr\bin\java.dll
Event: 0.060 Loaded shared library C:\Program Files\Android\Android Studio\jbr\bin\zip.dll
Event: 1.727 Loaded shared library C:\Program Files\Android\Android Studio\jbr\bin\verify.dll

Deoptimization events (20 events):
Event: 758.820 Thread 0x00000151e9b1c6d0 Uncommon trap: trap_request=0xfffffff4 fr.pc=0x00000151d34cb47c relative=0x000000000000029c
Event: 758.820 Thread 0x00000151e9b1c6d0 Uncommon trap: reason=null_check action=make_not_entrant pc=0x00000151d34cb47c method=org.gradle.internal.instantiation.generator.AbstractClassGenerator.isPropertyType(Ljava/lang/Class;)Z @ 14 c2
Event: 758.820 Thread 0x00000151e9b1c6d0 DEOPT PACKING pc=0x00000151d34cb47c sp=0x0000004b397f7200
Event: 758.820 Thread 0x00000151e9b1c6d0 DEOPT UNPACKING pc=0x00000151d27d43a2 sp=0x0000004b397f70e8 mode 2
Event: 758.886 Thread 0x00000151e9b1c6d0 Uncommon trap: trap_request=0xffffffde fr.pc=0x00000151d36eafbc relative=0x000000000000073c
Event: 758.886 Thread 0x00000151e9b1c6d0 Uncommon trap: reason=class_check action=maybe_recompile pc=0x00000151d36eafbc method=org.gradle.api.internal.DynamicPropertyNamer.determineName(Ljava/lang/Object;)Ljava/lang/String; @ 43 c2
Event: 758.886 Thread 0x00000151e9b1c6d0 DEOPT PACKING pc=0x00000151d36eafbc sp=0x0000004b397f7790
Event: 758.886 Thread 0x00000151e9b1c6d0 DEOPT UNPACKING pc=0x00000151d27d43a2 sp=0x0000004b397f76b0 mode 2
Event: 758.886 Thread 0x00000151e9b1c6d0 Uncommon trap: trap_request=0xffffffde fr.pc=0x00000151d36eafbc relative=0x000000000000073c
Event: 758.886 Thread 0x00000151e9b1c6d0 Uncommon trap: reason=class_check action=maybe_recompile pc=0x00000151d36eafbc method=org.gradle.api.internal.DynamicPropertyNamer.determineName(Ljava/lang/Object;)Ljava/lang/String; @ 43 c2
Event: 758.886 Thread 0x00000151e9b1c6d0 DEOPT PACKING pc=0x00000151d36eafbc sp=0x0000004b397f76b0
Event: 758.887 Thread 0x00000151e9b1c6d0 DEOPT UNPACKING pc=0x00000151d27d43a2 sp=0x0000004b397f75d0 mode 2
Event: 758.897 Thread 0x00000151e9b1c6d0 Uncommon trap: trap_request=0xffffffde fr.pc=0x00000151d36eafbc relative=0x000000000000073c
Event: 758.897 Thread 0x00000151e9b1c6d0 Uncommon trap: reason=class_check action=maybe_recompile pc=0x00000151d36eafbc method=org.gradle.api.internal.DynamicPropertyNamer.determineName(Ljava/lang/Object;)Ljava/lang/String; @ 43 c2
Event: 758.897 Thread 0x00000151e9b1c6d0 DEOPT PACKING pc=0x00000151d36eafbc sp=0x0000004b397f7800
Event: 758.897 Thread 0x00000151e9b1c6d0 DEOPT UNPACKING pc=0x00000151d27d43a2 sp=0x0000004b397f7720 mode 2
Event: 758.898 Thread 0x00000151e9b1c6d0 Uncommon trap: trap_request=0xffffffde fr.pc=0x00000151d36eafbc relative=0x000000000000073c
Event: 758.898 Thread 0x00000151e9b1c6d0 Uncommon trap: reason=class_check action=maybe_recompile pc=0x00000151d36eafbc method=org.gradle.api.internal.DynamicPropertyNamer.determineName(Ljava/lang/Object;)Ljava/lang/String; @ 43 c2
Event: 758.898 Thread 0x00000151e9b1c6d0 DEOPT PACKING pc=0x00000151d36eafbc sp=0x0000004b397f76b0
Event: 758.898 Thread 0x00000151e9b1c6d0 DEOPT UNPACKING pc=0x00000151d27d43a2 sp=0x0000004b397f75d0 mode 2

Classes loaded (20 events):
Event: 738.216 Loading class java/io/NotSerializableException
Event: 738.216 Loading class java/io/NotSerializableException done
Event: 739.853 Loading class java/util/PriorityQueue
Event: 739.854 Loading class java/util/PriorityQueue done
Event: 740.478 Loading class java/text/StringCharacterIterator
Event: 740.479 Loading class java/text/CharacterIterator
Event: 740.479 Loading class java/text/CharacterIterator done
Event: 740.479 Loading class java/text/StringCharacterIterator done
Event: 740.749 Loading class java/util/AbstractList$RandomAccessSubList
Event: 740.749 Loading class java/util/AbstractList$SubList
Event: 740.749 Loading class java/util/AbstractList$SubList done
Event: 740.749 Loading class java/util/AbstractList$RandomAccessSubList done
Event: 741.314 Loading class java/util/AbstractList$SubList$1
Event: 741.314 Loading class java/util/AbstractList$SubList$1 done
Event: 745.672 Loading class java/util/zip/ZipInputStream
Event: 745.673 Loading class java/util/zip/ZipInputStream done
Event: 745.696 Loading class java/nio/file/SimpleFileVisitor
Event: 745.696 Loading class java/nio/file/SimpleFileVisitor done
Event: 755.607 Loading class java/util/Vector$Itr
Event: 755.610 Loading class java/util/Vector$Itr done

Classes unloaded (4 events):
Event: 734.329 Thread 0x00000151e04d3120 Unloading class 0x0000000100fe0000 'java/lang/invoke/LambdaForm$MH+0x0000000100fe0000'
Event: 734.330 Thread 0x00000151e04d3120 Unloading class 0x0000000100f08000 'java/lang/invoke/LambdaForm$MH+0x0000000100f08000'
Event: 740.892 Thread 0x00000151e04d3120 Unloading class 0x00000001010fa000 'java/lang/invoke/LambdaForm$MH+0x00000001010fa000'
Event: 740.892 Thread 0x00000151e04d3120 Unloading class 0x00000001010f8c00 'java/lang/invoke/LambdaForm$MH+0x00000001010f8c00'

Classes redefined (0 events):
No events

Internal exceptions (20 events):
Event: 758.911 Thread 0x00000151e9b1c6d0 Exception <a 'sun/nio/fs/WindowsException'{0x00000000fee733a0}> (0x00000000fee733a0) 
thrown [s\src\hotspot\share\prims\jni.cpp, line 537]
Event: 758.913 Thread 0x00000151e9b1c6d0 Exception <a 'sun/nio/fs/WindowsException'{0x00000000fee7e730}> (0x00000000fee7e730) 
thrown [s\src\hotspot\share\prims\jni.cpp, line 537]
Event: 758.915 Thread 0x00000151e9b1c6d0 Exception <a 'sun/nio/fs/WindowsException'{0x00000000fee8c7c8}> (0x00000000fee8c7c8) 
thrown [s\src\hotspot\share\prims\jni.cpp, line 537]
Event: 758.919 Thread 0x00000151e9b1c6d0 Exception <a 'sun/nio/fs/WindowsException'{0x00000000fee9d9e0}> (0x00000000fee9d9e0) 
thrown [s\src\hotspot\share\prims\jni.cpp, line 537]
Event: 758.921 Thread 0x00000151e9b1c6d0 Exception <a 'sun/nio/fs/WindowsException'{0x00000000feea9b90}> (0x00000000feea9b90) 
thrown [s\src\hotspot\share\prims\jni.cpp, line 537]
Event: 758.923 Thread 0x00000151e9b1c6d0 Exception <a 'sun/nio/fs/WindowsException'{0x00000000feeb52d8}> (0x00000000feeb52d8) 
thrown [s\src\hotspot\share\prims\jni.cpp, line 537]
Event: 758.925 Thread 0x00000151e9b1c6d0 Exception <a 'sun/nio/fs/WindowsException'{0x00000000feec0d88}> (0x00000000feec0d88) 
thrown [s\src\hotspot\share\prims\jni.cpp, line 537]
Event: 758.929 Thread 0x00000151e9b1c6d0 Exception <a 'sun/nio/fs/WindowsException'{0x00000000feeec150}> (0x00000000feeec150) 
thrown [s\src\hotspot\share\prims\jni.cpp, line 537]
Event: 758.931 Thread 0x00000151e9b1c6d0 Exception <a 'sun/nio/fs/WindowsException'{0x00000000feefcd28}> (0x00000000feefcd28) 
thrown [s\src\hotspot\share\prims\jni.cpp, line 537]
Event: 758.934 Thread 0x00000151e9b1c6d0 Exception <a 'sun/nio/fs/WindowsException'{0x00000000fed10078}> (0x00000000fed10078) 
thrown [s\src\hotspot\share\prims\jni.cpp, line 537]
Event: 758.936 Thread 0x00000151e9b1c6d0 Exception <a 'sun/nio/fs/WindowsException'{0x00000000fed286e0}> (0x00000000fed286e0) 
thrown [s\src\hotspot\share\prims\jni.cpp, line 537]
Event: 758.937 Thread 0x00000151e9b1c6d0 Exception <a 'sun/nio/fs/WindowsException'{0x00000000fed34808}> (0x00000000fed34808) 
thrown [s\src\hotspot\share\prims\jni.cpp, line 537]
Event: 758.939 Thread 0x00000151e9b1c6d0 Exception <a 'sun/nio/fs/WindowsException'{0x00000000fed4c150}> (0x00000000fed4c150) 
thrown [s\src\hotspot\share\prims\jni.cpp, line 537]
Event: 758.940 Thread 0x00000151e9b1c6d0 Exception <a 'sun/nio/fs/WindowsException'{0x00000000fed59fc8}> (0x00000000fed59fc8) 
thrown [s\src\hotspot\share\prims\jni.cpp, line 537]
Event: 758.949 Thread 0x00000151e9b1c6d0 Exception <a 'sun/nio/fs/WindowsException'{0x00000000fed71408}> (0x00000000fed71408) 
thrown [s\src\hotspot\share\prims\jni.cpp, line 537]
Event: 758.951 Thread 0x00000151e9b1c6d0 Exception <a 'sun/nio/fs/WindowsException'{0x00000000fed7cdf8}> (0x00000000fed7cdf8) 
thrown [s\src\hotspot\share\prims\jni.cpp, line 537]
Event: 758.953 Thread 0x00000151e9b1c6d0 Exception <a 'sun/nio/fs/WindowsException'{0x00000000fed8a9a0}> (0x00000000fed8a9a0) 
thrown [s\src\hotspot\share\prims\jni.cpp, line 537]
Event: 758.955 Thread 0x00000151e9b1c6d0 Exception <a 'sun/nio/fs/WindowsException'{0x00000000fed95838}> (0x00000000fed95838) 
thrown [s\src\hotspot\share\prims\jni.cpp, line 537]
Event: 758.957 Thread 0x00000151e9b1c6d0 Exception <a 'sun/nio/fs/WindowsException'{0x00000000feda0a88}> (0x00000000feda0a88) 
thrown [s\src\hotspot\share\prims\jni.cpp, line 537]
Event: 758.959 Thread 0x00000151e9b1c6d0 Exception <a 'sun/nio/fs/WindowsException'{0x00000000fedab748}> (0x00000000fedab748) 
thrown [s\src\hotspot\share\prims\jni.cpp, line 537]

ZGC Phase Switch (0 events):
No events

VM Operations (20 events):
Event: 754.768 Executing safepoint VM operation: ICBufferFull done
Event: 755.128 Executing safepoint VM operation: ICBufferFull
Event: 755.129 Executing safepoint VM operation: ICBufferFull done
Event: 755.230 Executing non-safepoint VM operation: HandshakeAllThreads (Deoptimize)
Event: 755.231 Executing non-safepoint VM operation: HandshakeAllThreads (Deoptimize) done
Event: 755.304 Executing safepoint VM operation: ICBufferFull
Event: 755.305 Executing safepoint VM operation: ICBufferFull done
Event: 755.439 Executing non-safepoint VM operation: HandshakeAllThreads (Deoptimize)
Event: 755.440 Executing non-safepoint VM operation: HandshakeAllThreads (Deoptimize) done
Event: 755.710 Executing non-safepoint VM operation: HandshakeAllThreads (Deoptimize)
Event: 755.711 Executing non-safepoint VM operation: HandshakeAllThreads (Deoptimize) done
Event: 756.534 Executing safepoint VM operation: G1CollectForAllocation (G1 Evacuation Pause)
Event: 756.555 Executing safepoint VM operation: G1CollectForAllocation (G1 Evacuation Pause) done
Event: 757.102 Executing non-safepoint VM operation: HandshakeAllThreads (Deoptimize)
Event: 757.102 Executing non-safepoint VM operation: HandshakeAllThreads (Deoptimize) done
Event: 758.106 Executing safepoint VM operation: Cleanup
Event: 758.106 Executing safepoint VM operation: Cleanup done
Event: 758.765 Executing safepoint VM operation: G1CollectForAllocation (G1 Evacuation Pause)
Event: 758.778 Executing safepoint VM operation: G1CollectForAllocation (G1 Evacuation Pause) done
Event: 758.959 Executing safepoint VM operation: G1PauseRemark

Memory protections (0 events):
No events

Nmethod flushes (20 events):
Event: 758.968 Thread 0x00000151e04d3120 flushing  nmethod 0x00000151d35d4910
Event: 758.968 Thread 0x00000151e04d3120 flushing  nmethod 0x00000151cb346990
Event: 758.968 Thread 0x00000151e04d3120 flushing  nmethod 0x00000151cb349590
Event: 758.968 Thread 0x00000151e04d3120 flushing  nmethod 0x00000151cbbb4310
Event: 758.968 Thread 0x00000151e04d3120 flushing  nmethod 0x00000151cc010090
Event: 758.968 Thread 0x00000151e04d3120 flushing  nmethod 0x00000151cce2a990
Event: 758.968 Thread 0x00000151e04d3120 flushing  nmethod 0x00000151cb583410
Event: 758.968 Thread 0x00000151e04d3120 flushing  nmethod 0x00000151cbbe4110
Event: 758.968 Thread 0x00000151e04d3120 flushing  nmethod 0x00000151cbc96710
Event: 758.968 Thread 0x00000151e04d3120 flushing  nmethod 0x00000151cbf24510
Event: 758.968 Thread 0x00000151e04d3120 flushing  nmethod 0x00000151ccd36e90
Event: 758.968 Thread 0x00000151e04d3120 flushing  nmethod 0x00000151cb56c110
Event: 758.968 Thread 0x00000151e04d3120 flushing  nmethod 0x00000151cba28c10
Event: 758.968 Thread 0x00000151e04d3120 flushing  nmethod 0x00000151cbc0a790
Event: 758.968 Thread 0x00000151e04d3120 flushing  nmethod 0x00000151cbd18310
Event: 758.968 Thread 0x00000151e04d3120 flushing  nmethod 0x00000151cb398d10
Event: 758.968 Thread 0x00000151e04d3120 flushing  nmethod 0x00000151cb60d090
Event: 758.968 Thread 0x00000151e04d3120 flushing  nmethod 0x00000151cb61c510
Event: 758.968 Thread 0x00000151e04d3120 flushing  nmethod 0x00000151cb713510
Event: 758.968 Thread 0x00000151e04d3120 flushing  nmethod 0x00000151cbefa390

Events (20 events):
Event: 738.611 Thread 0x00000151f0385090 Thread exited: 0x00000151f0385090
Event: 738.628 Thread 0x00000151f0383c20 Thread exited: 0x00000151f0383c20
Event: 739.949 Thread 0x00000151f0383550 Thread exited: 0x00000151f0383550
Event: 741.624 Thread 0x00000151e7632bb0 Thread added: 0x00000151f0089920
Event: 741.771 Thread 0x00000151f0089920 Thread exited: 0x00000151f0089920
Event: 743.641 Thread 0x00000151e05a96c0 Thread added: 0x00000151f008b460
Event: 744.464 Thread 0x00000151e05a9d70 Thread added: 0x00000151f008e410
Event: 744.612 Thread 0x00000151f008e410 Thread exited: 0x00000151f008e410
Event: 744.772 Thread 0x00000151f008b460 Thread exited: 0x00000151f008b460
Event: 745.854 Thread 0x00000151e05a96c0 Thread added: 0x00000151f008eae0
Event: 746.378 Thread 0x00000151e7632bb0 Thread exited: 0x00000151e7632bb0
Event: 746.420 Thread 0x00000151e7631740 Thread exited: 0x00000151e7631740
Event: 746.637 Thread 0x00000151f008eae0 Thread exited: 0x00000151f008eae0
Event: 747.515 Thread 0x00000151e05a96c0 Thread added: 0x00000151e7d09cc0
Event: 747.515 Thread 0x00000151e05a96c0 Thread added: 0x00000151e7d0aa60
Event: 752.134 Thread 0x00000151e7d0aa60 Thread exited: 0x00000151e7d0aa60
Event: 758.651 Thread 0x00000151e05a9d70 Thread added: 0x00000151f0686910
Event: 758.664 Thread 0x00000151e05a9d70 Thread added: 0x00000151f0683290
Event: 758.855 Thread 0x00000151e7d09cc0 Thread added: 0x00000151f0686fe0
Event: 758.877 Thread 0x00000151f0686fe0 Thread added: 0x00000151f0683960


Dynamic libraries:
0x00007ff748260000 - 0x00007ff74826a000 	C:\Program Files\Android\Android Studio\jbr\bin\java.exe
0x00007ffb98e80000 - 0x00007ffb990e7000 	C:\WINDOWS\SYSTEM32\ntdll.dll
0x00007ffb3d890000 - 0x00007ffb3d8b1000 	C:\Program Files\AVG\Antivirus\aswhook.dll
0x00007ffb97860000 - 0x00007ffb9792a000 	C:\WINDOWS\System32\KERNEL32.DLL
0x00007ffb96240000 - 0x00007ffb96642000 	C:\WINDOWS\System32\KERNELBASE.dll
0x00007ffb96a50000 - 0x00007ffb96b9c000 	C:\WINDOWS\System32\ucrtbase.dll
0x00007ffb08cb0000 - 0x00007ffb08ccb000 	C:\Program Files\Android\Android Studio\jbr\bin\VCRUNTIME140.dll
0x00007ffb8fcc0000 - 0x00007ffb8fcd8000 	C:\Program Files\Android\Android Studio\jbr\bin\jli.dll
0x00007ffb982b0000 - 0x00007ffb9847f000 	C:\WINDOWS\System32\USER32.dll
0x00007ffb96210000 - 0x00007ffb96237000 	C:\WINDOWS\System32\win32u.dll
0x00007ffb6b290000 - 0x00007ffb6b520000 	C:\WINDOWS\WinSxS\amd64_microsoft.windows.common-controls_6595b64144ccf1df_6.0.26100.9278_none_3e0d1ba8e3303201\COMCTL32.dll
0x00007ffb96d60000 - 0x00007ffb96d8b000 	C:\WINDOWS\System32\GDI32.dll
0x00007ffb98d90000 - 0x00007ffb98e39000 	C:\WINDOWS\System32\msvcrt.dll
0x00007ffb966e0000 - 0x00007ffb96809000 	C:\WINDOWS\System32\gdi32full.dll
0x00007ffb96810000 - 0x00007ffb968b3000 	C:\WINDOWS\System32\msvcp_win.dll
0x00007ffb98c00000 - 0x00007ffb98c31000 	C:\WINDOWS\System32\IMM32.DLL
0x00007ffb7dfd0000 - 0x00007ffb7dfdc000 	C:\Program Files\Android\Android Studio\jbr\bin\vcruntime140_1.dll
0x00007ffb6c790000 - 0x00007ffb6c81d000 	C:\Program Files\Android\Android Studio\jbr\bin\msvcp140.dll
0x00007ffa83b90000 - 0x00007ffa84826000 	C:\Program Files\Android\Android Studio\jbr\bin\server\jvm.dll
0x00007ffb981e0000 - 0x00007ffb9829c000 	C:\WINDOWS\System32\ADVAPI32.dll
0x00007ffb97930000 - 0x00007ffb979d9000 	C:\WINDOWS\System32\sechost.dll
0x00007ffb96bb0000 - 0x00007ffb96cc8000 	C:\WINDOWS\System32\RPCRT4.dll
0x00007ffb979e0000 - 0x00007ffb97a60000 	C:\WINDOWS\System32\WS2_32.dll
0x00007ffb95ef0000 - 0x00007ffb95f4e000 	C:\WINDOWS\SYSTEM32\POWRPROF.dll
0x00007ffb8e7b0000 - 0x00007ffb8e7bb000 	C:\WINDOWS\SYSTEM32\VERSION.dll
0x00007ffb8e770000 - 0x00007ffb8e7a6000 	C:\WINDOWS\SYSTEM32\WINMM.dll
0x00007ffb95ed0000 - 0x00007ffb95ee5000 	C:\WINDOWS\SYSTEM32\UMPDC.dll
0x00007ffb94d20000 - 0x00007ffb94d3b000 	C:\WINDOWS\SYSTEM32\kernel.appcore.dll
0x00007ffb4af50000 - 0x00007ffb4af5a000 	C:\Program Files\Android\Android Studio\jbr\bin\jimage.dll
0x00007ffb894f0000 - 0x00007ffb89732000 	C:\WINDOWS\SYSTEM32\DBGHELP.DLL
0x00007ffb98490000 - 0x00007ffb98814000 	C:\WINDOWS\System32\combase.dll
0x00007ffb97f10000 - 0x00007ffb97fe9000 	C:\WINDOWS\System32\OLEAUT32.dll
0x00007ffb88470000 - 0x00007ffb884ab000 	C:\WINDOWS\SYSTEM32\dbgcore.DLL
0x00007ffb96090000 - 0x00007ffb9613c000 	C:\WINDOWS\System32\bcryptPrimitives.dll
0x00007ffb92e80000 - 0x00007ffb92e8e000 	C:\Program Files\Android\Android Studio\jbr\bin\instrument.dll
0x00007ffb071e0000 - 0x00007ffb07200000 	C:\Program Files\Android\Android Studio\jbr\bin\java.dll
0x00007ffb06f00000 - 0x00007ffb06f18000 	C:\Program Files\Android\Android Studio\jbr\bin\zip.dll
0x00007ffb96fa0000 - 0x00007ffb97738000 	C:\WINDOWS\System32\SHELL32.dll
0x00007ffb93ab0000 - 0x00007ffb9435e000 	C:\WINDOWS\SYSTEM32\windows.storage.dll
0x00007ffb980b0000 - 0x00007ffb981ab000 	C:\WINDOWS\System32\SHCORE.dll
0x00007ffb977e0000 - 0x00007ffb97846000 	C:\WINDOWS\System32\shlwapi.dll
0x00007ffb95fb0000 - 0x00007ffb95fd9000 	C:\WINDOWS\SYSTEM32\profapi.dll
0x00007ffb1e4c0000 - 0x00007ffb1e4d0000 	C:\Program Files\Android\Android Studio\jbr\bin\net.dll
0x00007ffb904a0000 - 0x00007ffb905ca000 	C:\WINDOWS\SYSTEM32\WINHTTP.dll
0x00007ffb952c0000 - 0x00007ffb9532c000 	C:\WINDOWS\system32\mswsock.dll
0x00007ffb06c60000 - 0x00007ffb06c76000 	C:\Program Files\Android\Android Studio\jbr\bin\nio.dll
0x00007ffb08dd0000 - 0x00007ffb08de0000 	C:\Program Files\Android\Android Studio\jbr\bin\verify.dll
0x00007ffb8c270000 - 0x00007ffb8c297000 	C:\Users\Windows 10\.gradle\native\660c5614fbf4a5f2a75b1949f50a0caf5cd603558e7d8a26e50b933a0cfb79d1\windows-amd64\native-platform.dll
0x00007ffb6c710000 - 0x00007ffb6c787000 	C:\Users\Windows 10\.gradle\native\0.2.8\x86_64-windows-gnu\gradle-fileevents.dll
0x00007ffb1c0c0000 - 0x00007ffb1c0c9000 	C:\Program Files\Android\Android Studio\jbr\bin\management.dll
0x00007ffb09690000 - 0x00007ffb0969b000 	C:\Program Files\Android\Android Studio\jbr\bin\management_ext.dll
0x00007ffb97850000 - 0x00007ffb97858000 	C:\WINDOWS\System32\PSAPI.DLL
0x00007ffb94720000 - 0x00007ffb94753000 	C:\WINDOWS\SYSTEM32\IPHLPAPI.DLL
0x00007ffb97f00000 - 0x00007ffb97f0a000 	C:\WINDOWS\System32\NSI.dll
0x00007ffb1e050000 - 0x00007ffb1e059000 	C:\Program Files\Android\Android Studio\jbr\bin\extnet.dll
0x00007ffb956e0000 - 0x00007ffb956fb000 	C:\WINDOWS\SYSTEM32\CRYPTSP.dll
0x00007ffb94c80000 - 0x00007ffb94cb9000 	C:\WINDOWS\system32\rsaenh.dll
0x00007ffb95370000 - 0x00007ffb953a4000 	C:\WINDOWS\SYSTEM32\USERENV.dll
0x00007ffb95f80000 - 0x00007ffb95faa000 	C:\WINDOWS\SYSTEM32\bcrypt.dll
0x00007ffb95520000 - 0x00007ffb9552c000 	C:\WINDOWS\SYSTEM32\CRYPTBASE.dll
0x00007ffb1e920000 - 0x00007ffb1e928000 	C:\WINDOWS\system32\wshunix.dll

JVMTI agents:
C:\Users\Windows 10\.gradle\wrapper\dists\gradle-9.3.1-bin\23ovyewtku6u96viwx3xl3oks\gradle-9.3.1\lib\agents\gradle-instrumentation-agent-9.3.1.jar path:C:\Program Files\Android\Android Studio\jbr\bin\instrument.dll, loaded, initialized, instrumentlib options:none

dbghelp: loaded successfully - version: 4.0.5 - missing functions: none
symbol engine: initialized successfully - sym options: 0x614 - pdb path: .;C:\Program Files\Android\Android Studio\jbr\bin;C:\WINDOWS\SYSTEM32;C:\Program Files\AVG\Antivirus;C:\WINDOWS\WinSxS\amd64_microsoft.windows.common-controls_6595b64144ccf1df_6.0.26100.9278_none_3e0d1ba8e3303201;C:\Program Files\Android\Android Studio\jbr\bin\server;C:\Users\Windows 10\.gradle\native\660c5614fbf4a5f2a75b1949f50a0caf5cd603558e7d8a26e50b933a0cfb79d1\windows-amd64;C:\Users\Windows 10\.gradle\native\0.2.8\x86_64-windows-gnu

VM Arguments:
jvm_args: --add-opens=java.base/java.lang=ALL-UNNAMED --add-opens=java.base/java.lang.invoke=ALL-UNNAMED --add-opens=java.base/java.util=ALL-UNNAMED --add-opens=java.prefs/java.util.prefs=ALL-UNNAMED --add-exports=jdk.compiler/com.sun.tools.javac.api=ALL-UNNAMED --add-exports=jdk.compiler/com.sun.tools.javac.util=ALL-UNNAMED --add-opens=java.base/java.util=ALL-UNNAMED --add-opens=java.prefs/java.util.prefs=ALL-UNNAMED --add-opens=java.base/java.nio.charset=ALL-UNNAMED --add-opens=java.base/java.net=ALL-UNNAMED --add-opens=java.base/java.util.concurrent=ALL-UNNAMED --add-opens=java.base/java.util.concurrent.atomic=ALL-UNNAMED --add-opens=java.xml/javax.xml.namespace=ALL-UNNAMED --add-opens=java.base/java.time=ALL-UNNAMED -Xmx2048m -Dfile.encoding=UTF-8 -Duser.country=ZA -Duser.language=en -Duser.variant -javaagent:C:\Users\Windows 10\.gradle\wrapper\dists\gradle-9.3.1-bin\23ovyewtku6u96viwx3xl3oks\gradle-9.3.1\lib\agents\gradle-instrumentation-agent-9.3.1.jar 
java_command: org.gradle.launcher.daemon.bootstrap.GradleDaemon 9.3.1
java_class_path (initial): C:\Users\Windows 10\.gradle\wrapper\dists\gradle-9.3.1-bin\23ovyewtku6u96viwx3xl3oks\gradle-9.3.1\lib\gradle-daemon-main-9.3.1.jar
Launcher Type: SUN_STANDARD

[Global flags]
     intx CICompilerCount                          = 12                                        {product} {ergonomic}
     uint ConcGCThreads                            = 3                                         {product} {ergonomic}
     uint G1ConcRefinementThreads                  = 13                                        {product} {ergonomic}
   size_t G1HeapRegionSize                         = 1048576                                   {product} {ergonomic}
    uintx GCDrainStackTargetSize                   = 64                                        {product} {ergonomic}
   size_t InitialHeapSize                          = 123731968                                 {product} {ergonomic}
   size_t MarkStackSize                            = 4194304                                   {product} {ergonomic}
   size_t MaxHeapSize                              = 2147483648                                {product} {command line}
   size_t MaxNewSize                               = 1287651328                                {product} {ergonomic}
   size_t MinHeapDeltaBytes                        = 1048576                                   {product} {ergonomic}
   size_t MinHeapSize                              = 8388608                                   {product} {ergonomic}
    uintx NonNMethodCodeHeapSize                   = 7602480                                {pd product} {ergonomic}
    uintx NonProfiledCodeHeapSize                  = 122027880                              {pd product} {ergonomic}
    uintx ProfiledCodeHeapSize                     = 122027880                              {pd product} {ergonomic}
    uintx ReservedCodeCacheSize                    = 251658240                              {pd product} {ergonomic}
     bool SegmentedCodeCache                       = true                                      {product} {ergonomic}
   size_t SoftMaxHeapSize                          = 2147483648                             {manageable} {ergonomic}
     bool UseCompressedOops                        = true                           {product lp64_product} {ergonomic}
     bool UseG1GC                                  = true                                      {product} {ergonomic}
     bool UseLargePagesIndividualAllocation        = false                                  {pd product} {ergonomic}

Logging:
Log output configuration:
 #0: stdout all=warning uptime,level,tags foldmultilines=false
 #1: stderr all=off uptime,level,tags foldmultilines=false

Release file:
JAVA_VERSION="21.0.10" 
MODULES="java.base java.compiler java.datatransfer java.xml java.prefs java.desktop java.instrument java.logging java.management java.security.sasl java.naming java.rmi java.management.rmi java.net.http java.scripting java.security.jgss java.transaction.xa java.sql java.sql.rowset java.xml.crypto java.se java.smartcardio jdk.accessibility jdk.internal.jvmstat jdk.attach jdk.charsets jdk.internal.opt jdk.zipfs jdk.compiler jdk.crypto.ec jdk.crypto.cryptoki jdk.dynalink jdk.hotspot.agent jdk.httpserver jdk.internal.ed jdk.internal.le jdk.internal.vm.ci jdk.jartool jdk.javadoc jdk.jcmd jdk.jdeps jdk.jdwp.agent jdk.jdi jdk.jfr jdk.jlink jdk.jsobject jdk.localedata jdk.management jdk.management.agent jdk.management.jfr jdk.naming.dns jdk.naming.rmi jdk.net jdk.sctp jdk.security.auth jdk.security.jgss jdk.unsupported jdk.unsupported.desktop jdk.xml.dom" 
IMPLEMENTOR="JetBrains s.r.o." 
JAVA_RUNTIME_VERSION="21.0.10+-14961533-b1163.108" 
LIBC="default" 
OS_ARCH="x86_64" 
OS_NAME="Windows" 
SOURCE=".:git:1351622c2ff2" 

Environment Variables:
PATH=C:\app\dbhomeXE\bin;C:\Windows\dbhomeXE\bin;C:\Program Files (x86)\Common Files\Oracle\Java\javapath;C:\Program Files (x86)\NVIDIA Corporation\PhysX\Common;C:\Program Files\Common Files\Oracle\Java\javapath;C:\WINDOWS\system32;C:\WINDOWS;C:\WINDOWS\System32\Wbem;C:\WINDOWS\System32\WindowsPowerShell\v1.0\;C:\WINDOWS\System32\OpenSSH\;C:\Program Files (x86)\Microsoft SQL Server\160\DTS\Binn\;C:\Program Files\Azure Data Studio\bin;C:\Program Files\dotnet\;C:\Program Files\Microsoft SQL Server\150\Tools\Binn\;C:\Program Files\Git\cmd;C:\Program Files\Microsoft SQL Server\Client SDK\ODBC\170\Tools\Binn\;C:\Program Files (x86)\Microsoft SQL Server\160\Tools\Binn\;C:\Program Files\Microsoft SQL Server\160\Tools\Binn\;C:\Program Files\Microsoft SQL Server\160\DTS\Binn\;C:\Users\Windows 10\AppData\Local\Microsoft\WindowsApps;C:\Program Files\Azure Data Studio\bin;C:\Users\Windows 10\AppData\Local\Programs\Microsoft VS Code Insiders\bin;C:\Users\Windows 10\AppData\Local\GitHubDesktop\bin;C:\ProgramData\Windows 10\GitHubDesktop\bin;C:\Users\Windows 10\.dotnet\tools
USERNAME=Windows 10
OS=Windows_NT
PROCESSOR_IDENTIFIER=AMD64 Family 23 Model 104 Stepping 1, AuthenticAMD
TMP=C:\Users\WINDOW~1\AppData\Local\Temp
TEMP=C:\Users\WINDOW~1\AppData\Local\Temp




Periodic native trim disabled

JNI global refs:
JNI global refs: 36, weak refs: 22

JNI global refs memory usage: 835, weak refs: 833

Process memory usage:
Resident Set Size: 637468K (8% of 7681536K total physical memory with 548036K free physical memory)

OOME stack traces (most recent first):
Classloader memory used:
Loader org.gradle.internal.classloader.VisitableURLClassLoader                         : 107M
Loader org.gradle.internal.classloader.VisitableURLClassLoader$InstrumentingVisitableURLClassLoader: 48411K
Loader bootstrap                                                                       : 30204K
Loader org.gradle.initialization.MixInLegacyTypesClassLoader                           : 13368K
Loader org.gradle.internal.classloader.VisitableURLClassLoader                         : 1239K
Loader jdk.internal.reflect.DelegatingClassLoader                                      : 608K
Loader jdk.internal.jrtfs.JrtFileSystemProvider$JrtFsLoader                            : 341K
Loader jdk.internal.loader.ClassLoaders$PlatformClassLoader                            : 236K
Loader jdk.internal.loader.ClassLoaders$AppClassLoader                                 : 232K
Loader org.gradle.groovy.scripts.internal.DefaultScriptCompilationHandler$ScriptClassLoader: 207K
Loader sun.reflect.misc.MethodUtil                                                     : 2984B

Classes loaded by more than one classloader:
Class Program                                                                         : loaded 8 times (x 72B)
Class Build_gradle                                                                    : loaded 6 times (x 126B)
Class com.google.common.collect.Iterators$SingletonIterator                           : loaded 4 times (x 81B)
Class com.google.common.collect.Iterators                                             : loaded 4 times (x 71B)
Class com.google.common.collect.Lists$StringAsImmutableList                           : loaded 4 times (x 207B)
Class com.google.common.collect.Iterators$MergingIterator                             : loaded 4 times (x 81B)
Class com.google.common.collect.UnmodifiableListIterator                              : loaded 4 times (x 95B)
Class com.google.common.collect.AbstractIterator                                      : loaded 4 times (x 82B)
Class com.google.common.collect.ImmutableList                                         : loaded 4 times (x 206B)
Class com.google.common.collect.AbstractIndexedListIterator                           : loaded 4 times (x 96B)
Class org.gradle.kotlin.dsl.VersionCatalogAccessorsKt                                 : loaded 4 times (x 71B)
Class com.google.common.collect.Iterators$1                                           : loaded 4 times (x 81B)
Class com.google.common.collect.Iterators$4                                           : loaded 4 times (x 82B)
Class com.google.common.collect.Iterators$ArrayItr                                    : loaded 4 times (x 97B)
Class com.google.common.collect.Iterators$5                                           : loaded 4 times (x 82B)
Class com.google.common.collect.ImmutableCollection                                   : loaded 4 times (x 125B)
Class com.google.common.collect.Lists                                                 : loaded 4 times (x 71B)
Class com.google.common.collect.Iterators$9                                           : loaded 4 times (x 81B)
Class com.google.common.collect.UnmodifiableIterator                                  : loaded 4 times (x 80B)
Class com.google.common.base.Preconditions                                            : loaded 4 times (x 71B)
Class com.google.common.collect.PeekingIterator                                       : loaded 4 times (x 70B)
Class com.google.common.cache.LocalCache$EntryFactory$3                               : loaded 3 times (x 83B)
Class org.objectweb.asm.ModuleWriter                                                  : loaded 3 times (x 82B)
Class com.google.common.cache.LocalCache$EntryFactory$2                               : loaded 3 times (x 83B)
Class com.google.common.base.CharMatcher$1                                            : loaded 3 times (x 113B)
Class com.google.common.base.CharMatcher$NamedFastMatcher                             : loaded 3 times (x 112B)
Class [Lcom.google.common.cache.RemovalListener;                                      : loaded 3 times (x 69B)
Class com.google.common.cache.LocalCache$EntryFactory$1                               : loaded 3 times (x 83B)
Class org.objectweb.asm.MethodVisitor                                                 : loaded 3 times (x 105B)
Class org.objectweb.asm.Frame                                                         : loaded 3 times (x 73B)
Class com.google.common.base.Joiner$2                                                 : loaded 3 times (x 79B)
Class com.google.common.base.Ticker$1                                                 : loaded 3 times (x 72B)
Class com.google.common.base.CharMatcher                                              : loaded 3 times (x 111B)
Class org.objectweb.asm.ClassTooLargeException                                        : loaded 3 times (x 83B)
Class org.objectweb.asm.CurrentFrame                                                  : loaded 3 times (x 73B)
Class com.google.common.base.PairwiseEquivalence                                      : loaded 3 times (x 83B)
Class com.google.common.base.Equivalence$Identity                                     : loaded 3 times (x 82B)
Class org.objectweb.asm.Label                                                         : loaded 3 times (x 73B)
Class com.google.common.base.Joiner$1                                                 : loaded 3 times (x 80B)
Class com.google.common.collect.RegularImmutableMap$KeySet                            : loaded 3 times (x 152B)
Class com.google.common.collect.Maps$BiMapConverter                                   : loaded 3 times (x 90B)
Class com.google.common.collect.Hashing                                               : loaded 3 times (x 71B)
Class com.google.common.base.Equivalence$Equals                                       : loaded 3 times (x 82B)
Class com.google.common.util.concurrent.AbstractFuture$Failure                        : loaded 3 times (x 72B)
Class com.google.common.base.PatternCompiler                                          : loaded 3 times (x 70B)
Class com.google.common.base.CharMatcher$Is                                           : loaded 3 times (x 111B)
Class com.google.common.base.CharMatcher$Negated                                      : loaded 3 times (x 113B)
Class com.google.common.cache.LocalCache$ValueReference                               : loaded 3 times (x 70B)
Class com.google.common.collect.RegularImmutableBiMap                                 : loaded 3 times (x 149B)
Class com.google.common.collect.RegularImmutableMap$BucketOverflowException           : loaded 3 times (x 82B)
Class [Lcom.google.common.cache.Weigher;                                              : loaded 3 times (x 69B)
Class org.objectweb.asm.MethodWriter                                                  : loaded 3 times (x 106B)
Class com.google.common.cache.LoadingCache                                            : loaded 3 times (x 70B)
Class com.google.common.util.concurrent.AbstractFuture$TrustedFuture                  : loaded 3 times (x 114B)
Class com.google.common.cache.LocalCache$StrongEntry                                  : loaded 3 times (x 108B)
Class com.google.common.collect.ImmutableSet$RegularSetBuilderImpl                    : loaded 3 times (x 77B)
Class com.google.common.cache.CacheLoader$InvalidCacheLoadException                   : loaded 3 times (x 82B)
Class org.objectweb.asm.SymbolTable                                                   : loaded 3 times (x 72B)
Class org.gradle.internal.IoActions                                                   : loaded 3 times (x 71B)
Class org.jetbrains.kotlin.tooling.core.HasMutableExtras                              : loaded 3 times (x 70B)
Class com.google.common.cache.LocalCache$AbstractReferenceEntry                       : loaded 3 times (x 107B)
Class com.google.common.cache.LocalCache$EntryFactory                                 : loaded 3 times (x 83B)
Class com.google.common.collect.SortedMapDifference                                   : loaded 3 times (x 70B)
Class com.google.common.collect.CollectPreconditions                                  : loaded 3 times (x 71B)
Class org.gradle.api.GradleException                                                  : loaded 3 times (x 82B)
Class com.google.common.collect.ImmutableEntry                                        : loaded 3 times (x 82B)
Class [Lcom.google.common.collect.AbstractMapEntry;                                   : loaded 3 times (x 69B)
Class com.google.common.cache.CacheBuilder$3                                          : loaded 3 times (x 72B)
Class com.google.common.collect.ArrayListMultimap                                     : loaded 3 times (x 172B)
Class com.google.common.base.CharMatcher$NegatedFastMatcher                           : loaded 3 times (x 113B)
Class com.google.common.cache.CacheBuilder$2                                          : loaded 3 times (x 79B)
Class com.google.common.cache.LocalCache                                              : loaded 3 times (x 187B)
Class com.google.common.collect.ImmutableMap                                          : loaded 3 times (x 120B)
Class com.google.common.base.Predicate                                                : loaded 3 times (x 70B)
Class com.google.common.cache.CacheBuilder$1                                          : loaded 3 times (x 85B)
Class com.google.common.base.CharMatcher$IsEither                                     : loaded 3 times (x 111B)
Class [Lcom.google.common.cache.LocalCache$Strength;                                  : loaded 3 times (x 69B)
Class [Lcom.google.common.cache.LocalCache$Segment;                                   : loaded 3 times (x 69B)
Class com.google.common.base.CharMatcher$FastMatcher                                  : loaded 3 times (x 111B)
Class com.google.common.base.Ticker                                                   : loaded 3 times (x 72B)
Class org.objectweb.asm.Handler                                                       : loaded 3 times (x 72B)
Class com.google.common.collect.Sets                                                  : loaded 3 times (x 71B)
Class com.google.common.base.Strings                                                  : loaded 3 times (x 71B)
Class org.gradle.api.Action                                                           : loaded 3 times (x 70B)
Class org.gradle.internal.Cast                                                        : loaded 3 times (x 71B)
Class com.google.common.base.Supplier                                                 : loaded 3 times (x 70B)
Class org.objectweb.asm.Attribute                                                     : loaded 3 times (x 77B)
Class com.google.common.base.CharMatcher$Or                                           : loaded 3 times (x 112B)
Class com.google.common.util.concurrent.AbstractFuture$Listener                       : loaded 3 times (x 72B)
Class org.objectweb.asm.RecordComponentWriter                                         : loaded 3 times (x 78B)
Class com.google.common.cache.CacheStats                                              : loaded 3 times (x 71B)
Class org.objectweb.asm.AnnotationWriter                                              : loaded 3 times (x 79B)
Class com.google.common.collect.ImmutableSet                                          : loaded 3 times (x 145B)
Class com.google.common.collect.RegularImmutableMap$Values                            : loaded 3 times (x 207B)
Class com.google.common.base.CharMatcher$BitSetMatcher                                : loaded 3 times (x 112B)
Class org.objectweb.asm.Symbol                                                        : loaded 3 times (x 73B)
Class [Lcom.google.common.cache.CacheBuilder$NullListener;                            : loaded 3 times (x 69B)
Class org.objectweb.asm.ByteVector                                                    : loaded 3 times (x 79B)
Class com.google.common.math.IntMath$1                                                : loaded 3 times (x 71B)
Class org.objectweb.asm.Type                                                          : loaded 3 times (x 72B)
Class org.jetbrains.kotlin.tooling.core.Extras                                        : loaded 3 times (x 70B)
Class com.google.common.cache.LocalCache$StrongValueReference                         : loaded 3 times (x 90B)
Class com.google.common.collect.Sets$SetView                                          : loaded 3 times (x 138B)
Class com.google.common.collect.Maps$8                                                : loaded 3 times (x 82B)
Class [Lorg.objectweb.asm.AnnotationWriter;                                           : loaded 3 times (x 69B)
Class com.google.common.base.Platform                                                 : loaded 3 times (x 71B)
Class com.google.common.collect.ImmutableMapEntrySet$RegularEntrySet                  : loaded 3 times (x 152B)
Class [Lcom.google.common.collect.ImmutableEntry;                                     : loaded 3 times (x 69B)
Class com.google.common.collect.Maps                                                  : loaded 3 times (x 71B)
Class com.google.common.util.concurrent.LazyLogger                                    : loaded 3 times (x 72B)
Class com.google.common.collect.ImmutableEnumSet                                      : loaded 3 times (x 146B)
Class org.jetbrains.kotlin.tooling.core.HasExtras                                     : loaded 3 times (x 70B)
Class com.google.common.util.concurrent.Uninterruptibles                              : loaded 3 times (x 71B)
Class com.google.common.collect.RegularImmutableList                                  : loaded 3 times (x 213B)
Class com.google.common.cache.CacheBuilder$OneWeigher                                 : loaded 3 times (x 82B)
Class com.google.common.collect.ImmutableMapEntry$NonTerminalImmutableMapEntry        : loaded 3 times (x 85B)
Class com.google.common.base.Function                                                 : loaded 3 times (x 70B)
Class com.google.common.base.Equivalence                                              : loaded 3 times (x 82B)
Class com.google.common.collect.ImmutableMapEntry                                     : loaded 3 times (x 85B)
Class com.google.common.util.concurrent.ExecutionError                                : loaded 3 times (x 82B)
Class com.google.common.math.IntMath                                                  : loaded 3 times (x 71B)
Class com.google.common.collect.AbstractMapBasedMultimap$KeySet                       : loaded 3 times (x 137B)
Class com.google.common.base.CharMatcher$IsNot                                        : loaded 3 times (x 111B)
Class com.google.common.collect.ImmutableList$1                                       : loaded 3 times (x 97B)
Class com.google.common.cache.LocalCache$LocalManualCache                             : loaded 3 times (x 99B)
Class com.google.common.base.CommonPattern                                            : loaded 3 times (x 74B)
Class [Lcom.google.common.cache.LocalCache$EntryFactory;                              : loaded 3 times (x 69B)
Class com.google.common.cache.CacheLoader$SupplierToCacheLoader                       : loaded 3 times (x 75B)
Class org.objectweb.asm.RecordComponentVisitor                                        : loaded 3 times (x 77B)
Class com.google.common.collect.RegularImmutableSet                                   : loaded 3 times (x 149B)
Class com.google.common.collect.ImmutableAsList                                       : loaded 3 times (x 209B)
Class com.google.common.collect.ImmutableSet$Builder                                  : loaded 3 times (x 85B)
Class com.google.common.base.FunctionalEquivalence                                    : loaded 3 times (x 83B)
Class com.google.common.util.concurrent.AbstractFuture                                : loaded 3 times (x 106B)
Class com.google.common.collect.AbstractMapBasedMultimap                              : loaded 3 times (x 139B)
Class com.google.common.collect.ImmutableSet$CachingAsList                            : loaded 3 times (x 148B)
Class com.google.common.base.Converter                                                : loaded 3 times (x 90B)
Class com.google.common.cache.ReferenceEntry                                          : loaded 3 times (x 70B)
Class com.google.common.util.concurrent.ListenableFuture                              : loaded 3 times (x 70B)
Class com.google.common.cache.LocalCache$EntryFactory$4                               : loaded 3 times (x 83B)
Class com.google.common.base.CharMatcher$InRange                                      : loaded 3 times (x 111B)
Class com.google.common.base.CharMatcher$AnyOf                                        : loaded 3 times (x 112B)
Class com.google.common.base.CharMatcher$ForPredicate                                 : loaded 3 times (x 112B)
Class com.google.common.cache.LocalCache$LocalManualCache$1                           : loaded 3 times (x 75B)
Class com.google.common.cache.LocalCache$EntryFactory$5                               : loaded 3 times (x 83B)
Class com.google.common.util.concurrent.internal.InternalFutureFailureAccess          : loaded 3 times (x 72B)
Class com.google.common.collect.ImmutableSet$JdkBackedSetBuilderImpl                  : loaded 3 times (x 76B)
Class com.google.common.collect.ImmutableBiMap                                        : loaded 3 times (x 143B)
Class com.google.common.cache.LocalCache$EntryFactory$6                               : loaded 3 times (x 83B)
Class com.google.common.cache.CacheLoader                                             : loaded 3 times (x 74B)
Class [Lorg.objectweb.asm.SymbolTable$Entry;                                          : loaded 3 times (x 69B)
Class com.google.common.collect.AbstractListMultimap                                  : loaded 3 times (x 172B)
Class com.google.common.cache.LocalCache$Segment                                      : loaded 3 times (x 154B)
Class com.google.common.collect.ImmutableMap$IteratorBasedImmutableMap                : loaded 3 times (x 126B)
Class com.google.common.collect.RegularImmutableMap                                   : loaded 3 times (x 121B)
Class com.google.common.collect.ImmutableMap$MapViewOfValuesAsSingletonSets           : loaded 3 times (x 126B)
Class com.google.common.collect.SingletonImmutableSet                                 : loaded 3 times (x 146B)
Class com.google.common.cache.LocalCache$ComputingValueReference                      : loaded 3 times (x 96B)
Class com.google.common.collect.Maps$KeySet                                           : loaded 3 times (x 137B)
Class com.google.common.base.Suppliers$SupplierOfInstance                             : loaded 3 times (x 79B)
Class org.objectweb.asm.Edge                                                          : loaded 3 times (x 72B)
Class org.objectweb.asm.SymbolTable$Entry                                             : loaded 3 times (x 74B)
Class com.google.common.collect.ImmutableList$ReverseImmutableList                    : loaded 3 times (x 209B)
Class com.google.common.base.JdkPattern                                               : loaded 3 times (x 75B)
Class com.google.common.collect.SingletonImmutableList                                : loaded 3 times (x 207B)
Class com.google.common.cache.CacheBuilder                                            : loaded 3 times (x 72B)
Class com.google.common.collect.ImmutableSet$EmptySetBuilderImpl                      : loaded 3 times (x 76B)
Class com.google.common.collect.Multimap                                              : loaded 3 times (x 70B)
Class com.google.common.primitives.IntsMethodsForWeb                                  : loaded 3 times (x 71B)
Class com.google.common.cache.RemovalListener                                         : loaded 3 times (x 70B)
Class com.google.common.collect.ImmutableMap$Builder                                  : loaded 3 times (x 82B)
Class com.google.common.util.concurrent.AbstractFuture$Cancellation                   : loaded 3 times (x 72B)
Class com.google.common.cache.Cache                                                   : loaded 3 times (x 70B)
Class com.google.common.cache.LocalCache$Strength                                     : loaded 3 times (x 81B)
Class com.google.common.base.Stopwatch                                                : loaded 3 times (x 72B)
Class com.google.common.cache.Weigher                                                 : loaded 3 times (x 70B)
Class com.google.common.collect.ImmutableMapEntrySet                                  : loaded 3 times (x 152B)
Class [Lorg.objectweb.asm.Symbol;                                                     : loaded 3 times (x 69B)
Class org.objectweb.asm.ClassVisitor                                                  : loaded 3 times (x 88B)
Class com.google.common.cache.LocalCache$EntryFactory$7                               : loaded 3 times (x 83B)
Class com.google.common.collect.ArrayListMultimapGwtSerializationDependencies         : loaded 3 times (x 172B)
Class com.google.common.collect.Multiset                                              : loaded 3 times (x 70B)
Class com.google.common.math.MathPreconditions                                        : loaded 3 times (x 71B)
Class com.google.common.collect.ObjectArrays                                          : loaded 3 times (x 71B)
Class org.jetbrains.kotlin.util.capitalizeDecapitalize.CapitalizeDecapitalizeKt       : loaded 3 times (x 71B)
Class com.google.common.primitives.Ints                                               : loaded 3 times (x 71B)
Class com.google.common.collect.BiMap                                                 : loaded 3 times (x 70B)
Class com.google.common.collect.ImmutableMap$1                                        : loaded 3 times (x 81B)
Class com.google.common.collect.IndexedImmutableSet                                   : loaded 3 times (x 152B)
Class org.objectweb.asm.FieldVisitor                                                  : loaded 3 times (x 77B)
Class com.google.common.base.CharMatcher$And                                          : loaded 3 times (x 112B)
Class com.google.common.cache.CacheLoader$UnsupportedLoadingOperationException        : loaded 3 times (x 82B)
Class org.objectweb.asm.ClassWriter                                                   : loaded 3 times (x 106B)
Class com.google.common.cache.LocalCache$EntryFactory$8                               : loaded 3 times (x 83B)
Class com.google.common.collect.AbstractMapBasedMultimap$KeySet$1                     : loaded 3 times (x 82B)
Class com.google.common.collect.ImmutableSet$SetBuilderImpl                           : loaded 3 times (x 76B)
Class com.google.common.util.concurrent.UncheckedExecutionException                   : loaded 3 times (x 82B)
Class com.google.common.cache.CacheLoader$1                                           : loaded 3 times (x 75B)
Class com.google.common.collect.ImmutableList$SubList                                 : loaded 3 times (x 209B)
Class com.google.common.util.concurrent.AbstractFuture$Trusted                        : loaded 3 times (x 70B)
Class com.google.common.collect.RegularImmutableAsList                                : loaded 3 times (x 217B)
Class com.google.common.cache.LocalCache$2                                            : loaded 3 times (x 142B)
Class com.google.common.collect.AbstractMultimap                                      : loaded 3 times (x 123B)
Class com.google.common.base.Platform$JdkPatternCompiler                              : loaded 3 times (x 75B)
Class com.google.common.collect.ImmutableList$Builder                                 : loaded 3 times (x 77B)
Class com.google.common.collect.Sets$ImprovedAbstractSet                              : loaded 3 times (x 135B)
Class com.intellij.gradle.toolingExtension.util.GradleVersionUtil                     : loaded 3 times (x 71B)
Class com.google.common.collect.AbstractMapEntry                                      : loaded 3 times (x 81B)
Class com.google.common.cache.AbstractCache$StatsCounter                              : loaded 3 times (x 70B)
Class com.google.common.cache.LocalCache$1                                            : loaded 3 times (x 89B)
Class com.google.common.collect.SingletonImmutableBiMap                               : loaded 3 times (x 143B)
Class com.google.common.base.Ascii                                                    : loaded 3 times (x 71B)
Class com.google.common.cache.LocalCache$LoadingValueReference                        : loaded 3 times (x 96B)
Class [Lorg.objectweb.asm.Type;                                                       : loaded 3 times (x 69B)
Class com.google.common.collect.Platform                                              : loaded 3 times (x 71B)
Class com.google.common.base.MoreObjects                                              : loaded 3 times (x 71B)
Class com.google.common.base.Joiner                                                   : loaded 3 times (x 79B)
Class com.google.common.collect.ImmutableCollection$Builder                           : loaded 3 times (x 76B)
Class com.google.common.collect.Iterables                                             : loaded 3 times (x 71B)
Class com.google.common.cache.CacheLoader$FunctionToCacheLoader                       : loaded 3 times (x 75B)
Class org.objectweb.asm.MethodTooLargeException                                       : loaded 3 times (x 83B)
Class com.google.common.cache.CacheBuilder$NullListener                               : loaded 3 times (x 82B)
Class org.objectweb.asm.FieldWriter                                                   : loaded 3 times (x 78B)
Class com.google.common.collect.MapDifference                                         : loaded 3 times (x 70B)
Class com.google.common.cache.LocalCache$Strength$3                                   : loaded 3 times (x 81B)
Class com.google.common.cache.LocalCache$Strength$2                                   : loaded 3 times (x 81B)
Class com.google.common.util.concurrent.SettableFuture                                : loaded 3 times (x 114B)
Class com.google.common.cache.LocalCache$Strength$1                                   : loaded 3 times (x 81B)
Class org.objectweb.asm.ModuleVisitor                                                 : loaded 3 times (x 81B)
Class com.google.common.collect.Sets$4                                                : loaded 3 times (x 139B)
Class [Lcom.google.common.cache.CacheBuilder$OneWeigher;                              : loaded 3 times (x 69B)
Class com.google.common.base.Suppliers                                                : loaded 3 times (x 71B)
Class com.google.common.cache.LocalCache$LocalLoadingCache                            : loaded 3 times (x 134B)
Class com.google.common.collect.Sets$3                                                : loaded 3 times (x 139B)
Class [Lorg.objectweb.asm.AnnotationVisitor;                                          : loaded 3 times (x 69B)
Class com.google.common.collect.Sets$2                                                : loaded 3 times (x 139B)
Class org.objectweb.asm.AnnotationVisitor                                             : loaded 3 times (x 78B)
Class com.google.common.collect.Sets$1                                                : loaded 3 times (x 139B)
Class com.google.common.collect.ImmutableEnumMap                                      : loaded 3 times (x 126B)
Class com.google.common.collect.ListMultimap                                          : loaded 3 times (x 70B)
Class [Lcom.google.common.collect.ImmutableMapEntry;                                  : loaded 3 times (x 69B)
Class com.android.build.gradle.tasks.ExternalNativeBuildTask                          : loaded 2 times (x 327B)
Class com.android.build.gradle.internal.DependencyConfigurator$configureGeneralTransforms$3: loaded 2 times (x 75B)
Class com.android.build.api.variant.impl.DirectoryEntry                               : loaded 2 times (x 70B)
Class [Lcom.android.build.api.variant.impl.SourceType;                                : loaded 2 times (x 69B)
Class com.android.build.gradle.internal.core.dsl.impl.DslInfoUtilsKt$getInstrumentationRunner$1: loaded 2 times (x 75B)
Class com.android.build.gradle.internal.coverage.tasks.CodeCoverageReportCreationConfig: loaded 2 times (x 70B)
Class com.android.build.gradle.internal.tasks.FinalizeBundleTask$CreationAction       : loaded 2 times (x 90B)
Class com.android.build.gradle.internal.scope.InternalArtifactType$EXTERNAL_LIBS_DEX_ARCHIVE: loaded 2 times (x 74B)
Class com.android.build.gradle.internal.tasks.DexArchiveBuilderTask$CreationAction    : loaded 2 times (x 93B)
Class org.jetbrains.kotlin.gradle.plugin.KotlinTargetWithTests                        : loaded 2 times (x 70B)
Class [Lorg.jetbrains.kotlin.gradle.dsl.KotlinVersion;                                : loaded 2 times (x 69B)
Class org.jetbrains.kotlin.gradle.plugin.diagnostics.ToolingDiagnosticRenderingOptions: loaded 2 times (x 72B)
Class org.jetbrains.kotlin.gradle.plugin.diagnostics.UsesKotlinToolingDiagnosticsParameters: loaded 2 times (x 70B)
Class org.jetbrains.kotlin.compilerRunner.CompilerSystemPropertiesService$Parameters_Decorated: loaded 2 times (x 130B)
Class com.android.build.api.artifact.impl.ArtifactTransformationRequestImpl           : loaded 2 times (x 76B)
Class com.android.build.api.artifact.Artifact$Multiple                                : loaded 2 times (x 74B)
Class com.android.build.api.artifact.Artifact$Appendable                              : loaded 2 times (x 70B)
Class com.android.build.gradle.internal.core.dsl.impl.VariantDslInfoImpl$namespace$1  : loaded 2 times (x 75B)
Class com.android.build.api.variant.impl.ApplicationAndroidResourcesBuilderImpl       : loaded 2 times (x 75B)
Class com.android.build.gradle.internal.TaskManager$Companion$createTasksBeforeEvaluate$2: loaded 2 times (x 74B)
Class com.android.build.gradle.internal.cxx.model.CxxAbiModel                         : loaded 2 times (x 72B)
Class com.android.build.gradle.internal.dsl.ShaderOptions                             : loaded 2 times (x 87B)
Class com.android.build.gradle.internal.dsl.SigningConfigFactory                      : loaded 2 times (x 77B)
Class com.android.build.gradle.internal.dsl.BaseFlavor                                : loaded 2 times (x 428B)
Class org.jetbrains.kotlin.gradle.plugin.PropertiesProvider$classLoaderCacheTimeoutInSeconds$1: loaded 2 times (x 75B)
Class org.jetbrains.kotlin.gradle.report.BuildMetricsService                          : loaded 2 times (x 86B)
Class com.android.utils.EnvironmentProvider$DirectEnvironmentProvider                 : loaded 2 times (x 80B)
Class com.google.wireless.android.sdk.stats.GarbageCollectionStatsOrBuilder           : loaded 2 times (x 70B)
Class com.android.build.gradle.internal.profile.AnalyticsService                      : loaded 2 times (x 110B)
Class com.google.gson.internal.bind.TypeAdapters$32                                   : loaded 2 times (x 76B)
Class [Lcom.android.build.gradle.options.IntegerOption;                               : loaded 2 times (x 69B)
Class com.android.build.gradle.options.BooleanOption                                  : loaded 2 times (x 89B)
Class com.android.build.gradle.internal.plugins.AbstractAppPlugin                     : loaded 2 times (x 93B)
Class kotlin.collections.AbstractList$Companion                                       : loaded 2 times (x 71B)
Class org.gradle.internal.classloader.ClassLoaderVisitor                              : loaded 2 times (x 76B)
Class com.android.build.gradle.internal.api.ApplicationVariantImpl                    : loaded 2 times (x 262B)
Class com.android.build.gradle.internal.tasks.factory.BootClasspathConfigImpl$fullBootClasspathProvider$2$1: loaded 2 times (x 127B)
Class com.android.build.gradle.internal.dependency.DexingOutputSplitTransform         : loaded 2 times (x 78B)
Class com.android.build.gradle.internal.DependencyConfigurator$configureGeneralTransforms$4: loaded 2 times (x 75B)
Class com.android.build.gradle.internal.cxx.configure.ExperimentalPropertyExtensionsKt: loaded 2 times (x 71B)
Class com.android.build.gradle.internal.SdkComponentsBuildService$Parameters$Inject_  : loaded 2 times (x 120B)
Class com.android.build.gradle.tasks.AnalyzeDependenciesTask                          : loaded 2 times (x 334B)
Class com.android.build.gradle.tasks.factory.AndroidUnitTest$CreationAction           : loaded 2 times (x 91B)
Class com.android.build.gradle.internal.scope.InternalArtifactType$GLOBAL_SYNTHETICS_DEX: loaded 2 times (x 74B)
Class com.android.build.gradle.internal.tasks.OptimizeResourcesTask$CreateAction      : loaded 2 times (x 93B)
Class com.android.build.gradle.internal.scope.InternalArtifactType$DEX_NUMBER_OF_BUCKETS_FILE: loaded 2 times (x 74B)
Class com.android.build.gradle.internal.tasks.MergeFileTask                           : loaded 2 times (x 327B)
Class [Lorg.jetbrains.kotlin.gradle.plugin.KotlinCompilation;                         : loaded 2 times (x 69B)
Class org.jetbrains.kotlin.gradle.plugin.mpp.compilationImpl.KotlinCompilationLanguageSettingsConfigurator: loaded 2 times (x 74B)
Class com.android.build.api.component.impl.OldVariantApiLegacySupportImpl$outputs$2   : loaded 2 times (x 79B)
Class com.android.build.gradle.internal.instrumentation.AsmClassVisitorsFactoryRegistry: loaded 2 times (x 72B)
Class com.android.build.gradle.internal.core.dsl.features.NativeBuildDslInfo          : loaded 2 times (x 70B)
Class com.android.build.api.variant.UnitTest                                          : loaded 2 times (x 70B)
Class com.android.build.gradle.internal.variant.VariantPathHelper$deploymentApkLocation$2: loaded 2 times (x 79B)
Class com.android.build.gradle.internal.tasks.factory.GlobalTaskCreationAction        : loaded 2 times (x 89B)
Class com.android.build.gradle.internal.TaskManager$Companion$createTasksBeforeEvaluate$3: loaded 2 times (x 74B)
Class com.android.build.gradle.LintLifecycleExtensionImpl_Decorated                   : loaded 2 times (x 124B)
Class com.android.build.gradle.internal.dsl.BundleOptionsStoreArchive$AgpDecorated_Decorated: loaded 2 times (x 125B)
Class com.android.builder.model.LintOptions                                           : loaded 2 times (x 70B)
Class com.android.build.gradle.internal.api.DefaultAndroidSourceSet_Decorated         : loaded 2 times (x 273B)
Class com.google.common.base.Enums$StringConverter                                    : loaded 2 times (x 90B)
Class com.android.build.gradle.internal.dsl.ConfigurableFilesImpl                     : loaded 2 times (x 80B)
Class com.android.build.gradle.internal.dsl.LibraryPublishingImpl                     : loaded 2 times (x 86B)
Class com.android.build.gradle.internal.dsl.SplitOptions                              : loaded 2 times (x 88B)
Class com.android.build.gradle.internal.dsl.decorator.SupportedPropertyType$Collection$Map: loaded 2 times (x 74B)
Class com.android.build.gradle.internal.variant.AbstractVariantInputManager$Companion : loaded 2 times (x 71B)
Class org.jetbrains.kotlin.gradle.plugin.mpp.KotlinAndroidTargetVariantDslImpl        : loaded 2 times (x 75B)
Class org.jetbrains.kotlin.gradle.plugin.mpp.KotlinTargetComponentWithPublication     : loaded 2 times (x 70B)
Class org.jetbrains.kotlin.gradle.report.ReportingSettings$Companion                  : loaded 2 times (x 71B)
Class org.jetbrains.kotlin.gradle.report.ConfigureReporingKt                          : loaded 2 times (x 71B)
Class org.jetbrains.kotlin.gradle.plugin.AndroidGradlePluginVersionKt                 : loaded 2 times (x 71B)
Class org.jetbrains.kotlin.tooling.core.TypeUtils                                     : loaded 2 times (x 71B)
Class com.google.wireless.android.sdk.stats.GradleBuildProfile$Builder                : loaded 2 times (x 348B)
Class com.google.protobuf.UnknownFieldSet                                             : loaded 2 times (x 87B)
Class com.google.gson.internal.bind.ObjectTypeAdapter                                 : loaded 2 times (x 74B)
Class com.google.gson.internal.bind.TypeAdapters$33                                   : loaded 2 times (x 76B)
Class com.android.build.gradle.options.SyncOptions$EvaluationMode                     : loaded 2 times (x 79B)
Class com.android.build.FilterData                                                    : loaded 2 times (x 70B)
Class [Lcom.android.ide.common.repository.AgpVersion$PreviewKind;                     : loaded 2 times (x 69B)
Class org.gradle.accessors.dm.LibrariesForLibsInPluginsBlock$PluginAccessors          : loaded 2 times (x 74B)
Class org.gradle.api.internal.classpath.EffectiveClassPath                            : loaded 2 times (x 90B)
Class com.android.build.gradle.internal.tasks.factory.BootClasspathConfigImpl$fullBootClasspathProvider$2$2: loaded 2 times (x 127B)
Class com.android.build.gradle.internal.DependencyConfigurator$configureGeneralTransforms$5: loaded 2 times (x 75B)
Class com.android.build.gradle.internal.SdkComponentsBuildService$sdkDirectoryProvider$1: loaded 2 times (x 75B)
Class com.android.build.gradle.tasks.TestResultsCollectionTask$AggregatedTestResultsCollectionCreationAction$handleProvider$1: loaded 2 times (x 127B)
Class com.android.build.gradle.internal.tasks.FinalizeBundleTask$CreationAction$handleProvider$bundleNameProvider$1: loaded 2 times (x 75B)
Class com.android.build.gradle.internal.scope.InternalArtifactType$APP_METADATA       : loaded 2 times (x 74B)
Class com.android.build.api.variant.impl.SigningConfigImpl$enableV3Signing$1          : loaded 2 times (x 75B)
Class org.jetbrains.kotlin.gradle.plugin.mpp.compilationImpl.DefaultKotlinCompilationConfigurationsContainer: loaded 2 times (x 84B)
Class org.jetbrains.kotlin.gradle.plugin.diagnostics.ToolingDiagnostic                : loaded 2 times (x 72B)
Class org.jetbrains.kotlin.gradle.tasks.TasksProviderKt                               : loaded 2 times (x 71B)
Class com.android.build.gradle.internal.component.ComponentBasedBuiltInKotlinCreationConfig: loaded 2 times (x 104B)
Class com.android.build.gradle.internal.tasks.CheckManifest$CreationAction            : loaded 2 times (x 90B)
Class com.android.build.gradle.internal.scope.UnitTestBuildFeatureValuesImpl          : loaded 2 times (x 87B)
Class com.android.build.api.component.impl.DeviceTestImpl$androidResourcesCreationConfig$2: loaded 2 times (x 79B)
Class com.android.build.api.variant.impl.VariantImpl$optimizationCreationConfig$2     : loaded 2 times (x 79B)
Class com.android.build.gradle.internal.services.BuiltInKotlinSupportMode             : loaded 2 times (x 71B)
Class com.android.build.api.variant.impl.ApkPackagingImpl                             : loaded 2 times (x 89B)
Class com.android.build.gradle.internal.core.dsl.impl.ApplicationVariantDslInfoImpl$dexingDslInfo$2: loaded 2 times (x 79B)
Class com.android.build.gradle.internal.TaskManager$Companion$createTasksBeforeEvaluate$4: loaded 2 times (x 75B)
Class com.android.build.gradle.internal.services.TaskCreationServicesImpl             : loaded 2 times (x 102B)
Class com.android.build.gradle.options.SigningOptions                                 : loaded 2 times (x 72B)
Class com.google.wireless.android.sdk.stats.ProjectApiUse                             : loaded 2 times (x 197B)
Class com.android.build.gradle.internal.dsl.BundleOptions$AgpDecorated                : loaded 2 times (x 139B)
Class org.gradle.internal.classloader.DefaultClassLoaderFactory                       : loaded 2 times (x 82B)
Class com.android.build.api.dsl.ExternalNativeBuildFlags                              : loaded 2 times (x 70B)
Class com.android.build.gradle.internal.dsl.decorator.DslDecorator$Companion$classLoaderDefineClass$2: loaded 2 times (x 78B)
Class com.android.build.api.dsl.LibraryAndroidResources                               : loaded 2 times (x 70B)
Class org.jetbrains.kotlin.gradle.plugin.sources.DefaultKotlinSourceSetFactory        : loaded 2 times (x 80B)
Class com.google.protobuf.Internal                                                    : loaded 2 times (x 71B)
Class com.google.gson.internal.bind.TypeAdapters$34                                   : loaded 2 times (x 76B)
Class com.android.build.api.variant.HasDeviceTestsBuilder                             : loaded 2 times (x 70B)
Class com.android.build.gradle.options.FutureStage                                    : loaded 2 times (x 72B)
Class com.android.build.gradle.internal.plugins.BasePlugin$managedDeviceRegistry$2    : loaded 2 times (x 79B)
Class com.android.build.gradle.internal.plugins.AppPlugin                             : loaded 2 times (x 97B)
Class org.gradle.accessors.dm.LibrariesForLibs                                        : loaded 2 times (x 82B)
Class org.gradle.tooling.internal.gradle.DefaultProjectIdentifier                     : loaded 2 times (x 86B)
Class com.android.build.gradle.internal.publishing.PublishingSpecsKt                  : loaded 2 times (x 71B)
Class com.android.build.gradle.internal.tasks.factory.BootClasspathConfigImpl$fullBootClasspathProvider$2$3: loaded 2 times (x 127B)
Class com.android.build.gradle.internal.tasks.factory.BootClasspathConfigImpl$sam$org_gradle_api_Transformer$0: loaded 2 times (x 75B)
Class com.android.build.gradle.internal.DependencyConfigurator$configureGeneralTransforms$6: loaded 2 times (x 79B)
Class com.android.build.gradle.internal.cxx.logging.ThreadLoggingEnvironment$Companion$BottomLoggingEnvironment: loaded 2 times (x 80B)
Class com.android.build.api.component.impl.DefaultSourcesProviderImpl$getKotlin$1     : loaded 2 times (x 127B)
Class com.android.build.gradle.internal.tasks.SigningConfigWriterTask                 : loaded 2 times (x 329B)
Class org.jetbrains.kotlin.gradle.ExternalKotlinTargetApi                             : loaded 2 times (x 70B)
Class org.jetbrains.kotlin.buildtools.api.jvm.ClassSnapshotGranularity                : loaded 2 times (x 79B)
Class com.android.build.api.variant.JniLibsApkPackaging                               : loaded 2 times (x 70B)
Class com.android.build.api.variant.impl.JniLibsPackagingImpl$excludes$1              : loaded 2 times (x 75B)
Class com.android.build.api.artifact.InAndOutDirectoryOperationRequest                : loaded 2 times (x 70B)
Class com.android.build.gradle.internal.scope.InternalMultipleArtifactType            : loaded 2 times (x 74B)
Class com.android.build.gradle.internal.component.TestComponentCreationConfig         : loaded 2 times (x 70B)
Class com.android.build.api.variant.impl.BundleConfigImpl                             : loaded 2 times (x 76B)
Class com.android.build.gradle.internal.publishing.AndroidArtifacts$PublishedConfigType: loaded 2 times (x 79B)
Class com.android.build.gradle.internal.core.dsl.impl.features.RenderscriptDslInfoImpl: loaded 2 times (x 79B)
Class com.android.build.gradle.internal.core.dsl.impl.ApplicationVariantDslInfoImpl$generateLocaleConfig$2: loaded 2 times (x 79B)
Class com.android.build.gradle.internal.TaskManager$Companion$createTasksBeforeEvaluate$5: loaded 2 times (x 74B)
Class com.android.build.gradle.internal.tasks.factory.GlobalTaskCreationConfigImpl$versionedNdkHandler$2: loaded 2 times (x 79B)
Class com.android.build.api.artifact.impl.InternalScopedArtifacts$InternalScope       : loaded 2 times (x 79B)
Class com.android.build.api.variant.LintLifecycleExtension                            : loaded 2 times (x 70B)
Class com.android.build.gradle.internal.dsl.OptimizationImpl$AgpDecorated_Decorated   : loaded 2 times (x 138B)
Class com.android.build.gradle.options.Option$Status$STABLE                           : loaded 2 times (x 71B)
Class com.google.gson.JsonSyntaxException                                             : loaded 2 times (x 82B)
Class com.android.ide.common.gradle.Numeric                                           : loaded 2 times (x 77B)
Class org.jetbrains.kotlin.gradle.utils.ProviderApiUtilsKt$mapOrNull$1                : loaded 2 times (x 75B)
Class org.jetbrains.kotlin.gradle.targets.native.toolchain.KotlinNativeBundleBuildService$Companion$registerIfAbsent$1: loaded 2 times (x 75B)
Class org.jetbrains.kotlin.gradle.plugin.PropertiesProvider$kotlinExperimentalTryNext$1: loaded 2 times (x 75B)
Class org.jetbrains.kotlin.gradle.fus.BuildUidService$Companion                       : loaded 2 times (x 71B)
Class org.jetbrains.kotlin.gradle.plugin.VariantImplementationFactoriesConfigurator$Companion$getProvider$1: loaded 2 times (x 74B)
Class com.google.gson.internal.bind.TypeAdapters                                      : loaded 2 times (x 71B)
Class com.google.gson.FormattingStyle                                                 : loaded 2 times (x 78B)
Class com.google.gson.FieldNamingPolicy                                               : loaded 2 times (x 83B)
Class com.android.build.gradle.internal.services.BaseServicesImpl                     : loaded 2 times (x 83B)
Class com.android.build.gradle.internal.dsl.CommonExtensionImpl                       : loaded 2 times (x 208B)
Class ijKotlinCoroutineJvmDebugInit1_8d4id96t5brqjcnqa40zhtiq0                        : loaded 2 times (x 171B)
Class org.gradle.api.internal.DefaultClassPathProvider                                : loaded 2 times (x 76B)
Class com.android.build.gradle.internal.tasks.factory.BootClasspathConfigImpl$fullBootClasspathProvider$2$4: loaded 2 times (x 127B)
Class com.android.build.gradle.internal.tasks.factory.BootClasspathConfigImpl$filteredBootClasspath$2$1: loaded 2 times (x 127B)
Class com.android.build.gradle.internal.DependencyConfigurator$configureGeneralTransforms$7: loaded 2 times (x 75B)
Class com.android.build.gradle.internal.dependency.ExtractAarTransform                : loaded 2 times (x 78B)
Class com.android.build.gradle.internal.cxx.logging.ThreadLoggingEnvironment$Companion$LoggerStack: loaded 2 times (x 72B)
Class com.android.build.api.variant.impl.SourceType                                   : loaded 2 times (x 79B)
Class com.android.build.gradle.internal.tasks.ParseIntegrityConfigTask$CreationAction : loaded 2 times (x 90B)
Class com.android.build.gradle.internal.tasks.DexMergingTask$CreationAction$handleProvider$1: loaded 2 times (x 127B)
Class com.android.build.gradle.internal.scope.InternalArtifactType$SUB_PROJECT_DEX_ARCHIVE: loaded 2 times (x 74B)
Class com.android.build.api.artifact.OutOperationRequest                              : loaded 2 times (x 70B)
Class com.android.build.gradle.internal.scope.InternalArtifactType$PACKAGED_MANIFESTS : loaded 2 times (x 74B)
Class com.android.build.gradle.tasks.ProcessPackagedManifestTask                      : loaded 2 times (x 328B)
Class com.android.build.gradle.internal.dependency.ProvidedClasspathSubtractor$fileToIds$1: loaded 2 times (x 79B)
Class com.android.build.gradle.internal.scope.InternalMultipleArtifactType$CODE_COVERAGE_DATA: loaded 2 times (x 74B)
Class com.android.build.gradle.internal.coverage.tasks.CodeCoverageReportTask         : loaded 2 times (x 323B)
Class com.android.build.api.variant.impl.VariantImpl$manifestPlaceholdersCreationConfig$2: loaded 2 times (x 79B)
Class com.android.build.api.variant.AndroidVersion                                    : loaded 2 times (x 70B)
Class com.android.build.gradle.internal.TaskManager$Companion$createTasksBeforeEvaluate$6: loaded 2 times (x 74B)
Class com.android.build.gradle.internal.tasks.factory.TaskFactoryUtils                : loaded 2 times (x 71B)
Class com.android.build.gradle.internal.api.artifact.SourceArtifactType$ASSETS        : loaded 2 times (x 74B)
Class com.android.build.gradle.internal.api.artifact.SourceArtifactType$JAVA_SOURCES  : loaded 2 times (x 74B)
Class com.android.build.gradle.internal.dsl.KeepRulesImpl$AgpDecorated_Decorated      : loaded 2 times (x 142B)
Class com.google.gson.internal.bind.TypeAdapters$31                                   : loaded 2 times (x 76B)
Class com.google.common.base.CaseFormat$1                                             : loaded 2 times (x 83B)
Class org.jetbrains.kotlin.gradle.plugin.VariantImplementationFactories$Companion$getProvider$2$1: loaded 2 times (x 79B)
Class com.android.tools.analytics.HostDataKt                                          : loaded 2 times (x 71B)
Class com.google.protobuf.AbstractMessage                                             : loaded 2 times (x 164B)
Class com.android.build.gradle.internal.lint.AndroidLintInputs                        : loaded 2 times (x 71B)
Class com.google.gson.JsonArray                                                       : loaded 2 times (x 100B)
Class com.google.gson.FieldNamingStrategy                                             : loaded 2 times (x 70B)
Class com.android.build.gradle.internal.component.ApplicationCreationConfig           : loaded 2 times (x 70B)
Class com.android.build.gradle.internal.errors.SyncIssueReporterImpl                  : loaded 2 times (x 77B)
Class com.android.build.gradle.internal.dsl.ApplicationExtensionImpl                  : loaded 2 times (x 387B)
Class com.android.build.api.variant.DslLifecycle                                      : loaded 2 times (x 70B)
Class org.gradle.accessors.dm.LibrariesForLibs$BundleAccessors                        : loaded 2 times (x 73B)
Class [Lorg.gradle.api.internal.ClassPathProvider;                                    : loaded 2 times (x 69B)
Class org.gradle.api.internal.ClassPathProvider                                       : loaded 2 times (x 70B)
Class com.android.build.gradle.internal.dependency.RecalculateStackFramesTransform$Companion$registerRecalculateStackFramesTransform$1: loaded 2 times (x 75B)
Class com.android.build.gradle.internal.tasks.factory.BootClasspathConfigImpl$fullBootClasspathProvider$2$5: loaded 2 times (x 127B)
Class com.android.build.gradle.internal.utils.DesugarLibConfigExtractor               : loaded 2 times (x 78B)
Class com.android.build.gradle.internal.tasks.factory.BootClasspathConfigImpl$filteredBootClasspath$2$2: loaded 2 times (x 127B)
Class com.android.build.gradle.internal.DependencyConfigurator$configureGeneralTransforms$8: loaded 2 times (x 75B)
Class com.android.build.gradle.internal.cxx.configure.GradleLocalPropertiesKt         : loaded 2 times (x 71B)
Class com.android.build.gradle.internal.tasks.creationconfig.BaseDexMergingCreationConfig: loaded 2 times (x 118B)
Class com.android.build.gradle.internal.services.BuiltInKaptSupportMode$SupportedForTestFixturesAndScreenshotTest: loaded 2 times (x 71B)
Class com.android.build.gradle.internal.tasks.creationconfig.JavaPreCompileTaskCreationConfig: loaded 2 times (x 70B)
Class com.android.build.gradle.tasks.MergeSourceSetFolders$MergeJniLibFoldersCreationAction: loaded 2 times (x 91B)
Class com.android.build.gradle.tasks.ProcessManifestForMetadataFeatureTask$CreationAction: loaded 2 times (x 90B)
Class com.android.build.api.variant.impl.VariantOutputList$Companion                  : loaded 2 times (x 71B)
Class com.android.build.api.variant.impl.VariantBuilderImpl                           : loaded 2 times (x 134B)
Class com.android.build.gradle.tasks.JavaCompileUtils                                 : loaded 2 times (x 71B)
Class com.android.build.api.variant.DslExtension                                      : loaded 2 times (x 72B)
Class com.google.gson.internal.bind.JsonAdapterAnnotationTypeAdapterFactory$DummyTypeAdapterFactory: loaded 2 times (x 75B)
Class com.android.build.gradle.internal.dsl.BundleOptionsTexture$AgpDecorated_Decorated: loaded 2 times (x 130B)
Class com.android.build.api.dsl.ManagedDevices                                        : loaded 2 times (x 70B)
Class [Lcom.android.repository.Revision$Precision;                                    : loaded 2 times (x 69B)
Class com.android.build.gradle.internal.dsl.ApplicationExtensionImpl$AgpDecorated     : loaded 2 times (x 388B)
Class com.google.protobuf.GeneratedMessageV3$BuilderParent                            : loaded 2 times (x 70B)
Class com.google.common.base.CaseFormat$2                                             : loaded 2 times (x 83B)
Class com.google.common.util.concurrent.AbstractFuture$SafeAtomicHelper               : loaded 2 times (x 79B)
Class com.android.build.api.dsl.ConsumerKeepRules                                     : loaded 2 times (x 70B)
Class com.android.build.gradle.internal.dsl.decorator.LockableSet                     : loaded 2 times (x 145B)
Class com.android.builder.model.SigningConfig                                         : loaded 2 times (x 70B)
Class com.android.build.gradle.api.AndroidSourceSet                                   : loaded 2 times (x 70B)
Class [Lcom.android.builder.core.ComponentTypeImpl;                                   : loaded 2 times (x 69B)
Class org.jetbrains.kotlin.build.report.metrics.GradleBuildPerformanceMetric          : loaded 2 times (x 92B)
Class org.jetbrains.kotlin.gradle.internal.properties.PropertiesBuildService$NullableBooleanGradleProperty: loaded 2 times (x 76B)
Class com.google.wireless.android.sdk.stats.GarbageCollectionStats$1                  : loaded 2 times (x 151B)
Class com.google.protobuf.Internal$IntList                                            : loaded 2 times (x 70B)
Class [Lcom.android.build.gradle.options.StringOption;                                : loaded 2 times (x 69B)
Class com.android.build.gradle.options.ApiStage                                       : loaded 2 times (x 72B)
Class com.android.build.gradle.internal.plugins.AndroidPluginBaseServices$projectServices$2$1: loaded 2 times (x 79B)
Class com.android.build.api.variant.HasUnitTest                                       : loaded 2 times (x 70B)
Class com.android.build.gradle.internal.component.ConsumableCreationConfig            : loaded 2 times (x 70B)
Class com.google.common.reflect.Types$ClassOwnership$1                                : loaded 2 times (x 80B)
Class org.gradle.internal.service.UnknownServiceException                             : loaded 2 times (x 83B)
Class com.android.build.gradle.internal.api.ApkVariantOutputImpl_Decorated            : loaded 2 times (x 177B)
Class com.android.build.gradle.internal.tasks.NdkTask                                 : loaded 2 times (x 332B)
Class com.android.build.gradle.internal.tasks.factory.BootClasspathConfigImpl$filteredBootClasspath$2$3: loaded 2 times (x 127B)
Class com.android.build.gradle.internal.DependencyConfigurator$configureGeneralTransforms$9: loaded 2 times (x 79B)
Class com.android.build.gradle.internal.scope.InternalArtifactType$DEVICE_PROVIDER_ANDROID_TEST_ADDITIONAL_OUTPUT: loaded 2 times (x 74B)
Class com.android.build.gradle.internal.AndroidTestTaskManager$createTasks$1          : loaded 2 times (x 75B)
Class com.android.build.gradle.internal.tasks.DexMergingTask$CreationAction$handleProvider$3: loaded 2 times (x 127B)
Class com.android.build.gradle.internal.tasks.MergeArtProfileTask$CreationAction      : loaded 2 times (x 90B)
Class com.android.build.gradle.internal.tasks.DexArchiveBuilderTask$CreationAction$handleProvider$1: loaded 2 times (x 78B)
Class com.android.build.gradle.internal.tasks.creationconfig.JavaPreCompileTaskCreationConfigKt: loaded 2 times (x 71B)
Class com.android.build.gradle.tasks.ProcessMultiApkApplicationManifest               : loaded 2 times (x 337B)
Class com.android.build.gradle.internal.tasks.VariantTask                             : loaded 2 times (x 70B)
Class android.databinding.tool.writer.JavaFileWriter                                  : loaded 2 times (x 74B)
Class com.android.build.gradle.internal.core.dsl.impl.HostTestComponentDslInfoImpl    : loaded 2 times (x 128B)
Class com.android.build.gradle.internal.TaskManager$Companion$createTasksBeforeEvaluate$8: loaded 2 times (x 74B)
Class com.google.wireless.android.sdk.stats.GradleBuildVariant                        : loaded 2 times (x 282B)
Class com.android.build.gradle.internal.dsl.decorator.LockableSet$LockableIterator    : loaded 2 times (x 81B)
Class com.android.builder.model.TestOptions$Execution                                 : loaded 2 times (x 79B)
Class com.android.build.api.dsl.AdbOptions                                            : loaded 2 times (x 70B)
Class com.android.build.gradle.internal.api.DefaultAndroidSourceDirectorySet          : loaded 2 times (x 119B)
Class org.jetbrains.kotlin.gradle.plugin.KotlinGradleBuildServices                    : loaded 2 times (x 80B)
Class com.android.build.gradle.internal.dsl.ExternalNativeNdkBuildOptions_Decorated   : loaded 2 times (x 153B)
Class com.google.common.base.CaseFormat$3                                             : loaded 2 times (x 83B)
Class org.objectweb.asm.commons.GeneratorAdapter                                      : loaded 2 times (x 187B)
Class org.jetbrains.kotlin.gradle.internal.properties.PropertiesBuildService$MemoizedCallable$value$2: loaded 2 times (x 79B)
Class com.android.build.api.dsl.LibraryKeepRules                                      : loaded 2 times (x 70B)
Class org.jetbrains.kotlin.gradle.targets.android.internal.InternalKotlinTargetPreset : loaded 2 times (x 70B)
Class org.jetbrains.kotlin.gradle.dsl.KotlinSingleTargetExtension                     : loaded 2 times (x 124B)
Class org.jetbrains.kotlin.gradle.internal.properties.NativePropertiesLoader$kotlinNativeVersion$1: loaded 2 times (x 75B)
Class org.jetbrains.kotlin.gradle.plugin.mpp.AbstractKotlinTarget                     : loaded 2 times (x 150B)
Class com.android.build.gradle.internal.AvdComponentsBuildService$Parameters          : loaded 2 times (x 70B)
Class org.jetbrains.kotlin.gradle.targets.native.toolchain.KotlinNativeBundleBuildService: loaded 2 times (x 77B)
Class com.android.build.gradle.internal.profile.AnalyticsResourceManager              : loaded 2 times (x 72B)
Class com.google.wireless.android.sdk.stats.GradleBuildProjectOrBuilder               : loaded 2 times (x 70B)
Class com.android.tools.analytics.AnalyticsSettingsData                               : loaded 2 times (x 72B)
Class com.android.build.gradle.internal.errors.DeprecationReporterImpl$Companion      : loaded 2 times (x 71B)
Class com.android.ide.common.blame.MessageReceiver                                    : loaded 2 times (x 70B)
Class [Lcom.android.build.gradle.options.Option;                                      : loaded 2 times (x 69B)
Class com.google.common.annotations.VisibleForTesting                                 : loaded 2 times (x 70B)
Class com.android.build.api.dsl.Lint                                                  : loaded 2 times (x 70B)
Class com.android.build.gradle.internal.variant.LegacyVariantInputManager             : loaded 2 times (x 97B)
Class com.google.common.reflect.Types$ClassOwnership$2                                : loaded 2 times (x 80B)
Class com.google.common.reflect.TypeResolver                                          : loaded 2 times (x 72B)
Class com.android.build.gradle.api.ApkVariantOutput                                   : loaded 2 times (x 70B)
Class com.android.build.gradle.internal.tasks.factory.BootClasspathConfigImpl$filteredBootClasspath$2$4: loaded 2 times (x 127B)
Class com.android.build.gradle.internal.dependency.ExtractNavigationXmlTransform      : loaded 2 times (x 78B)
Class com.android.build.gradle.internal.dependency.IdentityTransform$Parameters       : loaded 2 times (x 70B)
Class com.android.build.gradle.internal.attribution.CheckJetifierBuildService$RegistrationAction: loaded 2 times (x 74B)
Class com.android.ide.common.workers.ExecutorServiceAdapter                           : loaded 2 times (x 87B)
Class com.android.build.gradle.internal.tasks.MergeArtProfileTask                     : loaded 2 times (x 331B)
Class com.android.build.gradle.tasks.PackageApplication$Companion                     : loaded 2 times (x 71B)
Class com.android.build.api.variant.impl.SigningConfigImpl$enableV2Signing$1          : loaded 2 times (x 75B)
Class com.android.build.gradle.internal.tasks.DexArchiveBuilderTask$CreationAction$handleProvider$2: loaded 2 times (x 78B)
Class org.jetbrains.kotlin.gradle.plugin.mpp.compilationImpl.KotlinCompilationTaskNamesContainer: loaded 2 times (x 72B)
Class org.jetbrains.kotlin.gradle.plugin.LanguageSettingsBuilder                      : loaded 2 times (x 70B)
Class org.jetbrains.kotlin.gradle.plugin.mpp.compilationImpl.factory.KotlinCompilationImplFactory$KotlinCompilerOptionsFactory: loaded 2 times (x 70B)
Class com.android.build.gradle.internal.dependency.VariantDependencies$Companion$getComponentFilter$3: loaded 2 times (x 74B)
Class com.android.build.gradle.internal.tasks.AndroidVariantTask                      : loaded 2 times (x 324B)
Class com.android.build.gradle.tasks.ExtractDeepLinksTask$CreationAction              : loaded 2 times (x 93B)
Class com.android.build.gradle.internal.component.features.ShadersCreationConfig      : loaded 2 times (x 70B)
Class com.android.build.gradle.internal.core.dsl.features.DexingDslInfo               : loaded 2 times (x 70B)
Class com.android.build.gradle.internal.core.dsl.impl.ApplicationVariantDslInfoImpl$localeFilters$2: loaded 2 times (x 79B)
Class com.android.build.gradle.internal.TaskManager$Companion$createTasksBeforeEvaluate$9: loaded 2 times (x 74B)
Class com.android.build.api.extension.impl.VariantSelectorImpl                        : loaded 2 times (x 92B)
Class com.android.build.api.dsl.TestFixtures                                          : loaded 2 times (x 70B)
Class com.android.build.gradle.internal.VariantDimensionData                          : loaded 2 times (x 72B)
Class com.google.common.base.CaseFormat$4                                             : loaded 2 times (x 83B)
Class com.android.build.api.dsl.Shaders                                               : loaded 2 times (x 70B)
Class org.jetbrains.kotlin.gradle.targets.native.toolchain.KotlinNativeBundleBuildService$Parameters: loaded 2 times (x 70B)
Class org.jetbrains.kotlin.gradle.tasks.DefaultKotlinJavaToolchain                    : loaded 2 times (x 77B)
Class com.google.protobuf.ExtensionRegistry                                           : loaded 2 times (x 87B)
Class com.android.build.gradle.internal.profile.AnalyticsConfiguratorService          : loaded 2 times (x 82B)
Class com.android.build.gradle.internal.services.RunOnceBuildServiceImpl              : loaded 2 times (x 82B)
Class com.google.common.reflect.Types$ClassOwnership$3                                : loaded 2 times (x 71B)
Class com.android.build.gradle.internal.tasks.factory.BootClasspathConfigImpl$filteredBootClasspath$2$5: loaded 2 times (x 127B)
Class com.android.build.gradle.internal.dependency.AarToClassTransform$Params_Decorated: loaded 2 times (x 133B)
Class com.android.build.api.variant.impl.LayeredSourceDirectoriesImpl$static$1        : loaded 2 times (x 74B)
Class com.android.build.gradle.internal.dependency.SubtractingArtifactCollection$SubtractingArtifactResult: loaded 2 times (x 72B)
Class com.android.build.gradle.internal.scope.InternalArtifactType$VARIANT_TEST_RESULTS: loaded 2 times (x 74B)
Class com.android.build.gradle.internal.tasks.AppMetadataTask$CreationAction          : loaded 2 times (x 90B)
Class com.android.build.gradle.internal.tasks.DexArchiveBuilderTask$CreationAction$handleProvider$3: loaded 2 times (x 78B)
Class com.android.build.gradle.internal.tasks.MergeJavaResourceTask$CreationAction    : loaded 2 times (x 90B)
Class org.jetbrains.kotlin.gradle.plugin.KotlinBaseApiPlugin$registerKotlinJvmCompileTask$3: loaded 2 times (x 75B)
Class com.android.build.gradle.tasks.ProcessManifestForBundleTask$CreationAction$handleProvider$1: loaded 2 times (x 127B)
Class com.android.build.gradle.internal.dependency.VariantDependencies$Companion$getComponentFilter$4: loaded 2 times (x 74B)
Class com.android.build.api.variant.impl.VariantImpl$minSdk$2                         : loaded 2 times (x 79B)
Class com.android.build.gradle.internal.component.features.ManifestPlaceholdersCreationConfig: loaded 2 times (x 70B)
Class com.android.build.gradle.internal.tasks.factory.TaskConfigurationActions        : loaded 2 times (x 75B)
Class com.android.build.gradle.internal.VariantManager$Companion                      : loaded 2 times (x 71B)
Class com.android.build.gradle.internal.tasks.factory.BootClasspathConfigImpl$mockableJarArtifact$2: loaded 2 times (x 79B)
Class com.android.build.gradle.internal.packaging.PackagingOptionsUtilsKt             : loaded 2 times (x 71B)
Class com.google.common.base.CaseFormat$5                                             : loaded 2 times (x 83B)
Class com.android.builder.model.ClassField                                            : loaded 2 times (x 70B)
Class com.android.build.api.dsl.DataBinding                                           : loaded 2 times (x 70B)
Class org.jetbrains.kotlin.gradle.plugin.mpp.KotlinUsages$KotlinCinteropDisambiguation: loaded 2 times (x 76B)
Class org.jetbrains.kotlin.gradle.report.BuildReportType$Companion                    : loaded 2 times (x 71B)
Class org.jetbrains.kotlin.gradle.plugin.KotlinPluginInMultipleProjectsHolder         : loaded 2 times (x 72B)
Class com.android.build.gradle.internal.plugins.BasePlugin$sdkComponentsBuildService$2$1: loaded 2 times (x 79B)
Class com.google.protobuf.InvalidProtocolBufferException$InvalidWireTypeException     : loaded 2 times (x 88B)
Class org.jetbrains.kotlin.gradle.tasks.DefaultKotlinJavaToolchain$Companion          : loaded 2 times (x 71B)
Class com.google.protobuf.Internal$BooleanList                                        : loaded 2 times (x 70B)
Class com.google.protobuf.Internal$FloatList                                          : loaded 2 times (x 70B)
Class com.google.protobuf.MessageLiteOrBuilder                                        : loaded 2 times (x 70B)
Class com.android.build.gradle.internal.dsl.BuildTypeFactory                          : loaded 2 times (x 77B)
Class com.android.build.gradle.internal.tasks.SdkDependencyDataGeneratorTask          : loaded 2 times (x 328B)
Class com.android.build.gradle.internal.tasks.BundleReportDependenciesTask$CreationAction$handleProvider$1: loaded 2 times (x 127B)
Class com.android.build.gradle.internal.tasks.GlobalSyntheticsMergeTask$CreationAction: loaded 2 times (x 90B)
Class com.android.build.gradle.internal.tasks.BundleIdeModelProducerTask$CreationAction: loaded 2 times (x 90B)
Class com.android.build.gradle.internal.TaskManager$createPackagingTask$configureResourcesAndAssetsDependencies$1: loaded 2 times (x 75B)
Class com.android.build.gradle.internal.tasks.DexArchiveBuilderTask$CreationAction$handleProvider$4: loaded 2 times (x 78B)
Class com.android.build.gradle.internal.tasks.factory.TaskFactoryUtils$dependsOn$7    : loaded 2 times (x 75B)
Class org.jetbrains.kotlin.gradle.plugin.sources.FragmentConsistencyChecks$optInAnnotationsCheck$1: loaded 2 times (x 79B)
Class org.jetbrains.kotlin.gradle.plugin.mpp.compilationImpl.DefaultKotlinCompilationFriendPathsResolver$CompositeFriendArtifactResolver: loaded 2 times (x 75B)
Class com.android.build.api.artifact.impl.TaskBasedOperationImpl                      : loaded 2 times (x 84B)
Class com.android.build.api.component.impl.MutableMapBackedUpWithMapProperty          : loaded 2 times (x 124B)
Class com.android.build.gradle.internal.component.VariantCreationConfig$Companion     : loaded 2 times (x 71B)
Class com.android.build.api.variant.impl.DependenciesInfoBuilderImpl                  : loaded 2 times (x 90B)
Class com.android.build.gradle.internal.variant.VariantPathHelper$dirName$2           : loaded 2 times (x 79B)
Class com.android.build.gradle.internal.core.dsl.impl.TestedVariantDslInfoImpl        : loaded 2 times (x 151B)
Class com.android.build.gradle.internal.manifest.ManifestDataProvider                 : loaded 2 times (x 70B)
Class com.android.build.gradle.internal.dsl.ComposeOptionsImpl                        : loaded 2 times (x 82B)
Class com.android.build.api.dsl.TestCoverage                                          : loaded 2 times (x 70B)
Class com.android.build.api.dsl.AssetPackBundleExtension                              : loaded 2 times (x 70B)
Class com.android.build.gradle.internal.dsl.AaptOptions                               : loaded 2 times (x 115B)
Class com.android.build.api.dsl.BaselineProfile                                       : loaded 2 times (x 70B)
Class org.bouncycastle.jcajce.provider.config.ConfigurableProvider                    : loaded 2 times (x 70B)
Class com.android.build.api.dsl.DynamicFeatureBaseFlavor                              : loaded 2 times (x 70B)
Class com.android.builder.core.ComponentTypeImpl                                      : loaded 2 times (x 105B)
Class [Lorg.jetbrains.kotlin.gradle.dsl.JvmTarget;                                    : loaded 2 times (x 69B)
Class org.jetbrains.kotlin.gradle.plugin.mpp.KotlinUsages$KotlinMetadataCompatibility : loaded 2 times (x 76B)
Class org.jetbrains.kotlin.gradle.internal.properties.PropertiesBuildService$property$1$1: loaded 2 times (x 75B)
Class org.jetbrains.kotlin.gradle.utils.ConfigurationsKt$maybeCreateResolvable$1      : loaded 2 times (x 78B)
Class org.jetbrains.kotlin.tooling.core.Extras$Type                                   : loaded 2 times (x 72B)
Class org.jetbrains.kotlin.gradle.plugin.mpp.AbstractKotlinCompilationToRunnableFiles : loaded 2 times (x 196B)
Class com.android.build.gradle.internal.plugins.BasePlugin$versionedSdkLoaderService$2$1$1: loaded 2 times (x 79B)
Class com.android.build.gradle.internal.services.Aapt2DaemonBuildService$Parameters_Decorated: loaded 2 times (x 127B)
Class com.android.build.api.dsl.JniLibsPackaging                                      : loaded 2 times (x 70B)
Class com.android.build.gradle.internal.res.Aapt2FromMaven$Companion$Aapt2Extractor   : loaded 2 times (x 78B)
Class com.google.gson.LongSerializationPolicy                                         : loaded 2 times (x 80B)
Class com.android.build.gradle.internal.plugins.AndroidPluginBaseServices$syncIssueReporter$2$1: loaded 2 times (x 79B)
Class com.android.build.gradle.internal.plugins.BasePlugin$extensionData$2            : loaded 2 times (x 79B)
Class com.android.build.api.variant.HasAndroidTestBuilder                             : loaded 2 times (x 70B)
Class com.google.common.reflect.Invokable                                             : loaded 2 times (x 103B)
Class org.gradle.internal.classpath.TransformedClassPath                              : loaded 2 times (x 96B)
Class org.gradle.internal.classloader.InstrumentingClassLoader                        : loaded 2 times (x 70B)
Class com.android.build.gradle.internal.publishing.VariantSpecBuilderImpl             : loaded 2 times (x 90B)
Class com.android.build.gradle.internal.utils.D8BackportedMethodsGenerator$Inject_1   : loaded 2 times (x 109B)
Class com.android.build.gradle.internal.dependency.RecalculateStackFramesTransform$Companion: loaded 2 times (x 71B)
Class com.android.build.gradle.internal.dependency.CollectResourceSymbolsTransform    : loaded 2 times (x 78B)
Class com.android.build.gradle.internal.tasks.SdkDependencyDataGeneratorTask$CreationAction$handleProvider$1: loaded 2 times (x 127B)
Class com.android.build.gradle.internal.tasks.UninstallTask$CreationAction            : loaded 2 times (x 91B)
Class com.android.build.gradle.internal.tasks.InstallVariantTask$CreationAction       : loaded 2 times (x 91B)
Class com.android.build.gradle.internal.scope.InternalArtifactType$NATIVE_DEBUG_METADATA: loaded 2 times (x 74B)
Class com.android.build.gradle.internal.tasks.DexArchiveBuilderTask$CreationAction$handleProvider$5: loaded 2 times (x 78B)
Class org.jetbrains.kotlin.gradle.plugin.sources.FragmentConsistencyChecks$optInAnnotationsCheck$2: loaded 2 times (x 78B)
Class com.android.build.api.artifact.MultipleArtifact$PRE_COMPILATION_CLASSES         : loaded 2 times (x 74B)
Class com.android.build.gradle.tasks.ManifestProcessor                                : loaded 2 times (x 70B)
Class com.android.build.api.artifact.Artifact$Transformable                           : loaded 2 times (x 70B)
Class com.android.build.gradle.internal.TaskManager$createCompileAnchorTask$1         : loaded 2 times (x 74B)
Class com.android.build.gradle.internal.scope.InternalArtifactType$CODE_COVERAGE_HTML_REPORT: loaded 2 times (x 74B)
Class com.android.build.gradle.internal.TaskManager$AbstractPreBuildCreationAction    : loaded 2 times (x 91B)
Class com.android.build.gradle.internal.component.DeviceTestCreationConfig            : loaded 2 times (x 70B)
Class com.android.build.gradle.internal.testsuites.impl.TestSuiteBuilderImpl$Companion: loaded 2 times (x 71B)
Class com.android.build.gradle.internal.dsl.CompileSdkSpecImpl$AgpDecorated           : loaded 2 times (x 90B)
Class com.android.buildanalyzer.common.TaskCategory                                   : loaded 2 times (x 80B)
Class com.android.build.gradle.internal.tasks.UsesAnalytics                           : loaded 2 times (x 70B)
Class com.android.build.gradle.internal.tasks.SigningConfigUtils                      : loaded 2 times (x 71B)
Class com.android.build.gradle.internal.dsl.BundleOptionsDeviceTier$AgpDecorated      : loaded 2 times (x 85B)
Class com.android.build.gradle.internal.dsl.EmulatorControl$AgpDecorated_Decorated    : loaded 2 times (x 134B)
Class com.android.build.gradle.internal.dsl.CommonExtensionImpl$compileSdkDelegate$1  : loaded 2 times (x 79B)
Class com.android.build.gradle.internal.dsl.BaselineProfileImpl$AgpDecorated          : loaded 2 times (x 84B)
Class com.android.build.gradle.internal.dsl.decorator.DslDecorator$CollectingInfoVisitor: loaded 2 times (x 75B)
Class com.android.build.gradle.internal.dsl.decorator.DslDecorator$Companion          : loaded 2 times (x 71B)
Class com.android.build.api.dsl.AnnotationProcessorOptions                            : loaded 2 times (x 70B)
Class com.android.builder.model.BuildType                                             : loaded 2 times (x 70B)
Class org.jetbrains.kotlin.gradle.plugin.statistics.BuildFusServiceKt                 : loaded 2 times (x 71B)
Class org.jetbrains.kotlin.gradle.plugin.BuildFinishedListenerService$Companion       : loaded 2 times (x 71B)
Class org.jetbrains.kotlin.gradle.plugin.BuildFinishedListenerService                 : loaded 2 times (x 80B)
Class org.jetbrains.kotlin.gradle.plugin.KotlinBaseApiPlugin$kotlinExtension$2        : loaded 2 times (x 79B)
Class com.android.build.gradle.internal.plugins.BasePlugin$versionedSdkLoaderService$2$1$2: loaded 2 times (x 79B)
Class com.android.build.gradle.internal.AvdComponentsBuildService$Parameters_Decorated: loaded 2 times (x 157B)
Class com.android.build.gradle.internal.plugins.BasePlugin$configureProject$1         : loaded 2 times (x 75B)
Class com.android.build.gradle.internal.services.StringCachingBuildService$RegistrationAction: loaded 2 times (x 74B)
Class com.android.build.gradle.internal.TaskManager$Companion$createTasksBeforeEvaluate$1: loaded 2 times (x 74B)
Class com.google.protobuf.AbstractParser                                              : loaded 2 times (x 150B)
Class com.google.common.collect.AbstractBiMap$Inverse                                 : loaded 2 times (x 162B)
Class com.android.build.api.artifact.impl.ArtifactContainer                           : loaded 2 times (x 75B)
Class com.android.build.gradle.options.IntegerOption                                  : loaded 2 times (x 85B)
Class com.android.build.api.artifact.impl.SingleArtifactContainer                     : loaded 2 times (x 75B)
Class com.android.build.gradle.internal.core.dsl.ComponentDslInfo                     : loaded 2 times (x 70B)
Class com.android.build.api.variant.AndroidComponents                                 : loaded 2 times (x 70B)
Class com.android.build.gradle.internal.plugins.BasePlugin                            : loaded 2 times (x 93B)
Class kotlin.enums.EnumEntriesList                                                    : loaded 2 times (x 223B)
Class com.google.common.reflect.Types$ParameterizedTypeImpl                           : loaded 2 times (x 81B)
Class [Lcom.android.tools.utp.gradle.api.UtpDependency;                               : loaded 2 times (x 69B)
Class com.android.build.gradle.internal.tasks.SdkDependencyDataGeneratorTask$CreationAction$handleProvider$2: loaded 2 times (x 127B)
Class com.android.build.gradle.internal.tasks.BaseTask$CreationAction                 : loaded 2 times (x 90B)
Class com.android.build.gradle.internal.tasks.DexArchiveBuilderTask$CreationAction$handleProvider$6: loaded 2 times (x 127B)
Class org.jetbrains.kotlin.gradle.plugin.mpp.compilationImpl.factory.DefaultKotlinCompilationOutputFactory: loaded 2 times (x 74B)
Class org.jetbrains.kotlin.gradle.tasks.configuration.TaskConfigAction                : loaded 2 times (x 72B)
Class com.android.build.api.artifact.impl.MultipleArtifactContainer                   : loaded 2 times (x 75B)
Class com.android.build.api.variant.impl.JniLibsPackagingImpl$keepDebugSymbols$1      : loaded 2 times (x 75B)
Class com.android.build.gradle.internal.dependency.ProvidedClasspathSubtractor$getFileCollection$1: loaded 2 times (x 75B)
Class com.android.build.api.component.impl.DeviceTestImpl$instrumentationRunnerArguments$2: loaded 2 times (x 79B)
Class com.android.build.gradle.internal.core.dsl.impl.ApplicationVariantDslInfoImpl$computeVersionNameSuffix$2: loaded 2 times (x 78B)
Class com.android.build.api.component.impl.ComponentImpl$androidResourcesCreationConfig$2: loaded 2 times (x 79B)
Class com.android.build.gradle.internal.variant.VariantPathHelper$Companion           : loaded 2 times (x 71B)
Class com.android.build.gradle.internal.attributes.VariantAttr$Companion              : loaded 2 times (x 71B)
Class com.android.build.gradle.internal.variant.VariantPathHelper$baseName$2          : loaded 2 times (x 79B)
Class com.android.build.gradle.internal.services.VariantServices                      : loaded 2 times (x 70B)
Class com.android.build.gradle.internal.CompileOptions$Companion                      : loaded 2 times (x 71B)
Class com.android.build.gradle.internal.dsl.decorator.ApplicationInstallationImpl$AgpDecorated: loaded 2 times (x 99B)
Class com.android.build.gradle.internal.dsl.CommonExtensionImpl$compileSdkDelegate$2  : loaded 2 times (x 79B)
Class com.android.builder.core.DefaultVectorDrawablesOptions                          : loaded 2 times (x 80B)
Class com.android.build.gradle.internal.dsl.BaselineProfileImpl                       : loaded 2 times (x 79B)
Class com.android.build.gradle.internal.dsl.ExternalNativeBuild                       : loaded 2 times (x 91B)
Class com.android.build.gradle.internal.dsl.decorator.LockableMap                     : loaded 2 times (x 128B)
Class com.android.build.gradle.internal.dsl.BuildType                                 : loaded 2 times (x 365B)
Class org.jetbrains.kotlin.gradle.plugin.KotlinSourceSetTree                          : loaded 2 times (x 72B)
Class org.jetbrains.kotlin.gradle.plugin.sources.KotlinSourceSetFactory               : loaded 2 times (x 80B)
Class org.jetbrains.kotlin.gradle.targets.native.toolchain.KotlinNativeBundleBuildService$Parameters_Decorated: loaded 2 times (x 139B)
Class org.jetbrains.kotlin.gradle.internal.ClassLoadersCachingBuildService$Companion  : loaded 2 times (x 71B)
Class org.jetbrains.kotlin.gradle.internal.IdeaKt$isInIdeaSync$1                      : loaded 2 times (x 74B)
Class com.android.build.gradle.internal.plugins.BasePlugin$configureProject$2         : loaded 2 times (x 75B)
Class com.google.wireless.android.sdk.stats.JavaProcessStats$1                        : loaded 2 times (x 151B)
Class com.android.build.api.variant.ResValue$Key                                      : loaded 2 times (x 70B)
Class com.google.protobuf.GeneratedMessage$GeneratedExtension                         : loaded 2 times (x 87B)
Class com.android.build.gradle.internal.profile.AnalyticsConfiguratorService$Params_Decorated: loaded 2 times (x 130B)
Class com.google.gson.internal.bind.DefaultDateTypeAdapter                            : loaded 2 times (x 74B)
Class com.google.gson.JsonSerializer                                                  : loaded 2 times (x 70B)
Class [Lcom.android.ide.common.blame.Message$Kind;                                    : loaded 2 times (x 69B)
Class com.google.gson.GsonBuilder                                                     : loaded 2 times (x 72B)
Class com.android.build.gradle.internal.errors.MessageReceiverImpl                    : loaded 2 times (x 75B)
Class com.android.build.gradle.internal.variant.VariantInputModel                     : loaded 2 times (x 70B)
Class com.google.common.reflect.TypeResolver$TypeVariableKey                          : loaded 2 times (x 72B)
Class com.android.build.gradle.internal.dependency.ExtractProGuardRulesTransform$Inject_1: loaded 2 times (x 109B)
Class com.android.build.api.variant.SourceDirectories$Flat                            : loaded 2 times (x 70B)
Class com.android.build.gradle.tasks.TestResultsCollectionTask$BaseTestResultsCollectionCreationAction: loaded 2 times (x 91B)
Class com.android.build.gradle.internal.tasks.BundleToStandaloneApkTask$CreationAction$handleProvider$1: loaded 2 times (x 127B)
Class com.android.build.gradle.internal.tasks.MergeArtProfileTask$CreationAction$handleProvider$1: loaded 2 times (x 127B)
Class com.android.build.gradle.tasks.PackageAndroidArtifact$Companion                 : loaded 2 times (x 71B)
Class com.android.build.api.variant.impl.SigningConfigImpl$enableV1Signing$1          : loaded 2 times (x 75B)
Class com.android.build.gradle.internal.tasks.DexArchiveBuilderTask$CreationAction$handleProvider$7: loaded 2 times (x 127B)
Class com.android.build.api.artifact.impl.InternalScopedArtifact$FINAL_TRANSFORMED_CLASSES: loaded 2 times (x 74B)
Class org.jetbrains.kotlin.gradle.plugin.mpp.InternalKotlinCompilationKt              : loaded 2 times (x 71B)
Class org.jetbrains.kotlin.gradle.plugin.mpp.compilationImpl.KotlinCompilationImpl$attributes$2: loaded 2 times (x 79B)
Class org.jetbrains.kotlin.gradle.tasks.configuration.AbstractKotlinCompileConfig     : loaded 2 times (x 72B)
Class com.android.build.gradle.internal.scope.InternalArtifactType$RUNTIME_APP_CLASSES_JAR: loaded 2 times (x 74B)
Class com.android.build.api.variant.impl.ResourcesPackagingImpl$pickFirsts$1          : loaded 2 times (x 75B)
Class com.android.build.gradle.internal.TaskManager$createProcessJavaResTask$taskConfig$1: loaded 2 times (x 92B)
Class com.android.build.gradle.tasks.ProcessAndroidResources                          : loaded 2 times (x 330B)
Class com.android.build.gradle.tasks.MergeSourceSetFolders$CreationAction             : loaded 2 times (x 91B)
Class com.android.build.gradle.tasks.ProcessManifestForMetadataFeatureTask            : loaded 2 times (x 329B)
Class com.android.build.gradle.internal.scope.InternalArtifactType$COMPATIBLE_SCREEN_MANIFEST: loaded 2 times (x 74B)
Class com.android.build.gradle.internal.variant.BaseVariantData$DiscoverableFilterType$ABI: loaded 2 times (x 80B)
Class com.android.build.gradle.internal.core.PostProcessingOptions                    : loaded 2 times (x 70B)
Class com.android.build.gradle.internal.core.MergedJavaCompileOptions                 : loaded 2 times (x 83B)
Class com.android.build.gradle.internal.core.dsl.impl.ApplicationVariantDslInfoImpl   : loaded 2 times (x 198B)
Class com.android.build.api.variant.LifecycleTasks                                    : loaded 2 times (x 70B)
Class com.android.build.gradle.internal.dsl.MinSdkProperties                          : loaded 2 times (x 70B)
Class com.android.build.gradle.internal.dsl.decorator.DslDecorator$Companion$lookupDefineClassMethod$2: loaded 2 times (x 78B)
Class com.android.build.api.component.impl.ComponentImpl$instrumentationCreationConfig$2: loaded 2 times (x 79B)
Class org.jetbrains.kotlin.build.report.metrics.GradleBuildTime                       : loaded 2 times (x 86B)
Class org.jetbrains.kotlin.gradle.utils.IsolatedKotlinClasspathClassCastException     : loaded 2 times (x 82B)
Class com.android.build.gradle.internal.plugins.BasePlugin$configureProject$3         : loaded 2 times (x 77B)
Class com.android.build.gradle.internal.ide.dependencies.MavenCoordinatesCacheBuildService: loaded 2 times (x 80B)
Class com.android.builder.profile.AnalyticsProfileWriter                              : loaded 2 times (x 72B)
Class com.android.build.gradle.internal.utils.AnalyticsEnabledValueSource             : loaded 2 times (x 78B)
Class com.google.gson.stream.JsonWriter                                               : loaded 2 times (x 98B)
Class com.android.build.gradle.internal.VariantManager$createVariantsFromCombination$3$1: loaded 2 times (x 79B)
Class com.android.build.gradle.internal.plugins.BasePlugin$buildOutputs$2             : loaded 2 times (x 79B)
Class com.android.build.gradle.internal.plugins.AndroidPluginBaseServices$androidProblemReporterProviderService$2: loaded 2 times (x 79B)
Class com.android.build.gradle.internal.component.ApkCreationConfig                   : loaded 2 times (x 70B)
Class com.android.build.gradle.internal.services.RunOnceBuildServiceImpl$RegistrationAction: loaded 2 times (x 73B)
Class org.gradle.internal.service.ServiceLocator                                      : loaded 2 times (x 70B)
Class com.android.build.gradle.internal.dsl.VariantOutputFactory                      : loaded 2 times (x 73B)
Class com.android.build.gradle.tasks.RenderscriptCompile                              : loaded 2 times (x 343B)
Class com.android.build.gradle.internal.test.AbstractTestDataImpl$testDirectories$1$1 : loaded 2 times (x 79B)
Class com.android.build.api.variant.impl.SourcesImpl$aidl$2                           : loaded 2 times (x 79B)
Class com.android.build.api.variant.impl.FileBasedFileEntry$asFile$1                  : loaded 2 times (x 75B)
Class com.android.build.gradle.internal.tasks.MergeNativeDebugMetadataTask$CreationAction$handleProvider$1: loaded 2 times (x 127B)
Class com.android.build.gradle.internal.tasks.BundleToStandaloneApkTask$CreationAction$handleProvider$2: loaded 2 times (x 75B)
Class com.android.build.gradle.internal.tasks.ParseIntegrityConfigTask                : loaded 2 times (x 327B)
Class com.android.build.gradle.internal.tasks.StripDebugSymbolsTask                   : loaded 2 times (x 334B)
Class com.android.build.gradle.internal.tasks.DexArchiveBuilderTask$CreationAction$handleProvider$8: loaded 2 times (x 127B)
Class com.android.build.gradle.tasks.JavaPreCompileTask$CreationAction$handleProvider$1: loaded 2 times (x 78B)
Class com.android.build.gradle.internal.scope.InternalArtifactType$DATA_BINDING_LAYOUT_INFO_TYPE_MERGE: loaded 2 times (x 74B)
Class com.android.build.api.component.impl.features.InstrumentationCreationConfigImpl$instrumentation$2: loaded 2 times (x 79B)
Class com.android.build.gradle.internal.variant.BaseVariantData$Companion             : loaded 2 times (x 71B)
Class com.android.build.gradle.internal.dependency.ResolutionResultProvider           : loaded 2 times (x 70B)
Class com.android.build.api.component.impl.features.CommonOptimizationDslInfoImpl     : loaded 2 times (x 98B)
Class com.android.build.api.artifact.impl.ArtifactNamingContext                       : loaded 2 times (x 72B)
Class com.android.build.gradle.tasks.MapSourceSetPathsTask$CreateAction               : loaded 2 times (x 93B)
Class com.android.build.api.dsl.ExternalNativeBuild                                   : loaded 2 times (x 70B)
Class com.android.build.gradle.internal.dsl.BundleOptionsDensity                      : loaded 2 times (x 77B)
Class com.android.build.api.dsl.Bundle                                                : loaded 2 times (x 70B)
Class com.android.build.gradle.internal.dsl.decorator.SupportedPropertyType$Collection$List: loaded 2 times (x 74B)
Class com.android.build.api.dsl.LibraryProductFlavor                                  : loaded 2 times (x 70B)
Class com.android.build.gradle.internal.plugins.BasePlugin$configureProject$4         : loaded 2 times (x 74B)
Class org.jetbrains.kotlin.gradle.plugin.mpp.compilationImpl.factory.DefaultKotlinCompilationSourceSetsContainerFactory$DefaultSourceSetNaming: loaded 2 times (x 70B)
Class com.android.repository.Revision                                                 : loaded 2 times (x 87B)
Class org.jetbrains.kotlin.gradle.plugin.sources.DefaultKotlinSourceSet$MetadataDependencyTransformation: loaded 2 times (x 72B)
Class com.android.build.gradle.internal.res.Aapt2FromMaven$Companion$create$aapt2Directory$1: loaded 2 times (x 74B)
Class com.google.gson.internal.bind.TypeAdapterRuntimeTypeWrapper                     : loaded 2 times (x 74B)
Class com.android.ide.common.blame.Message$Kind$Companion                             : loaded 2 times (x 71B)
Class com.android.build.gradle.internal.dependency.ShrinkerVersion$Companion          : loaded 2 times (x 71B)
Class com.android.build.gradle.tasks.PackageApplication                               : loaded 2 times (x 367B)
Class com.android.build.gradle.internal.core.dsl.ConsumableComponentDslInfo           : loaded 2 times (x 70B)
Class com.android.build.gradle.internal.variant.AbstractVariantInputManager           : loaded 2 times (x 97B)
Class com.android.build.gradle.internal.tasks.factory.GlobalTaskCreationConfigImpl    : loaded 2 times (x 135B)
Class com.android.build.gradle.AbstractAppExtension                                   : loaded 2 times (x 215B)
Class com.android.build.gradle.BasePlugin                                             : loaded 2 times (x 76B)
Class jdk.internal.jrtfs.JrtFileSystemProvider                                        : loaded 2 times (x 101B)
Class com.android.build.gradle.internal.scope.InternalArtifactType$MERGED_ART_PROFILE : loaded 2 times (x 74B)
Class org.gradle.tooling.model.UnsupportedMethodException                             : loaded 2 times (x 82B)
Class com.android.build.api.artifact.SingleArtifact$OBFUSCATION_MAPPING_PARTITION_FILE: loaded 2 times (x 74B)
Class com.android.build.gradle.internal.dependency.DexingOutputSplitTransform$Inject_1: loaded 2 times (x 109B)
Class com.android.build.gradle.internal.dependency.DexingNoClasspathTransform         : loaded 2 times (x 81B)
Class com.android.build.gradle.internal.dependency.MockableJarTransform$Parameters_Decorated: loaded 2 times (x 135B)
Class com.android.build.gradle.internal.scope.InternalArtifactType$EXTRACTED_APKS     : loaded 2 times (x 74B)
Class com.android.build.gradle.internal.test.AbstractTestDataImpl$testDirectories$1$2 : loaded 2 times (x 79B)
Class com.android.build.api.component.impl.DefaultSourcesProviderImpl$defaultAssetsSources$1: loaded 2 times (x 78B)
Class com.android.build.gradle.internal.tasks.DexArchiveBuilderTask$CreationAction$handleProvider$9: loaded 2 times (x 78B)
Class com.android.build.api.variant.impl.SigningConfigImpl$keyAlias$1                 : loaded 2 times (x 75B)
Class com.android.build.gradle.internal.res.GenerateLibraryRFileTask$CreationAction   : loaded 2 times (x 90B)
Class com.android.build.gradle.internal.scope.InternalArtifactType$MERGED_RES         : loaded 2 times (x 74B)
Class com.android.build.api.artifact.SingleArtifact$MERGED_MANIFEST                   : loaded 2 times (x 74B)
Class com.android.build.api.component.impl.OldVariantApiLegacySupportImpl$JavaCompileOptionsForOldVariantAPI$_annotationProcessorOptions$1: loaded 2 times (x 77B)
Class com.android.build.gradle.tasks.ExtractDeepLinksTask                             : loaded 2 times (x 331B)
Class com.android.build.gradle.internal.tasks.NonIncrementalTask                      : loaded 2 times (x 325B)
Class com.android.build.gradle.internal.scope.InternalMultipleArtifactType$ALL_PROJECT_TEST_RESULTS: loaded 2 times (x 74B)
Class com.android.build.gradle.internal.core.dsl.impl.AndroidTestComponentDslInfoImpl$namespace$2: loaded 2 times (x 79B)
Class com.android.build.gradle.internal.core.MergedExternalNativeCmakeOptions         : loaded 2 times (x 86B)
Class com.android.build.api.component.impl.features.NativeBuildCreationConfigImpl     : loaded 2 times (x 81B)
Class com.android.build.api.variant.JavaCompilation                                   : loaded 2 times (x 70B)
Class com.android.build.api.variant.impl.VariantImpl                                  : loaded 2 times (x 365B)
Class com.android.build.api.variant.impl.InternalVariantBuilder                       : loaded 2 times (x 70B)
Class com.android.build.api.variant.impl.DynamicFeatureVariantImpl                    : loaded 2 times (x 599B)
Class [Lcom.android.build.gradle.ProguardFiles$ProguardFile;                          : loaded 2 times (x 69B)
Class com.android.build.gradle.internal.ide.v2.NativeModelBuilder$scopes$2            : loaded 2 times (x 79B)
Class com.android.build.api.dsl.SingleVariant                                         : loaded 2 times (x 70B)
Class com.android.build.gradle.internal.dsl.BundleOptionsLanguage$AgpDecorated        : loaded 2 times (x 81B)
Class com.android.build.gradle.internal.dependency.ExtractAarTransform$Inject_1       : loaded 2 times (x 109B)
Class org.jetbrains.kotlin.gradle.plugin.KotlinTargetPreset                           : loaded 2 times (x 70B)
Class org.jetbrains.kotlin.gradle.utils.FileUtilsKt$localProperties$1                 : loaded 2 times (x 75B)
Class org.jetbrains.kotlin.gradle.dsl.HasConfigurableKotlinCompilerOptions            : loaded 2 times (x 70B)
Class com.android.build.gradle.internal.plugins.BasePlugin$configureProject$5         : loaded 2 times (x 74B)
Class com.android.build.gradle.internal.lint.LintFixBuildService                      : loaded 2 times (x 75B)
Class com.android.build.gradle.internal.utils.DesugarLibUtils$getDesugarLibConfigFromTransform$1: loaded 2 times (x 74B)
Class com.google.wireless.android.sdk.stats.GradleBuildProject                        : loaded 2 times (x 260B)
Class com.google.wireless.android.sdk.stats.GradleBuildProfileSpan$ExecutionType      : loaded 2 times (x 87B)
Class com.android.build.gradle.internal.errors.SyncIssueReporterImpl$GlobalSyncIssueService: loaded 2 times (x 82B)
Class com.android.build.gradle.internal.errors.DeprecationReporterImpl                : loaded 2 times (x 83B)
Class com.android.build.gradle.internal.errors.AndroidProblemReporterProvider$RegistrationAction: loaded 2 times (x 74B)
Class com.android.build.gradle.options.ProjectOptions                                 : loaded 2 times (x 72B)
Class com.android.build.gradle.internal.services.RunOnceBuildServiceImpl$ActionName   : loaded 2 times (x 72B)
Class com.google.common.reflect.TypeToken$SimpleTypeToken                             : loaded 2 times (x 73B)
Class ijKotlinCoroutineJvmDebugInit1_8d4id96t5brqjcnqa40zhtiq0$_run_closure1$_closure2: loaded 2 times (x 139B)
Class com.android.build.gradle.internal.AndroidTestTaskManager$createConnectedTestForVariant$1: loaded 2 times (x 75B)
Class com.android.build.gradle.internal.tasks.creationconfig.BaseProcessTestManifestCreationConfig: loaded 2 times (x 138B)
Class com.android.build.gradle.internal.tasks.CompileArtProfileTask$CreationAction$handleProvider$1: loaded 2 times (x 127B)
Class com.android.build.gradle.internal.tasks.SigningConfigVersionsWriterTask$CreationAction$handleProvider$1: loaded 2 times (x 127B)
Class org.jetbrains.kotlin.gradle.plugin.mpp.DefaultKotlinCompilationOutput$allOutputs$1$1: loaded 2 times (x 75B)
Class org.jetbrains.kotlin.gradle.plugin.mpp.HasBinaries                              : loaded 2 times (x 70B)
Class com.android.build.gradle.internal.services.BuiltInKaptSupportMode$Supported     : loaded 2 times (x 71B)
Class com.android.build.gradle.internal.res.LinkApplicationAndroidResourcesTask$BaseCreationAction$handleProvider$1: loaded 2 times (x 127B)
Class com.android.build.gradle.internal.dependency.VariantDependencies$computeLocalFileDependencies$1: loaded 2 times (x 80B)
Class com.android.builder.dexing.DexingType                                           : loaded 2 times (x 79B)
Class com.android.build.gradle.internal.tasks.factory.VariantTaskCreationAction       : loaded 2 times (x 90B)
Class com.android.build.api.component.impl.DeviceTestImpl$resValues$2                 : loaded 2 times (x 79B)
Class com.android.build.api.variant.impl.TestedApkPackagingImpl                       : loaded 2 times (x 95B)
Class com.android.build.gradle.internal.tasks.factory.TaskProviderCallback            : loaded 2 times (x 70B)
Class com.android.build.gradle.internal.services.FakeDependencyJarBuildService$FakeDependencyJarCreator$Params_Decorated: loaded 2 times (x 132B)
Class com.android.build.gradle.internal.services.FakeDependencyJarBuildService$FakeDependencyJarCreator: loaded 2 times (x 80B)
Class com.android.build.gradle.internal.tasks.factory.BootClasspathConfigImpl$filteredBootClasspath$2: loaded 2 times (x 79B)
Class com.android.build.gradle.internal.dsl.BundleOptionsAiModelVersion$AgpDecorated  : loaded 2 times (x 85B)
Class com.android.build.gradle.internal.dsl.decorator.ApplicationInstallationImpl$AgpDecorated_Decorated: loaded 2 times (x 144B)
Class [Lcom.android.resources.Density;                                                : loaded 2 times (x 69B)
Class com.android.build.gradle.internal.dsl.ExternalNativeBuildOptions_Decorated      : loaded 2 times (x 139B)
Class com.google.common.util.concurrent.AbstractFuture$UnsafeAtomicHelper$1           : loaded 2 times (x 76B)
Class com.android.build.gradle.internal.variant.BaseVariantFactory$Companion          : loaded 2 times (x 71B)
Class org.jetbrains.kotlin.gradle.targets.native.toolchain.UsesKotlinNativeBundleBuildService: loaded 2 times (x 70B)
Class org.jetbrains.kotlin.build.report.metrics.ValueType                             : loaded 2 times (x 79B)
Class org.jetbrains.kotlin.gradle.plugin.KotlinCompilerArgumentsProducer              : loaded 2 times (x 70B)
Class org.jetbrains.kotlin.gradle.dsl.KotlinCommonOptions                             : loaded 2 times (x 70B)
Class com.android.build.gradle.internal.ide.dependencies.LibraryDependencyCacheBuildService$RegistrationAction: loaded 2 times (x 74B)
Class com.android.utils.DateProvider$1                                                : loaded 2 times (x 75B)
Class com.google.gson.internal.bind.MapTypeAdapterFactory$Adapter                     : loaded 2 times (x 74B)
Class com.google.gson.internal.sql.SqlTimeTypeAdapter$1                               : loaded 2 times (x 75B)
Class com.android.build.gradle.internal.VariantTaskManager$addBindingDependenciesIfNecessary$dataBindingEnabled$1: loaded 2 times (x 80B)
Class com.android.build.gradle.internal.variant.BaseVariantFactory                    : loaded 2 times (x 106B)
Class ijJvmDebugger1_b5rqkoi4cvyrocszbx6z13ivq                                        : loaded 2 times (x 171B)
Class com.android.tools.utp.gradle.api.UtpDependency$1                                : loaded 2 times (x 127B)
Class com.android.build.gradle.internal.dependency.SubtractingArtifactCollection$SubtractingArtifactResult$removedFiles$1: loaded 2 times (x 79B)
Class com.android.build.gradle.internal.tasks.PerModuleBundleTask                     : loaded 2 times (x 344B)
Class com.android.build.gradle.internal.tasks.CompileArtProfileTask$CreationAction$handleProvider$2: loaded 2 times (x 127B)
Class com.android.build.gradle.internal.services.R8D8ThreadPoolBuildService$RegistrationAction: loaded 2 times (x 74B)
Class org.jetbrains.kotlin.gradle.plugin.sources.FragmentConsistencyChecker           : loaded 2 times (x 72B)
Class org.jetbrains.kotlin.gradle.tasks.configuration.BaseKotlinCompileConfig$1$classpathConfiguration$1: loaded 2 times (x 75B)
Class com.android.build.gradle.internal.tasks.creationconfig.BaseJavaCompileCreationConfig: loaded 2 times (x 124B)
Class com.android.build.gradle.internal.tasks.PrepareLintJarForPublish$CreationAction$handleProvider$1: loaded 2 times (x 127B)
Class com.android.build.gradle.internal.tasks.featuresplit.PackagedDependenciesWriterTask$CreationAction: loaded 2 times (x 90B)
Class com.android.build.gradle.internal.core.dsl.impl.features.NativeBuildDslInfoImpl$mergeOptions$1: loaded 2 times (x 78B)
Class com.android.build.api.attributes.BuildTypeAttr$Impl                             : loaded 2 times (x 88B)
Class [Lcom.android.build.gradle.internal.dsl.ModulePropertyKey$BooleanWithDefault;   : loaded 2 times (x 69B)
Class com.android.build.gradle.internal.profile.ProfilingMode$Companion               : loaded 2 times (x 71B)
Class com.android.build.gradle.internal.services.VariantBuilderServices               : loaded 2 times (x 70B)
Class com.android.build.api.extension.impl.OperationsRegistrar                        : loaded 2 times (x 72B)
Class com.android.tools.lint.model.LintModelSeverity                                  : loaded 2 times (x 79B)
Class com.android.build.gradle.internal.dsl.BundleOptionsAbi$AgpDecorated             : loaded 2 times (x 81B)
Class com.android.build.gradle.internal.dsl.ApplicationAndroidResourcesImpl$AgpDecorated: loaded 2 times (x 130B)
Class com.android.builder.core.AbstractProductFlavor$DimensionRequest                 : loaded 2 times (x 72B)
Class com.google.common.reflect.TypeCapture                                           : loaded 2 times (x 71B)
Class com.android.build.gradle.internal.dsl.LintImpl                                  : loaded 2 times (x 212B)
Class com.android.build.api.dsl.SigningConfig                                         : loaded 2 times (x 70B)
Class org.jetbrains.kotlin.gradle.dsl.DefaultToolchainSupport_Decorated               : loaded 2 times (x 120B)
Class org.jetbrains.kotlin.gradle.internal.properties.NativePropertiesLoader$jvmArgs$1: loaded 2 times (x 75B)
Class org.jetbrains.kotlin.gradle.report.BuildMetricsService$Companion                : loaded 2 times (x 71B)
Class org.jetbrains.kotlin.gradle.plugin.VariantImplementationFactories$Parameters_Decorated: loaded 2 times (x 130B)
Class org.jetbrains.kotlin.gradle.plugin.PropertiesProvider$PropertyNames             : loaded 2 times (x 71B)
Class org.jetbrains.kotlin.gradle.tasks.KotlinCompileTool                             : loaded 2 times (x 70B)
Class org.jetbrains.kotlin.gradle.utils.SingleAction$PerformedActions                 : loaded 2 times (x 72B)
Class org.jetbrains.kotlin.gradle.utils.GradleUtilsKt                                 : loaded 2 times (x 71B)
Class org.jetbrains.kotlin.gradle.plugin.HasProject                                   : loaded 2 times (x 70B)
Class com.android.io.CancellableFileIo                                                : loaded 2 times (x 71B)
Class com.google.protobuf.Descriptors$FieldDescriptor                                 : loaded 2 times (x 88B)
Class com.android.build.gradle.internal.errors.SyncIssueReporterImpl$GlobalSyncIssueService$Parameters: loaded 2 times (x 70B)
Class org.gradle.internal.operations.MultipleBuildOperationFailures                   : loaded 2 times (x 95B)
Class com.android.build.api.variant.ComponentIdentity                                 : loaded 2 times (x 70B)
Class com.android.build.gradle.internal.testing.ManagedDeviceRegistry                 : loaded 2 times (x 75B)
Class com.android.build.gradle.internal.tasks.ApplicationTaskManager                  : loaded 2 times (x 86B)
Class com.android.build.gradle.internal.dsl.BaseAppModuleExtension                    : loaded 2 times (x 459B)
Class com.android.build.gradle.AndroidConfig                                          : loaded 2 times (x 70B)
Class com.android.tools.utp.gradle.api.UtpDependency$2                                : loaded 2 times (x 127B)
Class [Lcom.android.builder.compiling.BuildConfigType;                                : loaded 2 times (x 69B)
Class com.android.build.gradle.internal.tasks.CompileArtProfileTask$CreationAction$handleProvider$3: loaded 2 times (x 127B)
Class com.android.build.gradle.internal.tasks.OptimizeResourcesTask$CreateAction$handleProvider$operationRequest$1: loaded 2 times (x 127B)
Class com.android.build.gradle.internal.tasks.BundleIdeModelProducerTask$CreationAction$handleProvider$1: loaded 2 times (x 127B)
Class com.android.tools.r8.Version                                                    : loaded 2 times (x 71B)
Class org.jetbrains.kotlin.gradle.plugin.mpp.compilationImpl.factory.KotlinCompilationImplFactory$KotlinCompilationTaskNamesContainerFactory: loaded 2 times (x 70B)
Class org.jetbrains.kotlin.gradle.plugin.diagnostics.ToolingDiagnosticRenderingOptionsKt$isAttachedToTerminal$1: loaded 2 times (x 74B)
Class org.jetbrains.kotlin.gradle.tasks.configuration.BaseKotlinCompileConfig         : loaded 2 times (x 72B)
Class com.android.build.gradle.internal.services.TaskCreationServicesImpl$sam$java_util_concurrent_Callable$0: loaded 2 times (x 75B)
Class com.android.build.gradle.internal.scope.InternalArtifactType$AP_GENERATED_SOURCES: loaded 2 times (x 74B)
Class com.android.build.api.variant.impl.ResourcesPackagingImpl                       : loaded 2 times (x 80B)
Class com.android.build.gradle.internal.scope.InternalArtifactType$UPDATED_NAVIGATION_XML: loaded 2 times (x 74B)
Class com.android.build.api.artifact.impl.InAndOutDirectoryOperationRequestImpl$Companion: loaded 2 times (x 71B)
Class com.android.build.gradle.tasks.ProcessPackagedManifestTask$CreationAction       : loaded 2 times (x 90B)
Class com.android.build.gradle.tasks.ProcessManifestForMetadataFeatureTask$CreationAction$handleProvider$1: loaded 2 times (x 127B)
Class com.android.build.gradle.internal.core.dsl.impl.InstrumentedTestDslInfoImpl$functionalTest$fromFlavor$1: loaded 2 times (x 78B)
Class com.android.build.gradle.internal.core.dsl.impl.AndroidTestComponentDslInfoImpl : loaded 2 times (x 153B)
Class com.android.build.gradle.internal.core.dsl.impl.ApplicationVariantDslInfoImpl$versionCode$2$2: loaded 2 times (x 75B)
Class com.android.build.gradle.internal.core.dsl.impl.features.NativeBuildDslInfoImpl$mergeOptions$2: loaded 2 times (x 78B)
Class com.android.build.api.variant.HostTest                                          : loaded 2 times (x 70B)
Class com.android.build.api.variant.AndroidResources                                  : loaded 2 times (x 70B)
Class [Lcom.android.build.gradle.internal.publishing.AndroidArtifacts$PublishedConfigType;: loaded 2 times (x 69B)
Class com.android.build.gradle.internal.attributes.VariantAttr$Impl                   : loaded 2 times (x 88B)
Class com.android.build.gradle.internal.core.dsl.impl.features.DexingDslInfoImpl      : loaded 2 times (x 77B)
Class com.android.build.gradle.internal.lint.AndroidLintGlobalTask$GlobalCreationAction$Companion: loaded 2 times (x 71B)
Class com.android.build.gradle.internal.tasks.LintCompile$CreationAction              : loaded 2 times (x 91B)
Class com.android.build.gradle.internal.dsl.AndroidTestImpl$AgpDecorated              : loaded 2 times (x 80B)
Class com.android.build.gradle.internal.tasks.factory.GlobalTaskCreationConfigImpl$testOptionExecutionEnum$2: loaded 2 times (x 79B)
Class com.android.build.gradle.internal.tasks.factory.BootClasspathConfigImpl$androidJar$2: loaded 2 times (x 79B)
Class com.android.build.gradle.internal.dsl.BundleOptionsCodeTransparency$AgpDecorated_Decorated: loaded 2 times (x 125B)
Class com.android.build.gradle.internal.dsl.ApplicationExtensionImpl$lintOptions$2    : loaded 2 times (x 79B)
Class com.android.build.gradle.internal.dsl.ManagedDevices$localDevices$1$1           : loaded 2 times (x 75B)
Class com.android.build.gradle.internal.dsl.AarMetadataImpl$AgpDecorated              : loaded 2 times (x 91B)
Class com.android.build.gradle.internal.dsl.AnnotationProcessorOptions$AgpDecorated_Decorated: loaded 2 times (x 149B)
Class com.android.resources.Density                                                   : loaded 2 times (x 92B)
Class jdk.internal.jimage.decompressor.StringSharingDecompressorFactory               : loaded 2 times (x 74B)
Class com.android.build.gradle.internal.dsl.decorator.SupportedPropertyType           : loaded 2 times (x 73B)
Class com.android.build.gradle.internal.dsl.InternalSigningConfig                     : loaded 2 times (x 70B)
Class org.jetbrains.kotlin.gradle.plugin.mpp.KotlinAndroidTarget_Decorated            : loaded 2 times (x 213B)
Class org.jetbrains.kotlin.gradle.ExperimentalKotlinGradlePluginApi                   : loaded 2 times (x 70B)
Class org.jetbrains.kotlin.gradle.dsl.KotlinAndroidProjectExtension                   : loaded 2 times (x 139B)
Class org.jetbrains.kotlin.gradle.internal.properties.NativePropertiesLoader          : loaded 2 times (x 86B)
Class [Lorg.jetbrains.kotlin.build.report.metrics.BuildTime;                          : loaded 2 times (x 69B)
Class org.jetbrains.kotlin.gradle.plugin.KotlinGradleBuildServices$Parameters$Inject_ : loaded 2 times (x 106B)
Class org.jetbrains.kotlin.gradle.plugin.statistics.BuildFusService                   : loaded 2 times (x 84B)
Class com.android.build.gradle.internal.dependency.JacocoInstrumentationService       : loaded 2 times (x 81B)
Class com.android.build.gradle.internal.ide.v2.GlobalSyncService$Parameters_Decorated : loaded 2 times (x 130B)
Class com.android.tools.analytics.StubbableLazy                                       : loaded 2 times (x 76B)
Class com.android.build.gradle.internal.tasks.factory.TaskManagerConfig               : loaded 2 times (x 70B)
Class com.android.build.gradle.internal.profile.TaskMetadata                          : loaded 2 times (x 72B)
Class com.android.build.gradle.internal.scope.ProjectInfo$Companion                   : loaded 2 times (x 71B)
Class com.google.gson.internal.bind.DefaultDateTypeAdapter$DateType                   : loaded 2 times (x 73B)
Class com.google.protobuf.Internal$EnumLite                                           : loaded 2 times (x 70B)
Class com.android.build.gradle.internal.AbstractAppTaskManager                        : loaded 2 times (x 86B)
Class com.android.build.gradle.internal.plugins.VersionCheckPlugin                    : loaded 2 times (x 74B)
Class com.android.build.gradle.options.Option                                         : loaded 2 times (x 70B)
Class jdk.internal.jimage.ImageLocation                                               : loaded 2 times (x 90B)
Class com.android.build.gradle.internal.publishing.PublishingSpecs$Companion          : loaded 2 times (x 71B)
Class com.android.tools.utp.gradle.api.UtpDependency$3                                : loaded 2 times (x 127B)
Class com.android.build.api.variant.impl.SourcesImpl$renderscript$2                   : loaded 2 times (x 79B)
Class com.android.build.gradle.internal.tasks.OptimizeResourcesTask$CreateAction$handleProvider$operationRequest$2: loaded 2 times (x 127B)
Class com.android.build.gradle.internal.scope.InternalArtifactType$APK_FROM_BUNDLE_IDE_REDIRECT_FILE: loaded 2 times (x 74B)
Class com.android.build.gradle.internal.tasks.CompileArtProfileTask$CreationAction$handleProvider$4: loaded 2 times (x 127B)
Class org.jetbrains.kotlin.gradle.plugin.mpp.compilationImpl.factory.DefaultKotlinCompilationDependencyConfigurationsFactory$WithRuntime: loaded 2 times (x 75B)
Class org.jetbrains.kotlin.gradle.plugin.diagnostics.IsAttachedToTerminalValueSource$Inject_: loaded 2 times (x 100B)
Class org.jetbrains.kotlin.gradle.plugin.diagnostics.ToolingDiagnosticRenderingOptionsKt$isAttachedToTerminal$2: loaded 2 times (x 74B)
Class com.android.build.gradle.internal.res.LinkApplicationAndroidResourcesTask$BaseCreationAction$handleProvider$4: loaded 2 times (x 127B)
Class com.android.build.gradle.internal.core.dsl.impl.features.NativeBuildDslInfoImpl$mergeOptions$3: loaded 2 times (x 78B)
Class com.android.build.gradle.internal.variant.BaseVariantData$WhenMappings          : loaded 2 times (x 71B)
Class com.android.build.api.component.impl.JavaCompilationImpl                        : loaded 2 times (x 76B)
Class com.android.build.gradle.internal.component.TestSuiteCreationConfig             : loaded 2 times (x 70B)
Class com.android.build.api.variant.impl.HostTestBuilderImpl$Companion                : loaded 2 times (x 71B)
Class com.android.build.gradle.internal.dsl.VcsInfoImpl$AgpDecorated_Decorated        : loaded 2 times (x 125B)
Class com.android.build.gradle.internal.dsl.BuildType$AgpDecorated                    : loaded 2 times (x 369B)
Class com.android.build.gradle.internal.dsl.ManagedDevices$localDevices$1$2           : loaded 2 times (x 75B)
Class com.android.build.gradle.internal.dsl.decorator.DslDecorator$ClassInfoVisitor   : loaded 2 times (x 70B)
Class com.android.build.api.dsl.DependencySelection                                   : loaded 2 times (x 70B)
Class com.android.build.gradle.api.JavaCompileOptions                                 : loaded 2 times (x 70B)
Class org.bouncycastle.jce.provider.BouncyCastleProvider                              : loaded 2 times (x 169B)
Class com.android.build.api.dsl.DynamicFeatureBuildType                               : loaded 2 times (x 70B)
Class org.jetbrains.kotlin.gradle.utils.FutureImpl                                    : loaded 2 times (x 80B)
Class org.jetbrains.kotlin.gradle.internal.properties.NativePropertiesLoader$isToolchainEnabled$1: loaded 2 times (x 75B)
Class org.jetbrains.kotlin.gradle.plugin.mpp.KotlinJvmAndroidCompilation              : loaded 2 times (x 198B)
Class com.google.wireless.android.sdk.stats.GradleBuildMemorySampleOrBuilder          : loaded 2 times (x 70B)
Class com.google.gson.internal.bind.ReflectiveTypeAdapterFactory$1                    : loaded 2 times (x 74B)
Class org.gradle.accessors.dm.LibrariesForLibs_Decorated                              : loaded 2 times (x 126B)
Class com.android.build.gradle.internal.cxx.configure.Ninja                           : loaded 2 times (x 72B)
Class com.android.build.gradle.options.SyncOptions                                    : loaded 2 times (x 71B)
Class com.android.tools.utp.gradle.api.UtpDependency$4                                : loaded 2 times (x 127B)
Class com.android.build.gradle.internal.AndroidTestTaskManager$createConnectedTestForVariant$connectedCheckSerials$1: loaded 2 times (x 74B)
Class com.android.build.api.variant.impl.ManifestFilesImpl$all$1                      : loaded 2 times (x 74B)
Class com.android.build.api.variant.impl.SigningConfigImpl$keyPassword$1              : loaded 2 times (x 75B)
Class com.android.build.api.artifact.ScopedArtifact$JAVA_RES                          : loaded 2 times (x 74B)
Class org.jetbrains.kotlin.gradle.plugin.mpp.KotlinJvmAgpCompilation_Decorated        : loaded 2 times (x 247B)
Class [Lorg.jetbrains.kotlin.gradle.plugin.HasKotlinDependencies;                     : loaded 2 times (x 69B)
Class org.jetbrains.kotlin.gradle.plugin.mpp.compilationImpl.factory.KotlinCompilationImplFactory$PostConfigure$Companion: loaded 2 times (x 71B)
Class org.jetbrains.kotlin.gradle.tasks.CompileUsingKotlinDaemonWithNormalization     : loaded 2 times (x 70B)
Class com.android.build.gradle.tasks.GenerateManifestJarTask                          : loaded 2 times (x 328B)
Class com.android.build.gradle.internal.scope.InternalMultipleArtifactType$PROJECT_LEVEL_TEST_RESULTS: loaded 2 times (x 74B)
Class com.android.build.api.component.impl.DeviceTestImpl$instrumentationRunner$2     : loaded 2 times (x 79B)
Class com.android.build.api.component.impl.DeviceTestImpl_Decorated                   : loaded 2 times (x 746B)
Class com.android.build.api.component.impl.DeviceTestImpl                             : loaded 2 times (x 690B)
Class com.android.build.gradle.internal.core.dsl.impl.features.NativeBuildDslInfoImpl$mergeOptions$4: loaded 2 times (x 78B)
Class com.android.build.api.variant.BundleConfig                                      : loaded 2 times (x 70B)
Class [Lcom.android.build.gradle.internal.dsl.ModulePropertyKey;                      : loaded 2 times (x 69B)
Class com.android.build.api.dsl.LibraryBuildFeatures                                  : loaded 2 times (x 70B)
Class com.android.build.gradle.internal.dsl.Splits$AgpDecorated                       : loaded 2 times (x 85B)
Class com.android.build.gradle.internal.dsl.decorator.DslDecorator$findAbstractProperties$1$2: loaded 2 times (x 78B)
Class com.google.gson.TypeAdapterFactory                                              : loaded 2 times (x 70B)
Class com.android.build.api.dsl.BundleDensity                                         : loaded 2 times (x 70B)
Class com.android.builder.internal.BaseConfigImpl                                     : loaded 2 times (x 115B)
Class com.android.build.api.dsl.AndroidSourceSet                                      : loaded 2 times (x 70B)
Class com.android.ide.common.gradle.Separator                                         : loaded 2 times (x 79B)
Class org.jetbrains.kotlin.gradle.tasks.DefaultKotlinJavaToolchain$Companion$wireJvmTargetToToolchain$1: loaded 2 times (x 75B)
Class org.jetbrains.kotlin.gradle.plugin.KotlinPlatformType                           : loaded 2 times (x 82B)
Class org.jetbrains.kotlin.gradle.internal.properties.PropertiesBuildServiceKt        : loaded 2 times (x 71B)
Class org.jetbrains.kotlin.gradle.plugin.KotlinGradleBuildServices$Companion          : loaded 2 times (x 71B)
Class com.android.build.gradle.internal.SdkComponentsBuildService                     : loaded 2 times (x 80B)
Class [Lcom.android.prefs.VariableValue;                                              : loaded 2 times (x 69B)
Class com.android.build.gradle.internal.utils.EnvironmentProviderImpl                 : loaded 2 times (x 78B)
Class com.android.build.gradle.internal.services.Aapt2ThreadPoolBuildService          : loaded 2 times (x 80B)
Class com.google.wireless.android.sdk.stats.GradleBuildProfileSpan$ExecutionType$1    : loaded 2 times (x 76B)
Class com.google.gson.internal.bind.JsonTreeReader                                    : loaded 2 times (x 98B)
Class com.google.protobuf.Extension$ExtensionType                                     : loaded 2 times (x 79B)
Class com.google.protobuf.AbstractMessageLite$Builder$LimitedInputStream              : loaded 2 times (x 92B)
Class com.google.gson.internal.bind.TypeAdapters$30                                   : loaded 2 times (x 76B)
Class com.google.gson.internal.bind.ReflectiveTypeAdapterFactory$2                    : loaded 2 times (x 79B)
Class com.android.build.gradle.options.StringOption                                   : loaded 2 times (x 85B)
Class com.google.common.util.concurrent.ListeningExecutorService                      : loaded 2 times (x 70B)
Class jdk.internal.jimage.ImageBufferCache$1                                          : loaded 2 times (x 83B)
Class org.gradle.internal.time.DefaultTimer                                           : loaded 2 times (x 80B)
Class org.gradle.internal.classloader.ClasspathUtil$1                                 : loaded 2 times (x 76B)
Class com.android.build.gradle.internal.dependency.EnumerateClassesTransform$Inject_1 : loaded 2 times (x 109B)
Class com.android.build.gradle.internal.dependency.IdentityTransform$Inject_1         : loaded 2 times (x 109B)
Class com.android.build.gradle.internal.variant.DefaultFlavorComparator               : loaded 2 times (x 89B)
Class com.android.tools.utp.gradle.api.UtpDependency$5                                : loaded 2 times (x 127B)
Class com.android.build.gradle.internal.tasks.PerModuleReportDependenciesTask$CreationAction$handleProvider$1: loaded 2 times (x 127B)
Class com.android.build.gradle.tasks.PackageApplication$CreationAction$handleProvider$1: loaded 2 times (x 125B)
Class com.android.build.gradle.internal.scope.InternalArtifactType$MODULE_BUNDLE      : loaded 2 times (x 74B)
Class com.android.build.gradle.internal.tasks.featuresplit.FeatureSetMetadataWriterTask$CreationAction: loaded 2 times (x 90B)
Class org.jetbrains.kotlin.gradle.plugin.mpp.DefaultKotlinCompilationOutput           : loaded 2 times (x 82B)
Class org.jetbrains.kotlin.gradle.plugin.diagnostics.ToolingDiagnosticRenderingOptions$Companion: loaded 2 times (x 71B)
Class org.jetbrains.kotlin.gradle.dsl.KotlinJvmCompilerOptionsHelper                  : loaded 2 times (x 71B)
Class com.android.build.api.artifact.MultipleArtifact                                 : loaded 2 times (x 74B)
Class com.android.build.gradle.internal.tasks.ProcessJavaResTask                      : loaded 2 times (x 566B)
Class com.android.build.gradle.internal.tasks.R8ResourceShrinkingParametersKt         : loaded 2 times (x 71B)
Class com.android.build.gradle.tasks.GenerateManifestJarTask$CreationAction$handleProvider$1: loaded 2 times (x 127B)
Class com.android.build.api.component.impl.features.InstrumentationCreationConfigImpl$projectClassesPostInstrumentation$2: loaded 2 times (x 79B)
Class com.android.build.gradle.internal.AndroidTestTaskManager$createMockableJarTask$1: loaded 2 times (x 75B)
Class com.android.build.gradle.internal.variant.BaseVariantData$DiscoverableFilterType: loaded 2 times (x 80B)
Class com.android.build.api.variant.impl.BundleConfigImpl$metadataFiles$1             : loaded 2 times (x 78B)
Class com.android.build.api.variant.DeviceTestBuilder                                 : loaded 2 times (x 70B)
Class com.android.build.gradle.internal.core.dsl.impl.VariantDslInfoImpl              : loaded 2 times (x 145B)
Class com.google.wireless.android.sdk.stats.GradlePluginDataOrBuilder                 : loaded 2 times (x 70B)
Class com.android.build.gradle.internal.dsl.decorator.DslDecorator$findAbstractProperties$1$3: loaded 2 times (x 78B)
Class com.android.utils.ILogger                                                       : loaded 2 times (x 70B)
Class com.android.build.gradle.internal.dsl.DependencySelectionImpl                   : loaded 2 times (x 78B)
Class com.android.build.api.dsl.BundleDeviceGroup                                     : loaded 2 times (x 70B)
Class com.android.build.gradle.api.AnnotationProcessorOptions                         : loaded 2 times (x 70B)
Class com.android.build.api.dsl.ApplicationBaseFlavor                                 : loaded 2 times (x 70B)
Class com.android.build.gradle.internal.dsl.CoreBuildType                             : loaded 2 times (x 70B)
Class org.jetbrains.kotlin.gradle.tasks.DefaultKotlinJavaToolchain$Companion$wireJvmTargetToToolchain$2: loaded 2 times (x 75B)
Class org.jetbrains.kotlin.gradle.plugin.ProjectLocalConfigurations$ProjectLocalDisambiguation: loaded 2 times (x 76B)
Class org.jetbrains.kotlin.gradle.internal.properties.PropertiesBuildService$NullableStringGradleProperty: loaded 2 times (x 76B)
Class org.jetbrains.kotlin.gradle.targets.native.KonanPropertiesBuildService          : loaded 2 times (x 76B)
Class org.jetbrains.kotlin.gradle.plugin.KotlinGradleBuildServices$detectKotlinPluginLoadedInMultipleProjects$onRegister$1$1: loaded 2 times (x 75B)
Class org.jetbrains.kotlin.gradle.internal.properties.PropertiesBuildService$Inject_  : loaded 2 times (x 96B)
Class org.jetbrains.kotlin.gradle.plugin.internal.ConfigurationCacheStartParameterAccessor$Factory: loaded 2 times (x 70B)
Class com.android.build.gradle.internal.services.FakeDependencyJarBuildService$Params_Decorated: loaded 2 times (x 130B)
Class com.google.gson.ToNumberStrategy                                                : loaded 2 times (x 70B)
Class com.google.gson.TypeAdapter                                                     : loaded 2 times (x 73B)
Class com.android.utils.NullLogger                                                    : loaded 2 times (x 85B)
Class org.jetbrains.kotlin.gradle.dsl.KotlinProjectExtension                          : loaded 2 times (x 122B)
Class org.jetbrains.kotlin.gradle.internal.properties.PropertiesBuildService$BooleanGradleProperty: loaded 2 times (x 76B)
Class com.android.build.gradle.api.KotlinMultiplatformAndroidPlugin                   : loaded 2 times (x 76B)
Class com.android.build.api.variant.HasDeviceTests                                    : loaded 2 times (x 70B)
Class jdk.internal.jimage.ImageBufferCache$2                                          : loaded 2 times (x 91B)
Class org.gradle.api.internal.classpath.DefaultModuleRegistry$DefaultModule           : loaded 2 times (x 86B)
Class com.android.build.gradle.internal.scope.ArtifactPublishingUtil                  : loaded 2 times (x 71B)
Class com.android.build.gradle.internal.dependency.BaseDexingTransform                : loaded 2 times (x 80B)
Class com.android.build.gradle.internal.cxx.logging.ThreadLoggingEnvironment$Companion$loggerStack$1: loaded 2 times (x 74B)
Class com.android.build.gradle.internal.PropertiesValueSource                         : loaded 2 times (x 78B)
Class com.android.tools.utp.gradle.api.UtpDependency$6                                : loaded 2 times (x 127B)
Class com.android.tools.utp.gradle.api.UtpDependencies                                : loaded 2 times (x 84B)
Class com.android.build.gradle.internal.coverage.tasks.CodeCoverageCollectionTask$CoverageCollectionCreationAction$handleProvider$1: loaded 2 times (x 127B)
Class com.android.build.gradle.internal.tasks.MergeStartupProfileTask                 : loaded 2 times (x 328B)
Class com.android.build.gradle.internal.tasks.ExtractNativeDebugMetadataTask$FullCreationAction$handleProvider$1: loaded 2 times (x 127B)
Class org.jetbrains.kotlin.gradle.plugin.mpp.compilationImpl.KotlinCompilationSourceSetInclusion$DefaultAddSourcesToCompileTask$addSources$1: loaded 2 times (x 79B)
Class com.android.build.api.component.impl.DeviceTestImpl$pseudoLocalesEnabled$2      : loaded 2 times (x 79B)
Class com.android.build.gradle.internal.core.dsl.impl.DslInfoCommonKt                 : loaded 2 times (x 71B)
Class com.android.build.api.variant.impl.ApplicationVariantImpl$signingConfig$2       : loaded 2 times (x 79B)
Class com.android.build.api.variant.impl.VariantOutputList                            : loaded 2 times (x 173B)
Class com.android.build.gradle.internal.services.VariantBuilderServices$Value         : loaded 2 times (x 70B)
Class com.android.build.gradle.internal.variant.VariantPathHelper$renderscriptObjOutputDir$2: loaded 2 times (x 79B)
Class com.android.build.gradle.internal.core.Abi                                      : loaded 2 times (x 79B)
Class com.android.build.gradle.internal.dsl.DataBindingOptions$AgpDecorated_Decorated : loaded 2 times (x 163B)
Class com.android.build.gradle.internal.api.artifact.SourceArtifactType$ML_MODELS     : loaded 2 times (x 74B)
Class com.android.builder.model.v2.CustomSourceDirectory                              : loaded 2 times (x 70B)
Class org.jetbrains.kotlin.gradle.plugin.VariantImplementationFactories$Companion$getProvider$1: loaded 2 times (x 75B)
Class com.android.build.gradle.internal.dsl.AgpTestSuiteImpl                          : loaded 2 times (x 102B)
Class com.android.build.gradle.internal.dsl.BundleOptionsAbi                          : loaded 2 times (x 77B)
Class org.jetbrains.kotlin.tooling.core.ExtrasUtilsKt                                 : loaded 2 times (x 71B)
Class org.jetbrains.kotlin.buildtools.api.ExperimentalBuildToolsApi                   : loaded 2 times (x 70B)
Class org.jetbrains.kotlin.gradle.targets.native.KonanPropertiesBuildService$Companion$registerIfAbsent$2$1$1: loaded 2 times (x 75B)
Class org.jetbrains.kotlin.gradle.utils.ResourceUtilsKt                               : loaded 2 times (x 71B)
Class org.jetbrains.kotlin.gradle.plugin.KotlinPluginWrapperKt$kotlinPluginVersionFromResources$1: loaded 2 times (x 78B)
Class com.android.build.gradle.internal.services.VersionedSdkLoaderService$versionedSdkLoader$2: loaded 2 times (x 79B)
Class com.android.build.gradle.internal.services.ClassesHierarchyBuildService$RegistrationAction: loaded 2 times (x 74B)
Class com.android.build.gradle.internal.services.AndroidLocationsBuildService$AndroidLocations: loaded 2 times (x 82B)
Class com.google.protobuf.CodedInputStream$IterableDirectByteBufferDecoder            : loaded 2 times (x 120B)
Class com.google.protobuf.Internal$DoubleList                                         : loaded 2 times (x 70B)
Class org.jetbrains.kotlin.gradle.plugin.KotlinTargetComponent                        : loaded 2 times (x 70B)
Class com.android.ide.common.repository.AgpVersion                                    : loaded 2 times (x 75B)
Class com.android.build.gradle.internal.plugins.BasePlugin$globalConfig$2             : loaded 2 times (x 79B)
Class com.android.build.gradle.internal.plugins.BasePlugin$variantApiOperations$2     : loaded 2 times (x 79B)
Class com.android.build.gradle.internal.plugins.AndroidPluginBaseServices$configuratorService$2: loaded 2 times (x 79B)
Class com.android.build.api.variant.GeneratesApk                                      : loaded 2 times (x 70B)
Class com.android.build.gradle.internal.dsl.TestedExtensionImpl                       : loaded 2 times (x 222B)
Class com.android.build.gradle.LibraryPlugin                                          : loaded 2 times (x 76B)
Class com.android.build.gradle.internal.services.BuildServicesKt                      : loaded 2 times (x 71B)
Class org.gradle.accessors.dm.LibrariesForLibsInPluginsBlock$AndroidxCoreLibraryAccessors: loaded 2 times (x 77B)
Class com.google.common.reflect.Reflection                                            : loaded 2 times (x 71B)
Class com.android.build.gradle.internal.dependency.AsmClassesTransform$Companion      : loaded 2 times (x 71B)
Class com.android.build.gradle.internal.dependency.AarTransform$Inject_1              : loaded 2 times (x 109B)
Class [Lcom.android.build.gradle.internal.cxx.gradle.generator.NativeProjectPath;     : loaded 2 times (x 69B)
Class com.android.tools.utp.gradle.api.UtpDependency$7                                : loaded 2 times (x 127B)
Class com.android.build.api.variant.impl.FlatSourceDirectoriesForJavaImpl$all$2       : loaded 2 times (x 79B)
Class com.android.build.gradle.internal.core.dsl.impl.DslInfoUtilsKt$getInstrumentationRunner$fromFlavor$1: loaded 2 times (x 78B)
Class com.android.build.gradle.internal.coverage.tasks.CodeCoverageCollectionTask$CoverageCollectionCreationAction$handleProvider$2: loaded 2 times (x 127B)
Class com.android.build.gradle.tasks.PackageApplication$CreationAction$handleProvider$3: loaded 2 times (x 125B)
Class org.jetbrains.kotlin.gradle.plugin.mpp.compilationImpl.KotlinCompilationSourceSetInclusion$DefaultAddSourcesToCompileTask$addSources$2: loaded 2 times (x 79B)
Class org.jetbrains.kotlin.gradle.plugin.KotlinCompilationOutput                      : loaded 2 times (x 70B)
Class org.jetbrains.kotlin.gradle.tasks.AbstractKotlinCompile                         : loaded 2 times (x 455B)
Class com.android.build.api.artifact.impl.MultiplePropertyAdapter                     : loaded 2 times (x 78B)
Class com.android.build.gradle.internal.variant.ComponentInfo                         : loaded 2 times (x 72B)
Class com.android.build.gradle.internal.core.ProductFlavor                            : loaded 2 times (x 72B)
Class com.android.build.gradle.internal.variant.VariantPathHelper$directorySegments$2 : loaded 2 times (x 79B)
Class com.android.build.api.attributes.AgpVersionAttr$ImplFactory                     : loaded 2 times (x 75B)
Class com.android.build.gradle.internal.dsl.InternalBuildType                         : loaded 2 times (x 70B)
Class com.android.build.gradle.internal.manifest.ManifestValueSource                  : loaded 2 times (x 79B)
Class com.android.build.gradle.internal.tasks.factory.TaskCreationAction              : loaded 2 times (x 89B)
Class com.android.build.gradle.internal.core.ExecutionProfileOptions                  : loaded 2 times (x 72B)
Class com.android.build.gradle.internal.dsl.SigningConfig                             : loaded 2 times (x 147B)
Class com.android.build.gradle.internal.dsl.BundleOptionsDeviceTier$AgpDecorated_Decorated: loaded 2 times (x 130B)
Class com.android.build.gradle.internal.dsl.decorator.ApplicationInstallationImpl     : loaded 2 times (x 94B)
Class com.android.ide.common.signing.KeytoolException                                 : loaded 2 times (x 84B)
Class com.android.build.api.dsl.TestDefaultConfig                                     : loaded 2 times (x 70B)
Class com.android.build.gradle.internal.dsl.decorator.DslDecorator                    : loaded 2 times (x 72B)
Class com.android.build.api.dsl.AndroidTest                                           : loaded 2 times (x 70B)
Class com.android.builder.model.DimensionAware                                        : loaded 2 times (x 70B)
Class org.jetbrains.kotlin.gradle.targets.native.KonanPropertiesBuildService$Parameters_Decorated: loaded 2 times (x 130B)
Class org.jetbrains.kotlin.gradle.plugin.KotlinPluginWrapperKt$kotlinPluginVersionFromResources$1$1: loaded 2 times (x 71B)
Class com.android.build.gradle.internal.res.Aapt2FromMaven$Companion$Aapt2Extractor$Inject_1: loaded 2 times (x 109B)
Class com.android.build.gradle.internal.dsl.decorator.SupportedPropertyType$Var$NullableInt: loaded 2 times (x 74B)
Class org.gradle.internal.time.DefaultCountdownTimer                                  : loaded 2 times (x 88B)
Class com.android.tools.utp.gradle.api.UtpDependency$8                                : loaded 2 times (x 127B)
Class com.android.build.api.variant.impl.LayeredSourceDirectoriesImpl                 : loaded 2 times (x 92B)
Class com.android.build.api.component.impl.DefaultSourcesProviderImpl                 : loaded 2 times (x 90B)
Class com.android.build.gradle.internal.scope.InternalArtifactType$APP_INTEGRITY_CONFIG: loaded 2 times (x 74B)
Class com.android.build.gradle.internal.tasks.InstallVariantTask                      : loaded 2 times (x 334B)
Class org.jetbrains.kotlin.tooling.core.Extras$Entry                                  : loaded 2 times (x 72B)
Class org.jetbrains.kotlin.gradle.plugin.sources.InternalKotlinSourceSetKt            : loaded 2 times (x 71B)
Class com.android.build.gradle.internal.component.LibraryCreationConfig               : loaded 2 times (x 70B)
Class com.android.build.api.variant.VariantOutput                                     : loaded 2 times (x 70B)
Class com.android.build.gradle.internal.variant.VariantPathHelper                     : loaded 2 times (x 72B)
Class com.android.build.gradle.internal.dependency.VariantDependencies$Companion      : loaded 2 times (x 71B)
Class com.android.build.gradle.internal.core.MergedOptions                            : loaded 2 times (x 70B)
Class com.android.build.api.dsl.ApplicationAndroidResources                           : loaded 2 times (x 70B)
Class com.android.build.gradle.internal.api.artifact.SourceArtifactType$BASELINE_PROFILES: loaded 2 times (x 74B)
Class com.android.build.api.dsl.AaptOptions                                           : loaded 2 times (x 70B)
Class com.android.build.api.dsl.LibraryBaseFlavor                                     : loaded 2 times (x 70B)
Class org.jetbrains.kotlin.gradle.dsl.KotlinJvmCompilerOptionsDefault_Decorated       : loaded 2 times (x 167B)
Class org.jetbrains.kotlin.gradle.internal.ClassLoadersCachingBuildService$Parameters_Decorated: loaded 2 times (x 130B)
Class org.jetbrains.kotlin.gradle.targets.native.toolchain.KotlinNativeBundleBuildService$Companion: loaded 2 times (x 71B)
Class org.jetbrains.kotlin.gradle.plugin.VariantImplementationFactoriesConfigurator   : loaded 2 times (x 76B)
Class org.jetbrains.kotlin.gradle.plugin.HasKotlinDependencies                        : loaded 2 times (x 70B)
Class org.jetbrains.kotlin.gradle.internal.Kapt3GradleSubplugin$Kapt3SubpluginContext : loaded 2 times (x 72B)
Class com.android.build.gradle.internal.services.Aapt2ThreadPoolBuildService$Params   : loaded 2 times (x 70B)
Class com.google.protobuf.Internal$ProtobufList                                       : loaded 2 times (x 70B)
Class com.android.build.gradle.internal.DependencyResolutionChecksKt                  : loaded 2 times (x 71B)
Class com.android.build.gradle.internal.lint.LintFromMaven$Companion                  : loaded 2 times (x 71B)
Class com.google.gson.internal.ObjectConstructor                                      : loaded 2 times (x 70B)
Class com.android.ide.common.blame.SourceFile                                         : loaded 2 times (x 72B)
Class com.android.build.gradle.internal.dsl.BaselineProfileImpl$AgpDecorated_Decorated: loaded 2 times (x 128B)
Class com.android.build.gradle.internal.plugins.BasePlugin$newExtension$2             : loaded 2 times (x 79B)
Class com.android.build.gradle.internal.services.VersionedSdkLoaderService            : loaded 2 times (x 72B)
Class org.gradle.accessors.dm.LibrariesForLibs$PluginAccessors                        : loaded 2 times (x 74B)
Class org.gradle.tooling.internal.gradle.DefaultBuildIdentifier                       : loaded 2 times (x 79B)
Class org.gradle.api.internal.classpath.Module                                        : loaded 2 times (x 70B)
Class com.android.build.gradle.internal.dependency.DexingRegistration$ComponentAgnosticParameters: loaded 2 times (x 72B)
Class com.android.build.gradle.internal.utils.DesugarLibUtils$getDesugarLibConfigFromTransform$1$1: loaded 2 times (x 74B)
Class com.android.build.gradle.internal.services.Aapt2Input_Decorated                 : loaded 2 times (x 155B)
Class com.android.tools.utp.gradle.api.UtpDependency$10                               : loaded 2 times (x 127B)
Class com.android.tools.utp.gradle.api.UtpDependency$9                                : loaded 2 times (x 127B)
Class com.android.build.gradle.internal.scope.InternalArtifactType$APK_FROM_BUNDLE_IDE_MODEL: loaded 2 times (x 74B)
Class com.android.build.gradle.internal.tasks.ValidateSigningTask                     : loaded 2 times (x 328B)
Class com.android.build.gradle.tasks.PackageApplication$CreationAction$handleProvider$5: loaded 2 times (x 127B)
Class com.android.build.gradle.internal.tasks.ExtractNativeDebugMetadataTask$SymbolTableCreationAction$handleProvider$1: loaded 2 times (x 127B)
Class com.android.builder.dexing.R8Version                                            : loaded 2 times (x 71B)
Class org.jetbrains.kotlin.gradle.plugin.mpp.compilationImpl.KotlinCompilationSourceSetInclusion$Companion$includedSourceSets$2: loaded 2 times (x 78B)
Class com.android.build.gradle.tasks.KotlinCompileCreationAction$handleProvider$1     : loaded 2 times (x 78B)
Class org.jetbrains.kotlin.gradle.internal.transforms.BuildToolsApiClasspathEntrySnapshotTransform$Parameters_Decorated: loaded 2 times (x 153B)
Class com.android.build.gradle.internal.dependency.VariantDependencies$Companion$computeLocalFileDependencies$dependencies$1: loaded 2 times (x 75B)
Class com.android.build.gradle.internal.core.dsl.features.AndroidResourcesDslInfo     : loaded 2 times (x 70B)
Class com.android.build.api.variant.VariantOutputConfiguration$OutputType             : loaded 2 times (x 79B)
Class com.android.build.api.variant.TestComponent                                     : loaded 2 times (x 70B)
Class com.android.build.api.attributes.BuildTypeAttr$Companion                        : loaded 2 times (x 71B)
Class com.android.build.api.variant.TestSuiteBuilder                                  : loaded 2 times (x 70B)
Class com.android.build.gradle.internal.crash.CrashReporting$afterEvaluate$1          : loaded 2 times (x 75B)
Class com.android.build.gradle.internal.dsl.MinSdkSpecImpl                            : loaded 2 times (x 81B)
Class com.android.build.api.dsl.Packaging                                             : loaded 2 times (x 70B)
Class com.android.build.gradle.internal.dsl.ProductFlavor                             : loaded 2 times (x 469B)
Class org.jetbrains.kotlin.gradle.plugin.KotlinGradleFinishBuildHandler$Companion     : loaded 2 times (x 71B)
Class org.jetbrains.kotlin.gradle.internal.IsInIdeaSyncValueSource                    : loaded 2 times (x 78B)
Class com.android.build.gradle.internal.SdkComponentsBuildService$RegistrationAction  : loaded 2 times (x 74B)
Class com.android.build.gradle.internal.ide.dependencies.LibraryDependencyCacheBuildService: loaded 2 times (x 80B)
Class com.google.wireless.android.sdk.stats.GarbageCollectionStats                    : loaded 2 times (x 201B)
Class com.android.build.gradle.internal.core.dsl.features.DeviceTestOptionsDslInfo    : loaded 2 times (x 70B)
Class com.google.protobuf.ExtensionRegistry$ExtensionInfo                             : loaded 2 times (x 72B)
Class com.android.build.gradle.options.Option$Status$Removed                          : loaded 2 times (x 72B)
Class com.android.build.gradle.internal.plugins.AndroidPluginBaseServices$syncIssueReporter$2: loaded 2 times (x 79B)
Class com.android.build.api.variant.CanMinifyCode                                     : loaded 2 times (x 70B)
Class com.android.build.gradle.options.ProjectOptionService                           : loaded 2 times (x 77B)
Class org.gradle.accessors.dm.LibrariesForLibsInPluginsBlock$VersionAccessors         : loaded 2 times (x 83B)
Class org.gradle.api.internal.classpath.UnknownModuleException                        : loaded 2 times (x 82B)
Class com.android.build.gradle.internal.services.UsesAapt2DaemonBuildService          : loaded 2 times (x 70B)
Class com.android.build.gradle.internal.SdkComponentsBuildService$Inject_             : loaded 2 times (x 100B)
Class com.android.tools.utp.gradle.api.UtpDependency$11                               : loaded 2 times (x 127B)
Class com.android.build.gradle.internal.tasks.ExtractApksTask                         : loaded 2 times (x 334B)
Class com.android.build.gradle.internal.scope.InternalArtifactType$SIGNING_CONFIG_VERSIONS: loaded 2 times (x 74B)
Class com.android.build.gradle.internal.scope.InternalArtifactType$PACKAGED_DEPENDENCIES: loaded 2 times (x 74B)
Class com.android.build.gradle.internal.TaskManager$createPackagingTask$1             : loaded 2 times (x 75B)
Class com.android.build.gradle.tasks.PackageAndroidArtifact$CreationAction$Companion  : loaded 2 times (x 71B)
Class com.android.build.gradle.internal.tasks.DexFileDependenciesTask                 : loaded 2 times (x 334B)
Class com.android.build.gradle.internal.tasks.DexArchiveBuilderTask                   : loaded 2 times (x 344B)
Class org.jetbrains.kotlin.gradle.plugin.mpp.compilationImpl.KotlinCompilationRegisterInSourceSetsConfigurator$configure$1: loaded 2 times (x 79B)
Class com.android.build.gradle.internal.tasks.creationconfig.JavaCompileCreationConfig: loaded 2 times (x 70B)
Class com.android.build.api.artifact.impl.InAndOutDirectoryOperationRequestImpl       : loaded 2 times (x 81B)
Class com.android.build.gradle.internal.core.dsl.impl.features.OptimizationDslInfoImpl$postProcessingOptions$2$1: loaded 2 times (x 80B)
Class com.android.build.gradle.internal.dsl.LintImpl$SeverityOverrideSet              : loaded 2 times (x 143B)
Class com.android.builder.model.AdbOptions                                            : loaded 2 times (x 70B)
Class com.android.build.api.dsl.MinSdkVersion                                         : loaded 2 times (x 70B)
Class com.android.utils.FileUtils                                                     : loaded 2 times (x 71B)
Class com.android.build.api.dsl.CompileSdkSpec                                        : loaded 2 times (x 70B)
Class com.android.builder.model.DataBindingOptions                                    : loaded 2 times (x 70B)
Class org.jetbrains.kotlin.gradle.plugin.mpp.KotlinUsageContext                       : loaded 2 times (x 70B)
Class org.jetbrains.kotlin.gradle.utils.ConfigurationsKt                              : loaded 2 times (x 71B)
Class org.jetbrains.kotlin.gradle.plugin.diagnostics.DefaultProblemsReporter$Factory  : loaded 2 times (x 76B)
Class com.android.prefs.VariableValue                                                 : loaded 2 times (x 82B)
Class com.android.prefs.AbstractAndroidLocations$Companion                            : loaded 2 times (x 71B)
Class com.android.build.gradle.internal.manifest.LazyManifestParser$manifestData$2    : loaded 2 times (x 75B)
Class com.android.build.api.variant.HostTestBuilder                                   : loaded 2 times (x 70B)
Class com.google.gson.stream.JsonReader$1                                             : loaded 2 times (x 72B)
Class com.android.ide.common.blame.SourcePositionJsonTypeAdapter                      : loaded 2 times (x 75B)
Class com.android.build.gradle.options.FeatureStage$Removed                           : loaded 2 times (x 72B)
Class com.android.build.gradle.options.Stage                                          : loaded 2 times (x 72B)
Class jdk.internal.jimage.ImageHeader                                                 : loaded 2 times (x 71B)
Class com.android.build.gradle.internal.VariantTaskManager$createReportTasks$1        : loaded 2 times (x 75B)
Class com.android.build.gradle.internal.lint.AndroidLintTextOutputTask                : loaded 2 times (x 333B)
Class com.android.tools.utp.gradle.api.UtpDependency$12                               : loaded 2 times (x 127B)
Class com.android.build.gradle.tasks.TestResultsCollectionTask                        : loaded 2 times (x 328B)
Class com.android.build.gradle.internal.tasks.SigningConfigWriterTask$CreationAction  : loaded 2 times (x 90B)
Class com.android.build.gradle.internal.TaskManager$createPackagingTask$2             : loaded 2 times (x 75B)
Class com.android.build.gradle.internal.tasks.MergeJavaResourcesInputsOutputs         : loaded 2 times (x 70B)
Class org.jetbrains.kotlin.gradle.targets.js.dsl.KotlinTargetWithNodeJsDsl            : loaded 2 times (x 70B)
Class org.jetbrains.kotlin.gradle.plugin.sources.DefaultKotlinSourceSetKt$defaultSourceSetLanguageSettingsChecker$1: loaded 2 times (x 78B)
Class org.jetbrains.kotlin.gradle.plugin.sources.InternalKotlinSourceSet              : loaded 2 times (x 70B)
Class com.android.build.gradle.internal.scope.InternalArtifactType$AAR_METADATA_CHECK : loaded 2 times (x 74B)
Class com.android.build.gradle.tasks.CompileNavigationXmlTask                         : loaded 2 times (x 334B)
Class com.android.build.api.artifact.impl.OutOperationRequestImpl                     : loaded 2 times (x 91B)
Class com.android.build.api.artifact.impl.ArtifactOperationRequest                    : loaded 2 times (x 70B)
Class com.android.build.gradle.internal.tasks.ValidateResourcesTask$CreateAction      : loaded 2 times (x 90B)
Class com.android.build.gradle.internal.coverage.tasks.CodeCoverageReportTask$AggregatedCoverageReportCreationAction: loaded 2 times (x 92B)
Class com.android.build.gradle.internal.coverage.tasks.CodeCoverageReportTask$BaseCoverageReportCreationAction: loaded 2 times (x 92B)
Class com.android.build.gradle.internal.tasks.factory.TaskManagerConfigImpl           : loaded 2 times (x 76B)
Class com.android.build.api.component.impl.DeviceTestImpl$buildConfigCreationConfig$2 : loaded 2 times (x 79B)
Class com.android.build.gradle.internal.dependency.ConstraintHandler                  : loaded 2 times (x 71B)
Class com.android.build.api.variant.impl.GlobalVariantBuilderConfig                   : loaded 2 times (x 70B)
Class com.android.build.gradle.internal.lint.LintTaskManager                          : loaded 2 times (x 72B)
Class com.android.build.gradle.internal.tasks.ExtractProguardFiles                    : loaded 2 times (x 321B)
Class com.android.build.gradle.internal.tasks.factory.GlobalTaskCreationConfigImpl$platformAttrs$2: loaded 2 times (x 79B)
Class com.android.build.api.variant.ScopedArtifacts                                   : loaded 2 times (x 70B)
Class com.android.build.gradle.internal.services.FakeDependencyJarBuildService$Params$Inject_: loaded 2 times (x 106B)
Class com.google.common.base.Converter$ConverterComposition                           : loaded 2 times (x 90B)
Class com.android.build.gradle.internal.variant.VariantPathHelper$coverageReportDir$2 : loaded 2 times (x 79B)
Class com.android.build.gradle.internal.dsl.decorator.SupportedPropertyType$Block     : loaded 2 times (x 74B)
Class com.android.build.api.dsl.CompileSdkVersion                                     : loaded 2 times (x 70B)
Class com.android.build.api.dsl.ApplicationDefaultConfig                              : loaded 2 times (x 70B)
Class org.jetbrains.kotlin.gradle.dsl.KotlinGradlePluginPublicDsl                     : loaded 2 times (x 70B)
Class org.jetbrains.kotlin.gradle.internal.properties.NativeProperties                : loaded 2 times (x 70B)
Class org.jetbrains.kotlin.gradle.plugin.internal.ConfigurationCacheStartParameterAccessor: loaded 2 times (x 70B)
Class org.jetbrains.kotlin.gradle.internal.diagnostics.GradleCompatibilityCheck$DefaultCurrentGradleVersionProvider: loaded 2 times (x 74B)
Class org.jetbrains.kotlin.gradle.dsl.KotlinBaseExtension                             : loaded 2 times (x 70B)
Class com.android.build.gradle.internal.plugins.AndroidPluginBaseServices$applyBaseServices$2: loaded 2 times (x 75B)
Class com.android.build.gradle.internal.profile.ProjectData                           : loaded 2 times (x 72B)
Class com.android.build.gradle.internal.component.features.OptimizationCreationConfig : loaded 2 times (x 70B)
Class com.android.build.gradle.internal.core.dsl.MultiVariantComponentDslInfo         : loaded 2 times (x 70B)
Class org.gradle.accessors.dm.LibrariesForLibsInPluginsBlock$AndroidPluginAccessors   : loaded 2 times (x 74B)
Class com.android.build.gradle.internal.PropertiesValueSource$Params$Inject_          : loaded 2 times (x 106B)
Class com.android.tools.utp.gradle.api.UtpDependency$13                               : loaded 2 times (x 127B)
Class com.android.build.gradle.internal.scope.InternalArtifactType$GLOBAL_SYNTHETICS_SUBPROJECT: loaded 2 times (x 74B)
Class com.android.build.gradle.internal.TaskManager$createPackagingTask$3             : loaded 2 times (x 75B)
Class org.jetbrains.kotlin.gradle.plugin.mpp.KotlinJvmAndroidCompilationKt            : loaded 2 times (x 71B)
Class org.jetbrains.kotlin.gradle.targets.js.dsl.KotlinWasmTargetDsl                  : loaded 2 times (x 70B)
Class org.jetbrains.kotlin.gradle.plugin.sources.ConsistencyCheck                     : loaded 2 times (x 72B)
Class org.jetbrains.kotlin.gradle.plugin.sources.DefaultKotlinSourceSetKt$defaultSourceSetLanguageSettingsChecker$2: loaded 2 times (x 78B)
Class org.jetbrains.kotlin.gradle.plugin.diagnostics.KotlinToolingDiagnosticsCollectorKt$kotlinToolingDiagnosticsCollectorProvider$1$execute$$inlined$variantImplementationFactoryProvider$1: loaded 2 times (x 74B)
Class org.jetbrains.kotlin.gradle.plugin.internal.BuildIdService$Companion$registerIfAbsent$1$1: loaded 2 times (x 75B)
Class com.android.build.gradle.internal.res.LinkApplicationAndroidResourcesTask$BaseCreationAction: loaded 2 times (x 96B)
Class com.android.build.api.variant.impl.VariantImpl$externalExtensions$2             : loaded 2 times (x 79B)
Class com.android.build.gradle.internal.publishing.AndroidArtifacts$ConsumedConfigType: loaded 2 times (x 80B)
Class com.android.build.api.variant.impl.ApplicationAndroidResourcesImpl              : loaded 2 times (x 88B)
Class com.android.build.gradle.internal.dsl.BaseFlavor$targetSdk$1$1                  : loaded 2 times (x 79B)
Class com.android.build.gradle.internal.tasks.factory.PreConfigAction                 : loaded 2 times (x 70B)
Class com.android.build.gradle.internal.plugins.BasePlugin$createVariantModel$1       : loaded 2 times (x 79B)
Class com.android.build.gradle.api.VersionedVariant                                   : loaded 2 times (x 70B)
Class com.android.build.gradle.internal.dsl.ManagedDevices$allDevices$1$1             : loaded 2 times (x 75B)
Class com.android.build.OutputFile                                                    : loaded 2 times (x 70B)
Class com.android.build.gradle.internal.dsl.OptimizationImpl$AgpDecorated             : loaded 2 times (x 90B)
Class org.objectweb.asm.commons.Method                                                : loaded 2 times (x 76B)
Class org.bouncycastle.operator.OperatorException                                     : loaded 2 times (x 82B)
Class com.android.build.gradle.internal.plugins.AndroidPluginBaseServices$applyBaseServices$3: loaded 2 times (x 75B)
Class org.jetbrains.kotlin.gradle.tasks.DefaultKotlinJavaToolchain$Companion$wireJvmTargetToJvm$1: loaded 2 times (x 75B)
Class org.jetbrains.kotlin.gradle.plugin.PropertiesProvider$booleanProvider$1         : loaded 2 times (x 74B)
Class org.jetbrains.kotlin.gradle.dsl.KotlinCommonToolOptions                         : loaded 2 times (x 70B)
Class com.android.build.gradle.internal.services.BuildServicesKt$getBuildService$1    : loaded 2 times (x 75B)
Class com.google.wireless.android.sdk.stats.GarbageCollectionStats$Builder            : loaded 2 times (x 301B)
Class com.android.build.gradle.tasks.MergeResources$Flag                              : loaded 2 times (x 79B)
Class [Lcom.google.gson.ToNumberPolicy;                                               : loaded 2 times (x 69B)
Class com.google.gson.ToNumberPolicy                                                  : loaded 2 times (x 83B)
Class com.android.build.gradle.internal.services.R8D8ThreadPoolBuildService           : loaded 2 times (x 80B)
Class [Lcom.android.build.gradle.options.Version;                                     : loaded 2 times (x 69B)
Class com.android.build.api.variant.HasTestSuitesBuilder                              : loaded 2 times (x 70B)
Class com.google.wireless.android.sdk.stats.GradleBuildProject$PluginType             : loaded 2 times (x 87B)
Class com.android.build.api.dsl.TestedExtension                                       : loaded 2 times (x 70B)
Class com.android.build.gradle.internal.services.BaseServices                         : loaded 2 times (x 70B)
Class com.android.build.gradle.internal.BadPluginException                            : loaded 2 times (x 82B)
Class org.gradle.tooling.internal.gradle.GradleProjectIdentity                        : loaded 2 times (x 70B)
Class org.gradle.api.internal.DefaultClassPathRegistry                                : loaded 2 times (x 76B)
Class com.android.build.gradle.internal.publishing.ProcessedArtifactUtils             : loaded 2 times (x 71B)
Class com.android.build.gradle.internal.cxx.gradle.generator.CxxConfigurationModelKt  : loaded 2 times (x 71B)
Class com.android.build.gradle.internal.lint.AndroidLintTextOutputTask$VariantCreationAction: loaded 2 times (x 92B)
Class com.android.build.gradle.internal.coverage.tasks.CodeCoverageCollectionTask$AggregatedCoverageCollectionCreationAction$handleProvider$1: loaded 2 times (x 127B)
Class org.jetbrains.kotlin.gradle.plugin.sources.FragmentConsistencyChecks$unstableFeaturesCheck$1: loaded 2 times (x 79B)
Class org.jetbrains.kotlin.gradle.plugin.sources.DefaultKotlinSourceSet               : loaded 2 times (x 141B)
Class org.jetbrains.kotlin.gradle.plugin.diagnostics.KotlinToolingDiagnosticsCollector$Parameter_Decorated: loaded 2 times (x 130B)
Class com.android.build.gradle.internal.publishing.AndroidArtifactsUtilKt             : loaded 2 times (x 71B)
Class com.android.build.gradle.internal.core.dsl.impl.InstrumentedTestDslInfoImpl$testLabel$1: loaded 2 times (x 74B)
Class com.android.build.gradle.internal.core.dsl.TestComponentDslInfo                 : loaded 2 times (x 70B)
Class com.android.build.gradle.internal.core.dsl.impl.ApplicationVariantDslInfoImpl$versionName$2$versionNameFromFlavors$1: loaded 2 times (x 78B)
Class com.android.build.api.variant.CodeTransparency                                  : loaded 2 times (x 70B)
Class com.android.build.gradle.internal.variant.VariantPathHelper$buildConfigSourceOutputDir$2: loaded 2 times (x 79B)
Class com.android.build.api.variant.impl.VariantBuilderImpl$registeredExtensionDelegate$1: loaded 2 times (x 78B)
Class com.android.build.gradle.internal.plugins.AndroidPluginBaseServices$applyBaseServices$4: loaded 2 times (x 75B)
Class com.android.build.gradle.internal.plugins.BasePlugin$createVariantModel$2       : loaded 2 times (x 79B)
Class com.android.build.gradle.internal.dsl.DexPackagingImpl$AgpDecorated_Decorated   : loaded 2 times (x 127B)
Class com.android.build.gradle.internal.dsl.ManagedDevices$allDevices$1$2             : loaded 2 times (x 75B)
Class com.android.build.gradle.internal.dsl.ApplicationAndroidResourcesImpl$AgpDecorated_Decorated: loaded 2 times (x 180B)
Class com.android.build.gradle.internal.dependency.SourceSetManager$createConfigurationsForSourceSet$2: loaded 2 times (x 75B)
Class com.android.build.gradle.internal.dependency.AdditionalArtifactType             : loaded 2 times (x 79B)
Class org.jetbrains.kotlin.gradle.dsl.KotlinCommonCompilerToolOptionsHelper           : loaded 2 times (x 71B)
Class com.android.build.gradle.internal.dsl.LibraryKeepRulesImpl                      : loaded 2 times (x 88B)
Class com.android.build.gradle.internal.dsl.BundleOptionsCodeTransparency             : loaded 2 times (x 77B)
Class org.jetbrains.kotlin.gradle.plugin.diagnostics.ProblemsReporter                 : loaded 2 times (x 70B)
Class org.jetbrains.kotlin.gradle.plugin.VariantImplementationFactories$Parameters    : loaded 2 times (x 70B)
Class org.jetbrains.kotlin.gradle.utils.ConfigurationsKt$sam$org_gradle_api_Action$0  : loaded 2 times (x 75B)
Class org.jetbrains.kotlin.gradle.plugin.internal.JavaExecTaskParametersCompatibility$Factory: loaded 2 times (x 70B)
Class com.android.prefs.PathLocator$singlePathOf$values$1                             : loaded 2 times (x 79B)
Class com.android.tools.analytics.AnalyticsSettings$optedIn$1                         : loaded 2 times (x 78B)
Class com.android.sdklib.AndroidApiLevel                                              : loaded 2 times (x 74B)
Class com.android.build.gradle.options.Option$Status$EXPERIMENTAL                     : loaded 2 times (x 71B)
Class com.android.build.gradle.internal.services.ServiceRegistrationAction            : loaded 2 times (x 74B)
Class com.android.build.gradle.internal.component.TargetSdkAwareConfig                : loaded 2 times (x 70B)
Class com.google.common.reflect.Invokable$ConstructorInvokable                        : loaded 2 times (x 107B)
Class ijKotlinCoroutineJvmDebugInit1_8d4id96t5brqjcnqa40zhtiq0$_run_closure1          : loaded 2 times (x 139B)
Class org.gradle.api.internal.ClassPathRegistry                                       : loaded 2 times (x 70B)
Class org.gradle.internal.classpath.DefaultClassPath$ImmutableUniqueList              : loaded 2 times (x 199B)
Class com.android.build.gradle.internal.utils.KgpUtils$configureKotlinCompileTasks$1  : loaded 2 times (x 75B)
Class com.android.build.gradle.internal.dependency.DexingOutputSplitTransformKt$registerTransformWithOutputType$1: loaded 2 times (x 75B)
Class com.android.build.gradle.internal.DependencyConfigurator$configureGeneralTransforms$7$1: loaded 2 times (x 74B)
Class com.android.build.gradle.internal.dependency.AarTransform$Parameters_Decorated  : loaded 2 times (x 141B)
Class com.android.build.gradle.internal.dependency.PlatformAttrTransform              : loaded 2 times (x 78B)
Class com.android.build.gradle.internal.tasks.DeviceProviderInstrumentTestTask        : loaded 2 times (x 353B)
Class com.android.build.api.variant.impl.LayeredSourceDirectoriesImpl$all$1           : loaded 2 times (x 74B)
Class com.android.build.gradle.internal.tasks.PackageBundleTask                       : loaded 2 times (x 348B)
Class com.android.build.gradle.tasks.PackageAndroidArtifact$CreationAction            : loaded 2 times (x 92B)
Class com.android.build.api.variant.impl.SigningConfigImpl$storePassword$1            : loaded 2 times (x 75B)
Class com.android.build.gradle.internal.tasks.MergeGeneratedProguardFilesCreationAction: loaded 2 times (x 90B)
Class org.jetbrains.kotlin.gradle.plugin.KotlinCompilation$DefaultImpls               : loaded 2 times (x 71B)
Class org.jetbrains.kotlin.gradle.plugin.sources.FragmentConsistencyChecks$unstableFeaturesCheck$2: loaded 2 times (x 78B)
Class com.android.build.gradle.internal.component.DynamicFeatureCreationConfig        : loaded 2 times (x 70B)
Class com.android.build.api.variant.Sources                                           : loaded 2 times (x 70B)
Class com.android.build.gradle.internal.variant.TestedVariantData                     : loaded 2 times (x 70B)
Class com.android.build.gradle.internal.plugins.BasePlugin$createVariantModel$3       : loaded 2 times (x 79B)
Class com.android.build.api.variant.impl.DeferredActionManager                        : loaded 2 times (x 72B)
Class com.android.build.gradle.internal.dsl.DataBindingOptions$AgpDecorated           : loaded 2 times (x 112B)
Class com.android.build.gradle.internal.DefaultConfigData                             : loaded 2 times (x 72B)
Class com.android.build.gradle.internal.dsl.VectorDrawablesOptions_Decorated          : loaded 2 times (x 132B)
Class com.android.build.gradle.internal.dsl.decorator.annotation.WithLazyInitialization: loaded 2 times (x 70B)
Class com.android.build.api.dsl.ResourcesPackaging                                    : loaded 2 times (x 70B)
Class com.android.build.gradle.internal.model.CoreNdkBuildOptions                     : loaded 2 times (x 70B)
Class com.android.build.gradle.internal.utils.KgpVersion                              : loaded 2 times (x 75B)
Class org.jetbrains.kotlin.gradle.dsl.KotlinCommonCompilerOptionsDefault              : loaded 2 times (x 96B)
Class org.jetbrains.kotlin.gradle.dsl.KotlinCommonCompilerToolOptionsDefault          : loaded 2 times (x 84B)
Class org.jetbrains.kotlin.gradle.internal.properties.NativePropertiesLoader$isUseXcodeMessageStyleEnabled$1: loaded 2 times (x 75B)
Class org.jetbrains.kotlin.gradle.internal.ClassLoadersCachingBuildService$Companion$registerIfAbsent$2$1: loaded 2 times (x 79B)
Class org.jetbrains.kotlin.gradle.report.BuildReportMode$Companion                    : loaded 2 times (x 71B)
Class org.jetbrains.kotlin.gradle.plugin.VariantImplementationFactories$VariantImplementationFactory: loaded 2 times (x 70B)
Class com.android.prefs.PathLocator$singlePathOf$values$2                             : loaded 2 times (x 78B)
Class com.android.build.gradle.internal.services.StringCachingBuildService            : loaded 2 times (x 84B)
Class com.android.build.gradle.internal.errors.AndroidProblemReporterProvider$reporter$1: loaded 2 times (x 74B)
Class com.android.build.gradle.internal.component.ComponentCreationConfig             : loaded 2 times (x 70B)
Class com.android.build.gradle.internal.variant.VariantModel                          : loaded 2 times (x 70B)
Class jdk.internal.jimage.decompressor.ResourceDecompressor                           : loaded 2 times (x 70B)
Class com.google.common.reflect.TypeToken                                             : loaded 2 times (x 73B)
Class org.jetbrains.kotlin.gradle.internal.transforms.BuildToolsApiClasspathEntrySnapshotTransform: loaded 2 times (x 82B)
Class com.android.build.gradle.internal.scope.BootClasspathBuilder                    : loaded 2 times (x 71B)
Class com.android.build.gradle.internal.publishing.AarOrJarTypeToConsume              : loaded 2 times (x 72B)
Class com.android.build.api.variant.impl.SourcesImpl$manifestOverlayFiles$1           : loaded 2 times (x 74B)
Class com.android.build.api.component.impl.DefaultSourcesProviderImpl$getKeepRules$1  : loaded 2 times (x 127B)
Class com.android.build.api.artifact.SingleArtifact$METADATA_LIBRARY_DEPENDENCIES_REPORT: loaded 2 times (x 74B)
Class com.android.build.gradle.internal.scope.InternalArtifactType$GLOBAL_SYNTHETICS_EXTERNAL_LIBS_ARTIFACT_TRANSFORM: loaded 2 times (x 74B)
Class com.android.build.gradle.internal.tasks.FinalizeBundleTask$CreationAction$handleProvider$1: loaded 2 times (x 127B)
Class com.android.build.gradle.internal.tasks.SigningConfigVersionsWriterTask         : loaded 2 times (x 332B)
Class com.android.build.gradle.internal.tasks.featuresplit.PackagedDependenciesWriterTask$CreationAction$handleProvider$1: loaded 2 times (x 127B)
Class com.android.build.gradle.internal.scope.InternalArtifactType$MIXED_SCOPE_DEX_ARCHIVE: loaded 2 times (x 74B)
Class com.android.build.gradle.internal.tasks.MergeJavaResourceTask$CreationAction$handleProvider$1: loaded 2 times (x 127B)
Class org.jetbrains.kotlin.gradle.plugin.mpp.compilationImpl.KotlinCompilationImpl$1  : loaded 2 times (x 79B)
Class org.jetbrains.kotlin.gradle.plugin.mpp.compilationImpl.factory.KotlinJvmCompilerOptionsFactory: loaded 2 times (x 74B)
Class org.jetbrains.kotlin.compilerRunner.CompilerSystemPropertiesService             : loaded 2 times (x 80B)
Class com.android.build.gradle.internal.scope.InternalArtifactType$MANIFEST_MERGE_REPORT: loaded 2 times (x 74B)
Class com.android.build.gradle.internal.tasks.PrepareLintJarForPublish$CreationAction : loaded 2 times (x 90B)
Class com.android.build.gradle.internal.tasks.CheckMultiApkLibrariesTask$CreationAction: loaded 2 times (x 90B)
Class android.databinding.tool.DataBindingBuilder                                     : loaded 2 times (x 79B)
Class com.android.build.gradle.internal.component.InstrumentedTestCreationConfig      : loaded 2 times (x 70B)
Class com.android.build.api.component.impl.ComponentImpl$builtInKotlinSupportMode$2   : loaded 2 times (x 79B)
Class com.android.builder.model.v2.AndroidModel                                       : loaded 2 times (x 70B)
Class com.android.build.gradle.internal.plugins.BasePlugin$createVariantModel$4       : loaded 2 times (x 79B)
Class com.android.build.api.variant.VariantFilter                                     : loaded 2 times (x 70B)
Class com.android.build.gradle.internal.tasks.factory.BootClasspathConfigImpl$bootClasspath$2: loaded 2 times (x 79B)
Class com.android.build.gradle.internal.dsl.ExternalNativeBuild$AgpDecorated          : loaded 2 times (x 96B)
Class com.android.build.gradle.internal.dsl.ResourcesPackagingImpl$AgpDecorated       : loaded 2 times (x 86B)
Class [Lcom.android.builder.model.TestOptions$Execution;                              : loaded 2 times (x 69B)
Class com.android.build.gradle.internal.dsl.LintOptions                               : loaded 2 times (x 201B)
Class com.android.build.gradle.internal.api.DefaultAndroidSourceDirectorySet$directories$1: loaded 2 times (x 143B)
Class com.android.build.api.dsl.Cmake                                                 : loaded 2 times (x 70B)
Class com.android.build.api.dsl.AarMetadata                                           : loaded 2 times (x 70B)
Class com.android.build.gradle.internal.services.BuiltInKotlinServices                : loaded 2 times (x 72B)
Class org.jetbrains.kotlin.gradle.dsl.ExplicitApiMode                                 : loaded 2 times (x 79B)
Class org.jetbrains.kotlin.gradle.plugin.mpp.KotlinUsages$KotlinCinteropCompatibility : loaded 2 times (x 77B)
Class org.jetbrains.kotlin.gradle.plugin.mpp.KotlinUsages$KotlinUsagesCompatibility   : loaded 2 times (x 76B)
Class org.jetbrains.kotlin.gradle.plugin.VariantImplementationFactories$Parameters$Inject_: loaded 2 times (x 106B)
Class org.jetbrains.kotlin.gradle.plugin.VariantImplementationFactories$Companion     : loaded 2 times (x 71B)
Class org.jetbrains.kotlin.gradle.plugin.internal.CustomPropertiesFileValueSource$Parameters_Decorated: loaded 2 times (x 130B)
Class org.jetbrains.kotlin.gradle.dsl.KotlinTopLevelExtensionConfig                   : loaded 2 times (x 70B)
Class org.jetbrains.kotlin.gradle.plugin.mpp.compilationImpl.factory.KotlinCompilationImplFactory$PreConfigure: loaded 2 times (x 70B)
Class com.google.protobuf.UnknownFieldSet$Parser                                      : loaded 2 times (x 150B)
Class com.android.build.gradle.internal.dependency.GenericTransformParameters_Decorated: loaded 2 times (x 130B)
Class com.google.gson.internal.bind.ArrayTypeAdapter$1                                : loaded 2 times (x 75B)
Class com.google.common.collect.AbstractBiMap                                         : loaded 2 times (x 159B)
Class com.google.gson.internal.bind.JsonTreeWriter                                    : loaded 2 times (x 98B)
Class org.jetbrains.kotlin.gradle.targets.js.dsl.KotlinJsTargetDsl                    : loaded 2 times (x 70B)
Class [Lcom.android.build.gradle.options.SyncOptions$ErrorFormatMode;                 : loaded 2 times (x 69B)
Class [Lcom.android.build.gradle.options.HasFutureStage;                              : loaded 2 times (x 69B)
Class com.android.build.gradle.internal.utils.GradlePluginUtils                       : loaded 2 times (x 71B)
Class Settings_gradle$1                                                               : loaded 2 times (x 74B)
Class org.gradle.internal.classpath.ClassPath                                         : loaded 2 times (x 70B)
Class com.android.build.gradle.internal.TaskManager$configureTestData$1               : loaded 2 times (x 127B)
Class com.android.build.api.variant.impl.FlatSourceDirectoriesForJavaImpl             : loaded 2 times (x 93B)
Class com.android.build.gradle.internal.tasks.AppMetadataTaskKt$configureTaskOutputs$1: loaded 2 times (x 127B)
Class com.android.build.gradle.internal.scope.InternalArtifactType$STRIPPED_NATIVE_LIBS: loaded 2 times (x 74B)
Class org.jetbrains.kotlin.gradle.plugin.mpp.KotlinJvmAgpCompilation                  : loaded 2 times (x 198B)
Class org.jetbrains.kotlin.gradle.plugin.mpp.compilationImpl.KotlinCompilationImpl$2  : loaded 2 times (x 79B)
Class com.android.build.api.artifact.SingleArtifact$MERGED_NATIVE_LIBS                : loaded 2 times (x 74B)
Class com.android.build.gradle.tasks.MapSourceSetPathsTask$CreateAction$handleProvider$1: loaded 2 times (x 127B)
Class com.android.build.gradle.internal.tasks.CheckManifest                           : loaded 2 times (x 326B)
Class com.android.build.gradle.internal.core.dsl.impl.features.NativeBuildDslInfoImpl : loaded 2 times (x 81B)
Class com.android.build.api.variant.TestedApkPackaging                                : loaded 2 times (x 70B)
Class com.android.build.api.variant.impl.ApplicationVariantBuilderImpl_Decorated      : loaded 2 times (x 269B)
Class com.android.build.gradle.internal.plugins.BasePlugin$createVariantModel$5       : loaded 2 times (x 79B)
Class com.android.build.gradle.internal.dsl.decorator.LockableList                    : loaded 2 times (x 208B)
Class com.android.build.gradle.internal.dsl.decorator.SupportedPropertyType$Var$Int   : loaded 2 times (x 74B)
Class com.android.build.gradle.internal.dsl.decorator.SupportedPropertyType$Var$NullableBoolean: loaded 2 times (x 74B)
Class com.android.builder.model.ProductFlavor                                         : loaded 2 times (x 70B)
Class org.jetbrains.kotlin.gradle.dsl.KotlinJvmCompilerOptionsDefault                 : loaded 2 times (x 108B)
Class org.jetbrains.kotlin.gradle.internal.UsesClassLoadersCachingBuildService        : loaded 2 times (x 70B)
Class com.android.build.gradle.internal.services.ConfigPhaseFileCreator$Params        : loaded 2 times (x 70B)
Class com.android.tools.analytics.HostData$classLoadingBean$2                         : loaded 2 times (x 78B)
Class [Lcom.android.build.api.variant.impl.DirectoryEntry$Kind;                       : loaded 2 times (x 69B)
Class com.android.build.gradle.internal.core.dsl.PublishableComponentDslInfo          : loaded 2 times (x 70B)
Class com.android.build.gradle.TestedAndroidConfig                                    : loaded 2 times (x 70B)
Class [Lcom.google.common.reflect.Types$JavaVersion;                                  : loaded 2 times (x 69B)
Class com.android.builder.dexing.DependencyGraphUpdater                               : loaded 2 times (x 70B)
Class com.android.build.gradle.tasks.AnalyzeDependenciesTask$CreationAction           : loaded 2 times (x 90B)
Class com.android.build.gradle.internal.tasks.DeviceProviderInstrumentTestTask$CreationAction: loaded 2 times (x 91B)
Class com.android.build.gradle.internal.scope.InternalArtifactType$APKS_FROM_BUNDLE   : loaded 2 times (x 74B)
Class com.android.build.gradle.internal.tasks.MergeStartupProfileTask$CreationAction  : loaded 2 times (x 90B)
Class com.android.build.gradle.internal.tasks.ApkZipPackagingTask$CreationAction$handleProvider$1: loaded 2 times (x 127B)
Class com.android.build.gradle.tasks.PackageAndroidArtifact                           : loaded 2 times (x 364B)
Class org.jetbrains.kotlin.gradle.utils.ObservableSet                                 : loaded 2 times (x 70B)
Class org.jetbrains.kotlin.gradle.plugin.diagnostics.KotlinToolingDiagnosticsCollectorKt: loaded 2 times (x 71B)
Class org.jetbrains.kotlin.gradle.internal.transforms.BuildToolsApiClasspathEntrySnapshotTransform$Parameters: loaded 2 times (x 88B)
Class org.jetbrains.kotlin.gradle.tasks.KotlinCompile                                 : loaded 2 times (x 499B)
Class com.android.build.gradle.internal.scope.InternalArtifactType$PACKAGED_RES       : loaded 2 times (x 74B)
Class com.android.build.gradle.internal.component.HostTestCreationConfig              : loaded 2 times (x 70B)
Class com.android.build.gradle.internal.component.TestCreationConfig                  : loaded 2 times (x 70B)
Class com.android.build.api.attributes.BuildTypeAttr                                  : loaded 2 times (x 70B)
Class com.android.build.gradle.internal.core.dsl.impl.features.OptimizationDslInfoImpl$postProcessingOptions$2: loaded 2 times (x 79B)
Class com.android.build.api.variant.impl.DeviceTestBuilderImpl                        : loaded 2 times (x 102B)
Class com.android.build.api.variant.impl.MutableAndroidVersion                        : loaded 2 times (x 76B)
Class com.android.build.gradle.internal.scope.BuildFeatureValuesImpl                  : loaded 2 times (x 100B)
Class com.android.build.gradle.internal.dsl.CompileSdkVersionImpl                     : loaded 2 times (x 80B)
Class com.android.build.gradle.internal.tasks.factory.GlobalTaskNames                 : loaded 2 times (x 70B)
Class com.android.build.api.artifact.impl.ArtifactsImpl$2$1                           : loaded 2 times (x 80B)
Class com.android.build.api.dsl.PublishingOptions                                     : loaded 2 times (x 70B)
Class com.android.build.gradle.internal.dsl.ExternalNativeCmakeOptions                : loaded 2 times (x 108B)
Class com.android.build.gradle.internal.variant.DefaultBuildTypeComparator            : loaded 2 times (x 90B)
Class com.google.common.util.concurrent.AbstractFuture$AtomicHelper                   : loaded 2 times (x 78B)
Class com.android.build.gradle.internal.dsl.NdkBuildOptions                           : loaded 2 times (x 92B)
Class com.android.build.gradle.internal.dsl.DataBindingOptions                        : loaded 2 times (x 108B)
Class org.jetbrains.kotlin.gradle.plugin.mpp.HierarchyAttributeContainer              : loaded 2 times (x 87B)
Class org.jetbrains.kotlin.gradle.tasks.UsesKotlinJavaToolchain                       : loaded 2 times (x 70B)
Class org.jetbrains.kotlin.gradle.plugin.DefaultKotlinBasePlugin$apply$1              : loaded 2 times (x 75B)
Class org.jetbrains.kotlin.gradle.internal.properties.PropertiesBuildService$Params_Decorated: loaded 2 times (x 130B)
Class com.android.build.gradle.internal.services.AndroidLocationsBuildService$AndroidDirectoryCreator: loaded 2 times (x 80B)
Class com.google.gson.internal.JsonReaderInternalAccess                               : loaded 2 times (x 72B)
Class com.android.build.gradle.internal.res.Aapt2FromMaven$Companion$create$1         : loaded 2 times (x 75B)
Class com.android.sdklib.AndroidApiLevel$Companion                                    : loaded 2 times (x 71B)
Class com.android.build.gradle.options.Option$Status                                  : loaded 2 times (x 71B)
Class com.android.prefs.AndroidLocationsProvider                                      : loaded 2 times (x 70B)
Class com.android.build.api.variant.ApplicationVariant                                : loaded 2 times (x 70B)
Class org.jetbrains.kotlin.cli.common.arguments.Freezable                             : loaded 2 times (x 72B)
Class com.android.build.gradle.internal.dependency.ExtractJniTransform                : loaded 2 times (x 78B)
Class com.android.build.gradle.internal.scope.InternalMultipleArtifactType$EXTERNAL_LIBS_DEX: loaded 2 times (x 74B)
Class com.android.build.gradle.tasks.TestResultsCollectionTask$TestResultsCollectionCreationAction: loaded 2 times (x 91B)
Class org.jetbrains.kotlin.gradle.incremental.UsesIncrementalModuleInfoBuildService   : loaded 2 times (x 70B)
Class com.android.build.gradle.tasks.JavaCompileCreationAction$handleProvider$1       : loaded 2 times (x 78B)
Class com.android.build.api.component.impl.DeviceTestImpl$androidResources$2          : loaded 2 times (x 79B)
Class com.android.build.api.variant.impl.ApplicationVariantImpl$dependenciesInfo$2    : loaded 2 times (x 79B)
Class com.android.build.api.dsl.Device                                                : loaded 2 times (x 70B)
Class [Lcom.google.common.base.CaseFormat;                                            : loaded 2 times (x 69B)
Class com.android.build.gradle.internal.api.ApkVariantOutputImpl                      : loaded 2 times (x 130B)
Class com.android.build.gradle.internal.dsl.VectorDrawablesOptions                    : loaded 2 times (x 87B)
Class org.jetbrains.kotlin.gradle.utils.CompilerOptionsKt$configureExperimentalTryNext$1$1: loaded 2 times (x 78B)
Class org.jetbrains.kotlin.gradle.utils.CompilerOptionsKt                             : loaded 2 times (x 71B)
Class org.jetbrains.kotlin.gradle.plugin.PropertiesProvider$Companion                 : loaded 2 times (x 71B)
Class org.jetbrains.kotlin.gradle.utils.SingleAction                                  : loaded 2 times (x 73B)
Class com.google.wireless.android.sdk.stats.JavaProcessStats$Builder                  : loaded 2 times (x 307B)
Class com.android.build.gradle.internal.publishing.PublishingSpecs                    : loaded 2 times (x 71B)
Class com.google.wireless.android.sdk.stats.GradleBuildVariant$Builder                : loaded 2 times (x 382B)
Class com.android.build.gradle.internal.profile.NoOpAnalyticsService$RegistrationAction: loaded 2 times (x 74B)
Class com.google.gson.internal.bind.ReflectiveTypeAdapterFactory                      : loaded 2 times (x 75B)
Class com.google.gson.internal.sql.SqlTimestampTypeAdapter                            : loaded 2 times (x 76B)
Class com.android.build.gradle.internal.errors.AndroidProblemReporterProvider         : loaded 2 times (x 76B)
Class com.android.build.gradle.internal.scope.InternalArtifactType$RES_STATIC_LIBRARY : loaded 2 times (x 74B)
Class com.android.build.gradle.internal.tasks.factory.BootClasspathConfigImpl         : loaded 2 times (x 79B)
Class com.android.build.gradle.internal.tasks.factory.GlobalTaskCreationConfig        : loaded 2 times (x 70B)
Class com.android.build.gradle.internal.tasks.factory.BootClasspathConfig             : loaded 2 times (x 70B)
Class jdk.internal.jimage.ImageStringsReader                                          : loaded 2 times (x 80B)
Class org.gradle.tooling.model.Model                                                  : loaded 2 times (x 70B)
Class com.android.build.gradle.internal.dependency.DexingOutputSplitTransformKt$registerTransformWithOutputType$1$WhenMappings: loaded 2 times (x 71B)
Class com.android.build.gradle.internal.dependency.ExtractJniTransform$Inject_1       : loaded 2 times (x 109B)
Class com.android.build.gradle.internal.tasks.AndroidTestTask                         : loaded 2 times (x 70B)
Class com.android.build.api.variant.CanProduceConsumerProguardFiles                   : loaded 2 times (x 70B)
Class [Lcom.android.build.gradle.internal.tasks.DexMergingAction;                     : loaded 2 times (x 69B)
Class com.android.build.gradle.internal.tasks.ClassesClasspathUtils                   : loaded 2 times (x 72B)
Class com.android.tools.r8.internal.rr4                                               : loaded 2 times (x 73B)
Class org.jetbrains.kotlin.tooling.core.ExtrasPropertyKt$extrasLazyProperty$1         : loaded 2 times (x 94B)
Class org.jetbrains.kotlin.gradle.plugin.diagnostics.UsesKotlinToolingDiagnostics     : loaded 2 times (x 70B)
Class com.android.build.gradle.tasks.JavaCompileCreationAction$handleProvider$2       : loaded 2 times (x 78B)
Class com.android.build.gradle.internal.scope.InternalArtifactType$LINKED_RESOURCES_FOR_BUNDLE_PROTO_FORMAT: loaded 2 times (x 74B)
Class com.android.build.gradle.internal.scope.InternalArtifactType$LINKED_RESOURCES_BINARY_FORMAT: loaded 2 times (x 74B)
Class com.android.build.gradle.internal.tasks.ProcessNavigationXmlTask$CreationAction$handleProvider$1: loaded 2 times (x 127B)
Class com.android.build.gradle.internal.tasks.ExtractNativeDebugMetadataTask$SymbolTableCreationAction: loaded 2 times (x 91B)
Class com.android.build.gradle.internal.services.BuiltInKaptSupportMode$NotSupported  : loaded 2 times (x 71B)
Class [Lcom.android.build.gradle.internal.variant.BaseVariantData$DiscoverableFilterType;: loaded 2 times (x 69B)
Class com.android.build.gradle.internal.tasks.SigningConfigUtils$Companion            : loaded 2 times (x 71B)
Class com.android.build.gradle.api.AndroidSourceDirectorySet                          : loaded 2 times (x 70B)
Class com.android.build.gradle.internal.dsl.BaseFlavor$minSdkDelegate$1               : loaded 2 times (x 79B)
Class com.android.build.gradle.internal.dsl.NdkOptions                                : loaded 2 times (x 116B)
Class com.android.build.api.dsl.CompileOptions                                        : loaded 2 times (x 70B)
Class com.android.build.gradle.internal.services.GlobalServiceRegistrationAction$execute$globalService$1: loaded 2 times (x 75B)
Class com.google.protobuf.GeneratedMessageV3                                          : loaded 2 times (x 178B)
Class com.google.gson.internal.sql.SqlDateTypeAdapter$1                               : loaded 2 times (x 75B)
Class com.android.build.gradle.options.FeatureStage$Enforced                          : loaded 2 times (x 72B)
Class com.android.build.gradle.options.OptionParsers                                  : loaded 2 times (x 71B)
Class com.google.gson.stream.MalformedJsonException                                   : loaded 2 times (x 82B)
Class com.android.build.gradle.options.FeatureStage$Deprecated                        : loaded 2 times (x 72B)
Class com.android.build.gradle.internal.services.AndroidLocationsBuildService         : loaded 2 times (x 90B)
Class com.android.build.api.variant.Variant                                           : loaded 2 times (x 70B)
Class com.android.build.api.dsl.ApplicationExtension                                  : loaded 2 times (x 70B)
Class kotlin.UninitializedPropertyAccessException                                     : loaded 2 times (x 82B)
Class com.google.common.reflect.TypeToken$1                                           : loaded 2 times (x 110B)
Class com.android.build.gradle.internal.dependency.ExtractProGuardRulesTransform      : loaded 2 times (x 78B)
Class com.android.build.gradle.internal.PropertiesValueSource$Inject_                 : loaded 2 times (x 109B)
Class com.android.build.gradle.internal.scope.InternalArtifactType$CONNECTED_ANDROID_TEST_ADDITIONAL_OUTPUT: loaded 2 times (x 74B)
Class com.android.build.gradle.internal.scope.InternalArtifactType$GLOBAL_SYNTHETICS_EXTERNAL_LIB: loaded 2 times (x 74B)
Class org.jetbrains.kotlin.gradle.plugin.mpp.compilationImpl.DefaultKotlinCompilationSourceSetsContainer$allKotlinSourceSetsImpl$1$1: loaded 2 times (x 80B)
Class org.jetbrains.kotlin.gradle.plugin.mpp.compilationImpl.DefaultKotlinCompilationSourceSetsContainer: loaded 2 times (x 78B)
Class com.android.build.api.variant.impl.ResourcesPackagingImpl$merges$1              : loaded 2 times (x 75B)
Class com.android.build.gradle.internal.scope.InternalArtifactType$DATA_BINDING_LAYOUT_INFO_TYPE_PACKAGE: loaded 2 times (x 74B)
Class com.android.build.gradle.internal.tasks.NewIncrementalTask                      : loaded 2 times (x 328B)
Class com.android.build.api.artifact.TaskBasedOperation                               : loaded 2 times (x 70B)
Class com.android.build.gradle.internal.scope.InternalArtifactType$BUNDLE_MANIFEST    : loaded 2 times (x 74B)
Class com.android.build.gradle.tasks.ProcessManifestForBundleTask                     : loaded 2 times (x 328B)
Class com.android.build.gradle.internal.dependency.ProvidedClasspath                  : loaded 2 times (x 71B)
Class com.android.build.gradle.internal.core.dsl.impl.ApplicationVariantDslInfoImpl$versionName$2$2: loaded 2 times (x 75B)
Class com.android.build.gradle.internal.lint.AndroidLintGlobalTask                    : loaded 2 times (x 318B)
Class com.android.build.gradle.internal.dsl.BuildType$Companion                       : loaded 2 times (x 71B)
Class com.android.build.api.artifact.Artifacts                                        : loaded 2 times (x 70B)
Class com.android.build.gradle.internal.services.FakeDependencyJarBuildService$lazyCachedFakeJar$1: loaded 2 times (x 75B)
Class com.android.build.gradle.internal.dsl.SdkComponentsImpl$aapt2$2                 : loaded 2 times (x 79B)
Class com.android.build.gradle.internal.dsl.JavaCompileOptions$AgpDecorated_Decorated : loaded 2 times (x 130B)
Class com.android.build.gradle.internal.dsl.BaseFlavor$minSdkDelegate$2               : loaded 2 times (x 79B)
Class com.android.build.gradle.internal.dsl.BundleOptionsLanguage                     : loaded 2 times (x 77B)
Class com.android.build.gradle.internal.dsl.BundleOptionsCountrySet                   : loaded 2 times (x 81B)
Class com.android.build.api.dsl.DynamicFeatureProductFlavor                           : loaded 2 times (x 70B)
Class com.android.builder.model.Named                                                 : loaded 2 times (x 70B)
Class org.jetbrains.kotlin.tooling.core.AbstractExtras                                : loaded 2 times (x 141B)
Class org.jetbrains.kotlin.gradle.internal.properties.NativePropertiesLoader$shouldUseEmbeddableCompilerJar$1: loaded 2 times (x 75B)
Class org.jetbrains.kotlin.gradle.fus.BuildUidService$Companion$registerIfAbsent$1    : loaded 2 times (x 74B)
Class org.jetbrains.kotlin.gradle.internal.diagnostics.AgpCompatibilityCheck$AndroidGradlePluginVersionProvider: loaded 2 times (x 70B)
Class com.android.build.gradle.internal.res.Aapt2FromMaven                            : loaded 2 times (x 72B)
Class com.google.protobuf.MessageLite$Builder                                         : loaded 2 times (x 70B)
Class com.android.build.gradle.options.ApiStage$Experimental                          : loaded 2 times (x 72B)
Class com.android.build.gradle.internal.core.dsl.ApkProducingComponentDslInfo         : loaded 2 times (x 70B)
Class com.android.build.api.extension.impl.AndroidComponentsExtensionImpl             : loaded 2 times (x 112B)
Class jdk.internal.jimage.ImageReader                                                 : loaded 2 times (x 75B)
Class com.google.common.reflect.TypeToken$2                                           : loaded 2 times (x 110B)
Class com.android.build.gradle.internal.dependency.ModelArtifactCompatibilityRule$Companion: loaded 2 times (x 71B)
Class com.android.builder.files.SerializableFileChanges                               : loaded 2 times (x 72B)
Class com.android.build.gradle.internal.dependency.AarToClassTransform$Params         : loaded 2 times (x 70B)
Class com.android.build.gradle.internal.DependencyConfigurator                        : loaded 2 times (x 72B)
Class com.android.build.gradle.internal.scope.InternalArtifactType$SDK_DEPENDENCY_DATA: loaded 2 times (x 74B)
Class com.android.build.gradle.internal.scope.InternalArtifactType$BUNDLE_DEPENDENCY_REPORT: loaded 2 times (x 74B)
Class com.android.build.gradle.internal.tasks.creationconfig.DexMergingCreationConfig : loaded 2 times (x 70B)
Class org.jetbrains.kotlin.gradle.plugin.mpp.KotlinCompilationsKt                     : loaded 2 times (x 71B)
Class org.jetbrains.kotlin.gradle.plugin.sources.DefaultKotlinSourceSet_Decorated     : loaded 2 times (x 188B)
Class org.jetbrains.kotlin.gradle.plugin.mpp.compilationImpl.factory.DefaultProcessResourcesTaskNameFactory: loaded 2 times (x 74B)
Class org.jetbrains.kotlin.gradle.plugin.diagnostics.TransformActionUsingKotlinToolingDiagnostics: loaded 2 times (x 70B)
Class com.android.build.gradle.internal.component.features.NativeBuildCreationConfig  : loaded 2 times (x 70B)
Class com.android.build.api.variant.Packaging                                         : loaded 2 times (x 70B)
Class com.android.build.gradle.internal.core.dsl.impl.ConsumableComponentDslInfoImpl$shadersDslInfo$2: loaded 2 times (x 79B)
Class com.android.build.gradle.internal.dsl.BaseFlavor$targetSdk$3                    : loaded 2 times (x 79B)
Class com.android.builder.model.v2.models.ndk.NativeModule                            : loaded 2 times (x 70B)
Class com.google.wireless.android.sdk.stats.GradleBuildSplitsOrBuilder                : loaded 2 times (x 70B)
Class com.android.build.gradle.internal.tasks.factory.BootClasspathConfigImpl$fullBootClasspathProvider$2: loaded 2 times (x 79B)
Class com.android.tools.lint.model.LintModelSeverity$Companion                        : loaded 2 times (x 71B)
Class com.android.build.gradle.internal.dsl.ApplicationExtensionImpl$dataBinding$1    : loaded 2 times (x 75B)
Class com.android.build.api.artifact.Artifact                                         : loaded 2 times (x 74B)
Class com.android.build.gradle.internal.api.LazyAndroidSourceSet$sourceSet$1          : loaded 2 times (x 79B)
Class com.android.build.gradle.internal.res.Aapt2FromMaven$Companion                  : loaded 2 times (x 71B)
Class com.android.build.gradle.internal.dsl.ExternalNativeCmakeOptions_Decorated      : loaded 2 times (x 152B)
Class com.google.wireless.android.sdk.stats.GradleBuildMemorySample$Builder           : loaded 2 times (x 303B)
Class com.android.build.api.dsl.MaxSdkSpec                                            : loaded 2 times (x 70B)
Class com.android.builder.core.AbstractBuildType                                      : loaded 2 times (x 153B)
Class org.jetbrains.kotlin.gradle.targets.native.KonanPropertiesBuildService$Companion: loaded 2 times (x 71B)
Class org.jetbrains.kotlin.gradle.plugin.PropertiesProvider$propertyWithDeprecatedValues$1: loaded 2 times (x 75B)
Class org.jetbrains.kotlin.gradle.utils.GradleUtilsKt$registerClassLoaderScopedBuildService$1: loaded 2 times (x 74B)
Class org.jetbrains.kotlin.gradle.internal.diagnostics.AgpCompatibilityCheck$AndroidGradlePluginVersionProvider$Default: loaded 2 times (x 74B)
Class com.android.builder.profile.Recorder                                            : loaded 2 times (x 70B)
Class com.android.tools.analytics.HostData$threadBean$2                               : loaded 2 times (x 78B)
Class com.google.wireless.android.sdk.stats.GradleBuildProfileSpanOrBuilder           : loaded 2 times (x 70B)
Class com.google.protobuf.Parser                                                      : loaded 2 times (x 70B)
Class com.google.gson.internal.bind.ReflectiveTypeAdapterFactory$Adapter              : loaded 2 times (x 77B)
Class com.google.gson.internal.bind.TypeAdapters$10                                   : loaded 2 times (x 75B)
Class org.jetbrains.kotlin.gradle.plugin.KotlinBaseApiPlugin$kaptExtension$2          : loaded 2 times (x 79B)
Class org.jetbrains.kotlin.gradle.internal.properties.PropertiesBuildService$IntGradleProperty: loaded 2 times (x 76B)
Class com.google.common.util.concurrent.DirectExecutor                                : loaded 2 times (x 82B)
Class jdk.internal.jimage.ImageReader$SharedImageReader                               : loaded 2 times (x 95B)
Class org.gradle.api.internal.classpath.ModuleRegistry                                : loaded 2 times (x 70B)
Class org.gradle.internal.installation.GradleInstallation$1                           : loaded 2 times (x 75B)
Class com.android.build.gradle.internal.dependency.DexingRegistration$registerTransform$1: loaded 2 times (x 75B)
Class com.android.build.gradle.internal.dependency.CollectClassesTransform            : loaded 2 times (x 78B)
Class com.android.build.gradle.internal.HostTestTaskManager$createRunHostTestTask$1   : loaded 2 times (x 75B)
Class com.android.build.gradle.tasks.TestResultsCollectionTask$TestResultsCollectionCreationAction$handleProvider$1: loaded 2 times (x 127B)
Class com.android.build.gradle.internal.scope.InternalArtifactType$APK_ZIP            : loaded 2 times (x 74B)
Class com.android.build.gradle.internal.tasks.ListingFileRedirectTask                 : loaded 2 times (x 327B)
Class org.jetbrains.kotlin.gradle.utils.ConfigurationCacheOpaqueValue                 : loaded 2 times (x 72B)
Class [Lcom.android.build.gradle.internal.publishing.ArtifactCategory;                : loaded 2 times (x 69B)
Class [Lcom.android.build.gradle.internal.publishing.AndroidArtifacts$ArtifactScope;  : loaded 2 times (x 69B)
Class com.android.build.gradle.internal.dsl.InstrumentationImpl                       : loaded 2 times (x 77B)
Class com.android.build.gradle.internal.coverage.tasks.CodeCoverageReportTask$CoverageReportCreationAction: loaded 2 times (x 92B)
Class com.android.build.api.component.impl.DeviceTestImpl$optimizationCreationConfig$2: loaded 2 times (x 79B)
Class com.android.build.gradle.internal.core.MergedFlavor$Companion                   : loaded 2 times (x 71B)
Class com.android.build.gradle.internal.dsl.MinSdkSpecImpl$AgpDecorated_Decorated     : loaded 2 times (x 129B)
Class [Lcom.android.build.api.artifact.impl.InternalScopedArtifacts$InternalScope;    : loaded 2 times (x 69B)
Class com.android.build.gradle.internal.services.FakeDependencyJarBuildService$FakeDependencyJarCreator$Inject_: loaded 2 times (x 111B)
Class org.jetbrains.kotlin.gradle.plugin.mpp.KotlinUsages$KotlinMetadataDisambiguation: loaded 2 times (x 76B)
Class com.android.build.gradle.internal.dsl.ComposeOptionsImpl_Decorated              : loaded 2 times (x 128B)
Class org.jetbrains.kotlin.gradle.plugin.mpp.KotlinAndroidTargetVariantDsl            : loaded 2 times (x 70B)
Class com.android.build.gradle.internal.dsl.decorator.DslDecorator$cache$1            : loaded 2 times (x 75B)
Class com.android.build.api.dsl.AndroidResources                                      : loaded 2 times (x 70B)
Class com.google.wireless.android.sdk.stats.GradleBuildVariant$VariantType            : loaded 2 times (x 87B)
Class org.jetbrains.kotlin.gradle.dsl.KotlinAndroidProjectExtension_Decorated         : loaded 2 times (x 185B)
Class org.jetbrains.kotlin.gradle.plugin.mpp.KotlinUsages                             : loaded 2 times (x 71B)
Class org.jetbrains.kotlin.gradle.internal.properties.NativePropertiesLoader$Companion: loaded 2 times (x 71B)
Class [Lorg.jetbrains.kotlin.build.report.metrics.GradleBuildPerformanceMetric;       : loaded 2 times (x 69B)
Class org.jetbrains.kotlin.gradle.plugin.statistics.BuildFusService$Companion         : loaded 2 times (x 71B)
Class com.android.ProgressManagerAdapter                                              : loaded 2 times (x 73B)
Class com.google.protobuf.Descriptors$GenericDescriptor                               : loaded 2 times (x 75B)
Class com.google.gson.internal.bind.TypeAdapters$11                                   : loaded 2 times (x 75B)
Class com.android.ide.common.blame.MessageJsonSerializer                              : loaded 2 times (x 76B)
Class [Lcom.google.gson.FieldNamingPolicy;                                            : loaded 2 times (x 69B)
Class com.android.build.gradle.internal.dsl.AgpExperimentalApiOptInRequiredException  : loaded 2 times (x 82B)
Class com.android.ide.common.repository.AgpVersion$PreviewKind$Companion              : loaded 2 times (x 71B)
Class com.android.build.gradle.internal.plugins.FusedLibraryPlugin                    : loaded 2 times (x 81B)
Class com.android.build.gradle.internal.services.RunOnceBuildServiceImpl$Inject_      : loaded 2 times (x 102B)
Class jdk.internal.jimage.decompressor.ResourceDecompressorFactory                    : loaded 2 times (x 74B)
Class com.android.build.gradle.internal.VariantTaskManager$addBindingDependenciesIfNecessary$viewBindingEnabled$1: loaded 2 times (x 80B)
Class com.android.build.gradle.internal.dependency.LibrarySymbolTableTransform        : loaded 2 times (x 78B)
Class com.android.build.gradle.internal.attribution.CheckJetifierBuildService$Parameters_Decorated: loaded 2 times (x 130B)
Class com.android.build.api.variant.impl.FileBasedFileEntry                           : loaded 2 times (x 79B)
Class com.android.build.gradle.internal.test.AbstractTestDataImpl$animationsDisabled$1: loaded 2 times (x 78B)
Class com.android.build.gradle.tasks.TestResultsCollectionTask$TestResultsCollectionCreationAction$handleProvider$2: loaded 2 times (x 127B)
Class com.android.build.gradle.internal.coverage.JacocoConfigurations                 : loaded 2 times (x 71B)
Class com.android.build.gradle.internal.tasks.AppMetadataTaskKt                       : loaded 2 times (x 71B)
Class com.android.build.gradle.internal.tasks.DexMergingTask$CreationAction           : loaded 2 times (x 93B)
Class com.android.build.gradle.internal.scope.InternalArtifactType$DUPLICATE_CLASSES_CHECK: loaded 2 times (x 74B)
Class org.jetbrains.kotlin.gradle.targets.js.ir.KotlinJsIrTarget                      : loaded 2 times (x 254B)
Class org.jetbrains.kotlin.gradle.plugin.HasCompilerOptions                           : loaded 2 times (x 70B)
Class org.jetbrains.kotlin.gradle.plugin.mpp.compilationImpl.DefaultKotlinCompilationFriendPathsResolver$FriendArtifactResolver: loaded 2 times (x 70B)
Class com.android.build.gradle.internal.scope.InternalArtifactType$BUILT_IN_KOTLINC   : loaded 2 times (x 74B)
Class com.android.build.gradle.internal.scope.InternalArtifactType$MERGED_TEST_ONLY_NATIVE_LIBS: loaded 2 times (x 74B)
Class com.android.build.gradle.internal.scope.InternalArtifactType$MERGED_JNI_LIBS    : loaded 2 times (x 74B)
Class com.android.build.gradle.internal.tasks.CompressAssetsTask                      : loaded 2 times (x 332B)
Class com.android.build.api.artifact.ArtifactTransformationRequest                    : loaded 2 times (x 70B)
Class com.android.build.api.artifact.ScopedArtifact$CLASSES                           : loaded 2 times (x 74B)
Class [Lcom.android.build.api.instrumentation.FramesComputationMode;                  : loaded 2 times (x 69B)
Class com.android.build.gradle.internal.tasks.ProcessNavigationXmlTask$ApplicationCreationAction: loaded 2 times (x 91B)
Class com.android.build.api.component.impl.ComponentImpl                              : loaded 2 times (x 208B)
Class com.android.build.gradle.internal.dsl.ModulePropertyKey$BooleanWithDefault      : loaded 2 times (x 84B)
Class com.android.build.api.variant.impl.HostTestBuilderImpl                          : loaded 2 times (x 89B)
Class com.android.build.gradle.internal.core.dsl.impl.VariantDslInfoImpl$nativeBuildDslInfo$2: loaded 2 times (x 79B)
Class com.android.build.gradle.internal.core.MergedAnnotationProcessorOptions         : loaded 2 times (x 107B)
Class com.android.build.api.artifact.Artifact$Replaceable                             : loaded 2 times (x 70B)
Class com.android.build.gradle.internal.services.TaskCreationServices                 : loaded 2 times (x 70B)
Class com.android.builder.model.SourceProvider                                        : loaded 2 times (x 70B)
Class com.android.utils.HelpfulEnumConverter                                          : loaded 2 times (x 92B)
Class com.google.common.util.concurrent.AbstractFuture$UnsafeAtomicHelper             : loaded 2 times (x 78B)
Class com.android.build.api.dsl.ProductFlavor                                         : loaded 2 times (x 70B)
Class com.android.build.api.dsl.BaseFlavor                                            : loaded 2 times (x 70B)
Class org.jetbrains.kotlin.gradle.plugin.mpp.DefaultKotlinUsageContext                : loaded 2 times (x 93B)
Class org.jetbrains.kotlin.gradle.internal.properties.PropertiesBuildService$Companion: loaded 2 times (x 71B)
Class org.jetbrains.kotlin.gradle.dsl.KotlinJvmExtension                              : loaded 2 times (x 70B)
Class org.jetbrains.kotlin.gradle.plugin.KotlinMultiplatformPluginWrapper             : loaded 2 times (x 86B)
Class com.android.build.gradle.internal.services.AndroidLocationsBuildService$AndroidDirectoryCreator$Params: loaded 2 times (x 70B)
Class com.android.build.gradle.internal.services.Aapt2DaemonBuildService$RegistrationAction: loaded 2 times (x 74B)
Class com.android.build.gradle.internal.ide.dependencies.LibraryDependencyCacheBuildService$Parameters_Decorated: loaded 2 times (x 130B)
Class [Lcom.android.build.gradle.internal.core.Abi;                                   : loaded 2 times (x 69B)
Class com.google.protobuf.AbstractMessageLite                                         : loaded 2 times (x 101B)
Class com.android.build.gradle.internal.dsl.MinSdkSpecImpl$AgpDecorated               : loaded 2 times (x 84B)
Class com.google.gson.internal.bind.TypeAdapters$12                                   : loaded 2 times (x 75B)
Class [Lcom.google.gson.ToNumberStrategy;                                             : loaded 2 times (x 69B)
Class com.android.build.gradle.options.ReplacedOption                                 : loaded 2 times (x 85B)
Class [Lcom.android.build.gradle.options.OptionalBooleanOption;                       : loaded 2 times (x 69B)
Class com.android.build.api.variant.CanMinifyAndroidResourcesBuilder                  : loaded 2 times (x 70B)
Class com.android.build.gradle.internal.dsl.Lockable                                  : loaded 2 times (x 70B)
Class com.android.build.api.variant.FilterConfiguration                               : loaded 2 times (x 70B)
Class com.android.build.gradle.internal.dependency.SubtractingArtifactCollection      : loaded 2 times (x 84B)
Class com.android.build.gradle.internal.tasks.CompileArtProfileTask$CreationAction    : loaded 2 times (x 90B)
Class org.jetbrains.kotlin.gradle.plugin.mpp.compilationImpl.KotlinCompilationConfigurationsContainer: loaded 2 times (x 70B)
Class org.jetbrains.kotlin.gradle.plugin.mpp.KotlinJvmAgpCompilationFactory           : loaded 2 times (x 81B)
Class com.android.build.gradle.internal.tasks.IncrementalTask                         : loaded 2 times (x 70B)
Class com.android.build.gradle.internal.utils.VariantPostCreationChecksKt             : loaded 2 times (x 71B)
Class com.android.build.gradle.internal.dsl.MinSdkDelegate$minSdk$1                   : loaded 2 times (x 79B)
Class com.android.build.gradle.internal.dsl.CompileSdkProperties                      : loaded 2 times (x 70B)
Class com.android.build.gradle.internal.dsl.decorator.DslDecorator$Companion$privateLookupInMethod$2: loaded 2 times (x 78B)
Class com.android.build.gradle.internal.dsl.TestOptions                               : loaded 2 times (x 118B)
Class com.android.build.gradle.internal.CompileOptions                                : loaded 2 times (x 94B)
Class com.android.build.gradle.internal.dsl.BundleOptionsDeviceTier                   : loaded 2 times (x 81B)
Class org.jetbrains.kotlin.gradle.plugin.sources.KotlinSourceSetFactory$Companion     : loaded 2 times (x 71B)
Class [Lcom.android.prefs.Global;                                                     : loaded 2 times (x 69B)
Class com.android.build.gradle.internal.services.ConfigPhaseFileCreator               : loaded 2 times (x 70B)
Class com.android.build.gradle.internal.services.Aapt2ThreadPoolBuildService$Params_Decorated: loaded 2 times (x 130B)
Class com.google.wireless.android.sdk.stats.GradleBuildProfile$1                      : loaded 2 times (x 151B)
Class com.android.build.gradle.internal.manifest.LazyManifestParser$manifestData$1    : loaded 2 times (x 75B)
Class com.google.gson.internal.bind.TypeAdapters$13                                   : loaded 2 times (x 75B)
Class com.android.build.api.component.impl.ComponentBuilderImpl                       : loaded 2 times (x 92B)
Class com.android.build.api.variant.HasTestFixtures                                   : loaded 2 times (x 70B)
Class jdk.internal.jimage.ImageReader$Node                                            : loaded 2 times (x 84B)
Class org.gradle.api.internal.classpath.DefaultModuleRegistry                         : loaded 2 times (x 86B)
Class com.android.build.gradle.internal.cxx.gradle.generator.NativeProjectPath        : loaded 2 times (x 72B)
Class com.android.build.gradle.internal.cxx.logging.IssueReporterLoggingEnvironment   : loaded 2 times (x 83B)
Class com.android.build.gradle.internal.cxx.configure.CxxCreateGradleTasksKt          : loaded 2 times (x 71B)
Class com.android.build.gradle.internal.scope.InternalArtifactType$SDK_DEPENDENCY_DATA_PUBLIC: loaded 2 times (x 74B)
Class com.android.build.gradle.internal.coverage.tasks.CodeCoverageReportCreationConfigImpl: loaded 2 times (x 94B)
Class org.jetbrains.kotlin.gradle.plugin.mpp.compilationImpl.factory.CompositePostConfigure: loaded 2 times (x 75B)
Class com.android.build.gradle.internal.scope.InternalArtifactType$COMPRESSED_ASSETS  : loaded 2 times (x 74B)
Class com.android.build.gradle.internal.scope.InternalArtifactType$GENERATED_PNGS_RES : loaded 2 times (x 74B)
Class com.android.build.api.artifact.SingleArtifact$APK                               : loaded 2 times (x 74B)
Class com.android.build.api.artifact.SingleArtifact                                   : loaded 2 times (x 74B)
Class com.android.build.gradle.internal.dependency.VariantDependencies$Companion$computeLocalFileDependencies$2: loaded 2 times (x 75B)
Class com.android.build.gradle.internal.dependency.VariantDependencies$computeArtifactCollection$attributesAction$1: loaded 2 times (x 75B)
Class com.android.build.gradle.internal.TaskManager$createAssembleTask$1              : loaded 2 times (x 75B)
Class android.databinding.tool.DataBindingBuilder$GradleFileWriter                    : loaded 2 times (x 75B)
Class com.android.build.api.component.impl.DeviceTestImpl$packaging$2                 : loaded 2 times (x 79B)
Class com.android.build.api.component.impl.TestComponentImpl                          : loaded 2 times (x 357B)
Class com.android.build.gradle.internal.core.MergedExternalNativeNdkBuildOptions      : loaded 2 times (x 86B)
Class com.android.build.gradle.internal.core.MergedNdkConfig                          : loaded 2 times (x 95B)
Class com.android.build.gradle.internal.variant.VariantPathHelper$aarLocation$2       : loaded 2 times (x 79B)
Class com.android.build.gradle.internal.publishing.PublishedConfigSpec                : loaded 2 times (x 72B)
Class com.android.build.gradle.internal.ProguardFilesProvider                         : loaded 2 times (x 70B)
Class com.android.build.gradle.internal.dsl.ApplicationBuildFeaturesImpl              : loaded 2 times (x 120B)
Class [Lcom.android.build.api.artifact.Artifact$Category;                             : loaded 2 times (x 69B)
Class com.android.build.gradle.internal.dsl.KeepRulesImpl$AgpDecorated                : loaded 2 times (x 95B)
Class com.android.build.gradle.internal.variant.BaseVariantData                       : loaded 2 times (x 72B)
Class com.android.build.api.variant.ExternalNativeBuild                               : loaded 2 times (x 70B)
Class com.android.build.api.dsl.ApplicationPublishing                                 : loaded 2 times (x 70B)
Class org.jetbrains.kotlin.build.report.metrics.GradleBuildTime$Companion             : loaded 2 times (x 71B)
Class org.jetbrains.kotlin.gradle.plugin.AndroidGradlePluginVersion$Companion         : loaded 2 times (x 71B)
Class com.android.build.gradle.internal.core.dsl.impl.InstrumentedTestDslInfoImpl     : loaded 2 times (x 80B)
Class com.google.gson.internal.bind.NumberTypeAdapter$1                               : loaded 2 times (x 76B)
Class com.google.gson.internal.bind.TypeAdapters$1                                    : loaded 2 times (x 75B)
Class com.google.gson.internal.bind.TypeAdapters$14                                   : loaded 2 times (x 75B)
Class com.android.build.api.component.impl.DeviceTestImpl$renderscriptCreationConfig$2: loaded 2 times (x 79B)
Class com.android.build.gradle.tasks.MergeSourceSetFolders$MergeJniLibFoldersCreationAction$handleProvider$1: loaded 2 times (x 127B)
Class com.android.builder.errors.IssueReporter                                        : loaded 2 times (x 73B)
Class jdk.internal.jimage.BasicImageReader$1                                          : loaded 2 times (x 77B)
Class org.gradle.accessors.dm.LibrariesForLibsInPluginsBlock$AndroidxEspressoLibraryAccessors: loaded 2 times (x 77B)
Class com.android.build.gradle.internal.api.ApplicationVariantImpl_Decorated          : loaded 2 times (x 309B)
Class com.android.build.gradle.internal.dependency.AarTransform                       : loaded 2 times (x 78B)
Class com.android.build.gradle.internal.PropertiesValueSource$Params_Decorated        : loaded 2 times (x 130B)
Class com.android.build.gradle.internal.VariantTaskManager$createReportTasks$signingReportComponents$1: loaded 2 times (x 80B)
Class com.android.build.gradle.internal.tasks.ExtractVersionControlInfoTask           : loaded 2 times (x 329B)
Class com.android.build.gradle.internal.tasks.OptimizeResourcesTask$CreateAction$handleProvider$1: loaded 2 times (x 127B)
Class com.android.build.gradle.internal.tasks.MergeNativeDebugMetadataTask$CreationAction: loaded 2 times (x 90B)
Class com.android.build.gradle.internal.tasks.ValidateSigningTask$CreationAction$handleProvider$1: loaded 2 times (x 127B)
Class [Lorg.jetbrains.kotlin.tooling.core.HasMutableExtras;                           : loaded 2 times (x 69B)
Class com.android.build.gradle.internal.tasks.ProcessJavaResTask$CreationAction       : loaded 2 times (x 90B)
Class com.android.build.gradle.tasks.CompatibleScreensManifest                        : loaded 2 times (x 330B)
Class com.android.build.api.component.impl.features.InstrumentationCreationConfigImpl : loaded 2 times (x 83B)
Class com.android.build.gradle.internal.TaskManager$createAssembleTask$2              : loaded 2 times (x 75B)
Class com.android.build.api.component.impl.HostTestImpl$manifestPlaceholdersCreationConfig$2: loaded 2 times (x 79B)
Class com.android.build.api.component.UnitTest                                        : loaded 2 times (x 70B)
Class com.android.build.api.variant.impl.DependenciesInfoBuilderImpl_Decorated        : loaded 2 times (x 138B)
Class com.android.build.gradle.internal.VariantManager$createVariant$mappingScopePolicy$2: loaded 2 times (x 78B)
Class com.android.build.gradle.internal.core.MergedFlavor                             : loaded 2 times (x 202B)
Class com.android.build.gradle.internal.dsl.CompileSdkDelegate$compileSdk$2$1         : loaded 2 times (x 79B)
Class com.android.build.gradle.internal.services.FakeDependencyJarBuildService$FakeDependencyJarCreator$Params$Inject_: loaded 2 times (x 108B)
Class com.android.build.gradle.internal.dsl.SdkComponentsImpl$sdkDirectory$1          : loaded 2 times (x 75B)
Class com.android.build.gradle.api.AndroidArtifactVariant                             : loaded 2 times (x 70B)
Class com.android.build.gradle.internal.dsl.TestFixturesImpl                          : loaded 2 times (x 81B)
Class com.android.build.api.dsl.Installation                                          : loaded 2 times (x 70B)
Class org.jetbrains.kotlin.gradle.tasks.configuration.AbstractKotlinCompileConfig$1   : loaded 2 times (x 79B)
Class org.jetbrains.kotlin.gradle.plugin.mpp.compilationImpl.KotlinCompilationFriendPathsResolver: loaded 2 times (x 70B)
Class org.jetbrains.kotlin.gradle.plugin.internal.DefaultCompatibilityConventionRegistrar: loaded 2 times (x 74B)
Class org.jetbrains.kotlin.gradle.plugin.PropertiesProvider                           : loaded 2 times (x 73B)
Class org.jetbrains.kotlin.gradle.plugin.DefaultKotlinBasePlugin$addKotlinCompilerConfiguration$1: loaded 2 times (x 75B)
Class org.jetbrains.kotlin.gradle.plugin.mpp.KotlinAndroidTarget                      : loaded 2 times (x 159B)
Class com.android.build.gradle.internal.services.Aapt2DaemonBuildService$Parameters   : loaded 2 times (x 72B)
Class com.android.build.api.variant.impl.SigningConfigImpl$enableV4Signing$1          : loaded 2 times (x 75B)
Class com.google.gson.Strictness                                                      : loaded 2 times (x 79B)
Class com.google.gson.internal.sql.SqlTypesSupport$1                                  : loaded 2 times (x 74B)
Class com.google.gson.internal.bind.TypeAdapters$2                                    : loaded 2 times (x 75B)
Class com.google.gson.internal.bind.TypeAdapters$15                                   : loaded 2 times (x 75B)
Class com.android.build.gradle.tasks.ProcessTestManifest$CreationAction$handleProvider$2: loaded 2 times (x 127B)
Class com.android.build.api.variant.impl.ManifestFilesImpl                            : loaded 2 times (x 80B)
Class com.android.build.gradle.internal.plugins.AndroidPluginBaseServices$androidProblemReporterProviderService$2$1: loaded 2 times (x 79B)
Class com.android.build.gradle.BaseExtension                                          : loaded 2 times (x 195B)
Class com.android.build.gradle.internal.plugins.VersionCheckPlugin$Companion          : loaded 2 times (x 71B)
Class com.android.build.gradle.internal.DependencyConfigurator$registerTransform$1    : loaded 2 times (x 75B)
Class com.android.build.gradle.internal.VariantTaskManager$createReportTasks$signingReportComponents$2: loaded 2 times (x 78B)
Class com.android.build.gradle.internal.variant.BuildAuthorSpecifiedDefaultsFlavorComparator: loaded 2 times (x 90B)
Class com.android.build.gradle.internal.testing.TestData                              : loaded 2 times (x 70B)
Class com.android.build.gradle.internal.scope.InternalArtifactType$OPTIMIZED_PROCESSED_RES: loaded 2 times (x 74B)
Class com.android.build.gradle.internal.tasks.AnchorTaskNames                         : loaded 2 times (x 71B)
Class com.android.build.gradle.internal.tasks.BundleToStandaloneApkTask$CreationAction: loaded 2 times (x 90B)
Class com.android.build.gradle.tasks.PackageAndroidArtifact$Companion$THROW_ON_ERROR_ISSUE_REPORTER$1: loaded 2 times (x 73B)
Class com.android.build.gradle.internal.tasks.StripDebugSymbolsTask$CreationAction$handleProvider$1: loaded 2 times (x 127B)
Class com.android.build.gradle.internal.scope.InternalMultipleArtifactType$DEX        : loaded 2 times (x 74B)
Class org.jetbrains.kotlin.gradle.plugin.mpp.compilationImpl.factory.KotlinCompilationImplFactory$KotlinCompilationOutputFactory: loaded 2 times (x 70B)
Class org.jetbrains.kotlin.gradle.plugin.mpp.compilationImpl.DefaultKotlinCompilationFriendPathsResolver$AdditionalAndroidFriendArtifactResolver: loaded 2 times (x 74B)
Class org.jetbrains.kotlin.gradle.internal.IsInIdeaEnvironmentValueSource             : loaded 2 times (x 80B)
Class com.android.build.gradle.internal.tasks.MergeNativeLibsTask                     : loaded 2 times (x 337B)
Class com.android.build.gradle.internal.res.LinkAndroidResForBundleTask$CreationAction: loaded 2 times (x 93B)
Class com.android.build.gradle.internal.tasks.CheckAarMetadataTask                    : loaded 2 times (x 337B)
Class com.android.build.gradle.internal.TaskManager$MergeType                         : loaded 2 times (x 80B)
Class com.android.build.api.artifact.Artifact$ContainsMany                            : loaded 2 times (x 70B)
Class com.android.build.gradle.internal.tasks.ExtractProfilerNativeDependenciesTask$CreationAction: loaded 2 times (x 90B)
Class com.android.build.api.component.impl.ComponentImpl$compileClasspath$2           : loaded 2 times (x 79B)
Class com.android.build.api.variant.AndroidTest                                       : loaded 2 times (x 70B)
Class com.android.build.gradle.internal.scope.TaskContainer                           : loaded 2 times (x 70B)
Class [Lcom.android.build.gradle.internal.core.dsl.ComponentDslInfo$DslDefinedHostTest;: loaded 2 times (x 69B)
Class com.android.build.gradle.internal.tasks.Workers$ProfileAwareExecutorServiceAdapter: loaded 2 times (x 87B)
Class com.android.build.gradle.internal.scope.BootClasspathBuilder$computeClasspath$1 : loaded 2 times (x 75B)
Class com.android.build.gradle.internal.dsl.AbstractPublishing                        : loaded 2 times (x 73B)
Class org.jetbrains.kotlin.gradle.plugin.mpp.KotlinAndroidTargetKt                    : loaded 2 times (x 71B)
Class org.jetbrains.kotlin.gradle.plugin.ProjectLocalConfigurations$setupAttributesMatchingStrategy$1$1: loaded 2 times (x 74B)
Class org.jetbrains.kotlin.gradle.targets.native.toolchain.KotlinNativeBundleBuildService$Companion$registerIfAbsent$2$1$1: loaded 2 times (x 75B)
Class org.jetbrains.kotlin.gradle.plugin.diagnostics.ProblemsReporter$Factory         : loaded 2 times (x 70B)
Class org.jetbrains.kotlin.gradle.plugin.KotlinCompilationToRunnableFiles             : loaded 2 times (x 70B)
Class com.android.build.gradle.internal.dependency.DexingNoClasspathTransform$Inject_1: loaded 2 times (x 112B)
Class com.google.wireless.android.sdk.stats.GradleBuildProfileOrBuilder               : loaded 2 times (x 70B)
Class com.android.build.gradle.internal.profile.NoOpAnalyticsService                  : loaded 2 times (x 110B)
Class com.android.build.gradle.internal.profile.AnalyticsServiceApi                   : loaded 2 times (x 70B)
Class com.google.gson.internal.sql.SqlTypesSupport$2                                  : loaded 2 times (x 74B)
Class com.google.gson.internal.bind.TypeAdapters$16                                   : loaded 2 times (x 75B)
Class com.google.gson.internal.bind.TypeAdapters$3                                    : loaded 2 times (x 75B)
Class com.android.build.api.variant.HasAndroidTest                                    : loaded 2 times (x 70B)
Class com.google.common.reflect.TypeResolver$TypeTable                                : loaded 2 times (x 73B)
Class ijJvmDebugger1_b5rqkoi4cvyrocszbx6z13ivq$_run_closure1$_closure2                : loaded 2 times (x 140B)
Class com.android.build.gradle.internal.dependency.ExtractProGuardRulesTransform$Parameters: loaded 2 times (x 70B)
Class com.android.build.gradle.internal.scope.InternalArtifactType$UNIT_TEST_CODE_COVERAGE: loaded 2 times (x 74B)
Class com.android.build.api.variant.impl.FileEntry                                    : loaded 2 times (x 70B)
Class com.android.build.gradle.internal.tasks.PerModuleReportDependenciesTask         : loaded 2 times (x 330B)
Class com.android.build.gradle.internal.scope.InternalArtifactType$DEX_ARCHIVE_INPUT_JAR_HASHES: loaded 2 times (x 74B)
Class com.android.build.gradle.internal.tasks.R8VersionCheckKt                        : loaded 2 times (x 71B)
Class org.jetbrains.kotlin.tooling.core.ExtrasPropertyKt                              : loaded 2 times (x 71B)
Class org.jetbrains.kotlin.gradle.plugin.mpp.compilationImpl.KotlinCompilationSourceSetInclusion$include$1: loaded 2 times (x 79B)
Class org.jetbrains.kotlin.gradle.dsl.KotlinProjectExtensionKt                        : loaded 2 times (x 71B)
Class org.jetbrains.kotlin.gradle.plugin.mpp.compilationImpl.factory.KotlinCompilationImplFactory$KotlinCompilationDependencyConfigurationsFactory: loaded 2 times (x 70B)
Class org.jetbrains.kotlin.gradle.tasks.BaseKotlinCompile                             : loaded 2 times (x 70B)
Class org.jetbrains.kotlin.gradle.plugin.internal.UsesBuildIdProviderService          : loaded 2 times (x 70B)
Class org.jetbrains.kotlin.compilerRunner.CompilerSystemPropertiesService$Companion$registerIfAbsent$2$1$1: loaded 2 times (x 75B)
Class com.android.build.gradle.internal.feature.BundleAllClasses                      : loaded 2 times (x 328B)
Class com.android.build.api.variant.impl.JniLibsPackagingImpl                         : loaded 2 times (x 80B)
Class com.android.build.gradle.internal.tasks.MergeNativeLibsTask$CreationAction$handleProvider$1: loaded 2 times (x 127B)
Class com.android.build.gradle.tasks.CompileNavigationXmlTask$CreationAction$handleProvider$1: loaded 2 times (x 127B)
Class com.android.build.gradle.tasks.ProcessMultiApkApplicationManifest$CreationAction$handleProvider$1: loaded 2 times (x 127B)
Class com.android.build.gradle.tasks.TestReportTask$TestReportCreationAction          : loaded 2 times (x 92B)
Class com.android.build.api.variant.impl.ApplicationVariantBuilderImpl                : loaded 2 times (x 204B)
Class com.android.build.gradle.internal.core.dsl.impl.ConsumableComponentDslInfoImpl$optimizationDslInfo$2: loaded 2 times (x 79B)
Class com.android.build.gradle.internal.publishing.VariantPublishingInfo              : loaded 2 times (x 72B)
Class com.android.build.gradle.internal.dsl.BundleOptionsDeviceGroup$AgpDecorated_Decorated: loaded 2 times (x 130B)
Class com.android.build.gradle.internal.dsl.TestOptions$UnitTestOptions_Decorated     : loaded 2 times (x 130B)
Class com.android.build.gradle.internal.api.artifact.SourceArtifactType$KOTLIN_SOURCES: loaded 2 times (x 74B)
Class com.android.build.api.dsl.LibraryPublishing                                     : loaded 2 times (x 70B)
Class com.android.build.api.dsl.ApplicationBuildType                                  : loaded 2 times (x 70B)
Class org.jetbrains.kotlin.gradle.internal.ClassLoadersCachingBuildService$Companion$registerIfAbsent$1: loaded 2 times (x 75B)
Class org.jetbrains.kotlin.gradle.plugin.UsesKotlinGradleBuildServices                : loaded 2 times (x 70B)
Class org.jetbrains.kotlin.gradle.plugin.KotlinGradleBuildServices$Parameters_Decorated: loaded 2 times (x 130B)
Class org.jetbrains.kotlin.gradle.plugin.DefaultKotlinBasePlugin$addKotlinCompilerConfiguration$3: loaded 2 times (x 75B)
Class org.jetbrains.kotlin.gradle.internal.IdeaKt                                     : loaded 2 times (x 71B)
Class com.android.build.gradle.internal.SdkComponentsBuildService$Parameters_Decorated: loaded 2 times (x 151B)
Class com.google.protobuf.IterableByteBufferInputStream                               : loaded 2 times (x 92B)
Class com.google.gson.internal.bind.TypeAdapters$17                                   : loaded 2 times (x 75B)
Class com.google.gson.internal.bind.TypeAdapters$4                                    : loaded 2 times (x 75B)
Class com.google.common.collect.Maps$EntryTransformer                                 : loaded 2 times (x 70B)
Class com.android.build.gradle.internal.component.TaskCreationConfig                  : loaded 2 times (x 70B)
Class com.android.build.gradle.internal.services.DslServicesImpl                      : loaded 2 times (x 99B)
Class jdk.internal.jimage.decompressor.Decompressor                                   : loaded 2 times (x 72B)
Class org.gradle.accessors.dm.LibrariesForLibs$AndroidxCoreLibraryAccessors           : loaded 2 times (x 77B)
Class org.gradle.internal.time.MonotonicClock                                         : loaded 2 times (x 77B)
Class com.google.common.reflect.TypeResolver$TypeTable$1                              : loaded 2 times (x 73B)
Class org.gradle.internal.service.ServiceLookupException                              : loaded 2 times (x 82B)
Class com.android.build.gradle.internal.DependencyConfigurator$configureVariantTransforms$3$2$1: loaded 2 times (x 75B)
Class com.android.build.gradle.internal.SdkComponentsBuildService$sdkSourceSet$2      : loaded 2 times (x 79B)
Class com.android.build.gradle.internal.test.AbstractTestDataImpl$flavorName$1        : loaded 2 times (x 79B)
Class com.android.build.gradle.internal.scope.InternalArtifactType$VALIDATE_SIGNING_CONFIG: loaded 2 times (x 74B)
Class org.jetbrains.kotlin.gradle.plugin.hierarchy.KotlinSourceSetTreeClassifierKt$sourceSetTreeClassifier$2: loaded 2 times (x 78B)
Class org.jetbrains.kotlin.gradle.internal.IsInIdeaEnvironmentValueSource$Inject_     : loaded 2 times (x 100B)
Class com.android.build.gradle.internal.tasks.MergeNativeLibsTask$CreationAction$handleProvider$2: loaded 2 times (x 127B)
Class com.android.build.api.artifact.impl.OperationRequestsImplKt$toCreate$1          : loaded 2 times (x 75B)
Class com.android.build.gradle.internal.scope.InternalArtifactType$MERGED_RES_INCREMENTAL_FOLDER: loaded 2 times (x 74B)
Class com.android.build.gradle.internal.tasks.ApplicationIdWriterTask$CreationAction$handleProvider$1: loaded 2 times (x 127B)
Class com.android.build.gradle.internal.services.BuiltInKotlinSupportMode$Supported   : loaded 2 times (x 71B)
Class com.android.build.api.variant.impl.VariantImpl$nativeBuildCreationConfig$2      : loaded 2 times (x 79B)
Class com.google.common.collect.Lists$ReverseList                                     : loaded 2 times (x 200B)
Class com.android.build.gradle.internal.dsl.DexOptions_Decorated                      : loaded 2 times (x 156B)
Class com.android.build.api.dsl.LintOptions                                           : loaded 2 times (x 70B)
Class com.android.build.api.dsl.BuildFeatures                                         : loaded 2 times (x 70B)
Class com.android.build.gradle.api.BaseVariantOutput                                  : loaded 2 times (x 70B)
Class com.android.build.api.dsl.AndroidSourceDirectorySet                             : loaded 2 times (x 70B)
Class [Lcom.android.resources.ResourceEnum;                                           : loaded 2 times (x 69B)
Class com.android.builder.model.ApiVersion                                            : loaded 2 times (x 70B)
Class org.jetbrains.kotlin.gradle.plugin.mpp.KotlinUsageContext$MavenScope            : loaded 2 times (x 79B)
Class com.android.build.gradle.internal.plugins.BasePlugin$dslServices$2$1            : loaded 2 times (x 79B)
Class com.android.build.gradle.internal.api.ApkVariantImpl                            : loaded 2 times (x 249B)
Class com.google.protobuf.FieldSet$FieldDescriptorLite                                : loaded 2 times (x 70B)
Class com.google.protobuf.ExtensionLite                                               : loaded 2 times (x 77B)
Class com.google.gson.internal.bind.SerializationDelegatingTypeAdapter                : loaded 2 times (x 74B)
Class com.google.gson.internal.bind.TypeAdapters$18                                   : loaded 2 times (x 75B)
Class com.google.gson.internal.bind.TypeAdapters$5                                    : loaded 2 times (x 75B)
Class com.android.build.api.variant.HasTestSuites                                     : loaded 2 times (x 70B)
Class com.android.build.api.variant.HasTestFixturesBuilder                            : loaded 2 times (x 70B)
Class com.android.build.gradle.internal.core.SettingsOptions                          : loaded 2 times (x 72B)
Class org.gradle.internal.classloader.ClassLoaderFactory                              : loaded 2 times (x 70B)
Class com.android.build.gradle.internal.utils.D8BackportedMethodsGenerator$Parameters_Decorated: loaded 2 times (x 144B)
Class com.android.build.gradle.internal.PropertiesValueSource$Params                  : loaded 2 times (x 70B)
Class com.android.build.api.component.impl.DefaultSourcesProviderImpl$defaultResSources$1: loaded 2 times (x 78B)
Class com.android.build.api.variant.SourceDirectories$Layered                         : loaded 2 times (x 70B)
Class org.gradle.api.internal.classpath.ManifestUtil                                  : loaded 2 times (x 71B)
Class com.android.build.gradle.internal.TaskManager$createDependencyStreams$1         : loaded 2 times (x 79B)
Class com.android.build.gradle.internal.tasks.BundleReportDependenciesTask$CreationAction: loaded 2 times (x 90B)
Class com.android.build.gradle.internal.tasks.BundleToApkTask$CreationAction          : loaded 2 times (x 90B)
Class com.android.build.gradle.internal.tasks.PerModuleBundleTask$CreationAction      : loaded 2 times (x 90B)
Class com.android.build.gradle.internal.tasks.AppMetadataTask                         : loaded 2 times (x 329B)
Class org.jetbrains.kotlin.gradle.plugin.sources.AbstractKotlinSourceSet              : loaded 2 times (x 141B)
Class com.android.build.api.artifact.impl.OperationRequestsImplKt$toCreate$2          : loaded 2 times (x 75B)
Class com.android.build.gradle.internal.scope.InternalArtifactType$BASE_MODULE_METADATA: loaded 2 times (x 74B)
Class com.android.build.gradle.internal.dependency.VariantDependencies$computeArtifactCollection$attributesAction$1$1: loaded 2 times (x 79B)
Class com.android.build.api.component.impl.HostTestImpl                               : loaded 2 times (x 437B)
Class com.android.build.api.variant.impl.SourcesImpl                                  : loaded 2 times (x 120B)
Class com.android.build.api.variant.impl.AndroidResourcesImpl                         : loaded 2 times (x 84B)
Class com.android.build.gradle.internal.tasks.factory.GlobalTaskCreationConfigImpl$buildToolsRevision$2: loaded 2 times (x 79B)
Class com.google.wireless.android.sdk.stats.GradleBuildProject$CompileOptions         : loaded 2 times (x 199B)
Class com.google.wireless.android.sdk.stats.GradleProjectOptionsSettingsOrBuilder     : loaded 2 times (x 70B)
Class com.android.build.gradle.internal.dsl.LintImpl$severities$2                     : loaded 2 times (x 79B)
Class com.android.build.gradle.internal.api.artifact.SourceArtifactType$AIDL          : loaded 2 times (x 74B)
Class com.android.build.gradle.internal.api.DefaultAndroidSourceFile                  : loaded 2 times (x 88B)
Class com.android.build.api.dsl.CmakeFlags                                            : loaded 2 times (x 70B)
Class com.android.build.gradle.internal.dsl.KeepRulesImpl                             : loaded 2 times (x 90B)
Class org.jetbrains.kotlin.gradle.internal.properties.NativePropertiesLoader$nativeCacheKind$1: loaded 2 times (x 75B)
Class [Lorg.jetbrains.kotlin.build.report.metrics.ValueType;                          : loaded 2 times (x 69B)
Class org.jetbrains.kotlin.gradle.internal.diagnostics.AgpCompatibilityCheck          : loaded 2 times (x 71B)
Class com.android.builder.errors.EvalIssueException                                   : loaded 2 times (x 82B)
Class com.google.gson.JsonObject                                                      : loaded 2 times (x 93B)
Class com.android.build.gradle.internal.errors.SyncIssueReporterImpl$GlobalSyncIssueService$RegistrationAction: loaded 2 times (x 74B)
Class com.android.build.gradle.internal.utils.AnalyticsSettingsUtils                  : loaded 2 times (x 71B)
Class com.google.gson.internal.bind.ReflectiveTypeAdapterFactory$FieldReflectionAdapter: loaded 2 times (x 77B)
Class com.google.gson.internal.bind.TypeAdapters$19                                   : loaded 2 times (x 75B)
Class com.google.gson.internal.bind.TypeAdapters$6                                    : loaded 2 times (x 75B)
Class com.android.ide.common.blame.Message$Kind                                       : loaded 2 times (x 79B)
Class com.android.build.gradle.internal.plugins.KotlinMultiplatformAndroidPlugin      : loaded 2 times (x 81B)
Class com.android.build.gradle.internal.plugins.BasePlugin$lintDslLifecycleRegistrar$2: loaded 2 times (x 79B)
Class com.android.build.api.variant.HasHostTestsBuilder                               : loaded 2 times (x 70B)
Class com.android.build.api.variant.ComponentBuilder                                  : loaded 2 times (x 70B)
Class com.android.build.api.dsl.SettingsExtension                                     : loaded 2 times (x 70B)
Class com.android.build.api.dsl.CommonExtension                                       : loaded 2 times (x 70B)
Class org.gradle.internal.service.CachingServiceLocator                               : loaded 2 times (x 82B)
Class com.android.ide.common.blame.SourcePosition                                     : loaded 2 times (x 71B)
Class com.android.build.gradle.internal.testing.TestData$Companion                    : loaded 2 times (x 71B)
Class com.android.build.gradle.internal.tasks.PerModuleReportDependenciesTask$CreationAction: loaded 2 times (x 90B)
Class com.android.build.gradle.internal.coverage.tasks.CodeCoverageCollectionTask$AggregatedCoverageCollectionCreationAction: loaded 2 times (x 91B)
Class com.android.build.api.artifact.impl.OperationRequestsImplKt$toAppend$1          : loaded 2 times (x 75B)
Class org.jetbrains.kotlin.gradle.plugin.KotlinTargetConfiguratorKt$WhenMappings      : loaded 2 times (x 71B)
Class org.jetbrains.kotlin.project.model.LanguageSettings                             : loaded 2 times (x 70B)
Class com.android.build.gradle.internal.component.ComponentBasedBuiltInKotlinCreationConfig$kaptKotlinSourceOutputDir$2: loaded 2 times (x 79B)
Class com.android.build.api.artifact.impl.TypedStorageProvider$getArtifact$2$1$1      : loaded 2 times (x 79B)
Class com.android.build.gradle.internal.res.ParseLibraryResourcesTask$CreateAction    : loaded 2 times (x 90B)
Class com.android.build.gradle.tasks.TestReportTask$BaseCreationAction                : loaded 2 times (x 92B)
Class com.android.build.gradle.internal.tasks.ApplicationIdWriterTask$CreationAction  : loaded 2 times (x 90B)
Class com.android.build.gradle.internal.tasks.ApkZipPackagingTask$CreationAction      : loaded 2 times (x 90B)
Class com.android.build.gradle.internal.feature.BundleAllClasses$CreationAction       : loaded 2 times (x 90B)
Class com.android.build.gradle.internal.component.AarCreationConfig                   : loaded 2 times (x 70B)
Class com.android.build.gradle.internal.dsl.TargetSdkSpecImpl$AgpDecorated            : loaded 2 times (x 85B)
Class [Lcom.android.buildanalyzer.common.TaskCategory;                                : loaded 2 times (x 69B)
Class com.android.build.gradle.internal.utils.AnalyticsEnabledValueSource$Params$Inject_: loaded 2 times (x 106B)
Class com.android.build.gradle.internal.dsl.CoreExternalNativeBuildOptions            : loaded 2 times (x 70B)
Class org.jetbrains.kotlin.gradle.targets.native.KonanPropertiesBuildService$Parameters: loaded 2 times (x 70B)
Class org.jetbrains.kotlin.gradle.internal.IsInIdeaSyncValueSource$Inject_            : loaded 2 times (x 109B)
Class org.jetbrains.kotlin.gradle.plugin.internal.CompatibilityConventionRegistrar$Factory: loaded 2 times (x 70B)
Class com.android.utils.DateProvider                                                  : loaded 2 times (x 70B)
Class com.android.build.gradle.internal.utils.AnalyticsEnabledValueSource$Params      : loaded 2 times (x 70B)
Class com.google.gson.internal.bind.TypeAdapters$7                                    : loaded 2 times (x 75B)
Class com.google.gson.internal.$Gson$Preconditions                                    : loaded 2 times (x 71B)
Class com.android.build.api.variant.HasHostTests                                      : loaded 2 times (x 70B)
Class ijInit1_9mapf2jy1kmgqns6fer79fxp2                                               : loaded 2 times (x 171B)
Class com.android.build.gradle.internal.api.UnitTestVariantImpl_Decorated             : loaded 2 times (x 264B)
Class com.android.build.gradle.internal.scope.GradleAwareFilterData                   : loaded 2 times (x 70B)
Class com.android.build.gradle.internal.dependency.AarResourcesCompilerTransform$Parameters_Decorated: loaded 2 times (x 134B)
Class com.android.build.gradle.internal.dependency.AarResourcesCompilerTransform$Parameters: loaded 2 times (x 70B)
Class com.android.build.gradle.internal.tasks.featuresplit.FeatureSplitUtils          : loaded 2 times (x 71B)
Class com.android.build.api.artifact.impl.OperationRequestsImplKt$toAppend$2          : loaded 2 times (x 75B)
Class com.android.build.gradle.internal.tasks.creationconfig.DexMergingCreationConfigKt$createDexMergingCreationConfig$1: loaded 2 times (x 119B)
Class com.android.build.api.artifact.impl.InternalScopedArtifact                      : loaded 2 times (x 74B)
Class org.jetbrains.kotlin.gradle.plugin.mpp.InternalKotlinCompilation$DefaultImpls   : loaded 2 times (x 71B)
Class org.jetbrains.kotlin.gradle.plugin.mpp.KotlinMetadataTarget                     : loaded 2 times (x 161B)
Class org.jetbrains.kotlin.gradle.plugin.mpp.compilationImpl.KotlinCompilationSourceSetInclusion$DefaultAddSourcesToCompileTask: loaded 2 times (x 74B)
Class org.jetbrains.kotlin.gradle.tasks.configuration.BaseKotlinCompileConfig$1$jvmToolchain$1: loaded 2 times (x 74B)
Class com.android.build.gradle.internal.tasks.MergeNativeLibsTask$CreationAction      : loaded 2 times (x 90B)
Class com.android.build.gradle.internal.core.dsl.impl.SigningConfigResolver           : loaded 2 times (x 72B)
Class com.android.build.gradle.internal.component.features.ResValuesCreationConfig    : loaded 2 times (x 70B)
Class com.android.build.gradle.internal.scope.InternalArtifactType                    : loaded 2 times (x 74B)
Class com.android.build.gradle.internal.dsl.SdkComponentsImpl$adb$1                   : loaded 2 times (x 75B)
Class com.android.build.gradle.internal.dsl.ManagedVirtualDeviceFactory               : loaded 2 times (x 75B)
Class com.android.build.gradle.internal.dsl.ManagedVirtualDevice                      : loaded 2 times (x 121B)
Class com.android.build.gradle.internal.api.AndroidSourceSetName                      : loaded 2 times (x 72B)
Class org.objectweb.asm.commons.InstructionAdapter                                    : loaded 2 times (x 188B)
Class com.android.build.api.dsl.BundleAbi                                             : loaded 2 times (x 70B)
Class org.jetbrains.kotlin.gradle.dsl.KotlinGradlePluginDsl                           : loaded 2 times (x 70B)
Class org.jetbrains.kotlin.tooling.core.MutableExtras                                 : loaded 2 times (x 70B)
Class org.jetbrains.kotlin.build.report.metrics.BuildTime                             : loaded 2 times (x 70B)
Class org.jetbrains.kotlin.gradle.plugin.KotlinGradleBuildServices$detectKotlinPluginLoadedInMultipleProjects$onRegister$1: loaded 2 times (x 79B)
Class com.android.build.gradle.internal.services.BuiltInKotlinServicesKt$failIfIncompatiblePluginsArePresent$1: loaded 2 times (x 74B)
Class com.android.build.gradle.internal.services.LintClassLoaderBuildService          : loaded 2 times (x 80B)
Class com.google.gson.internal.bind.CollectionTypeAdapterFactory$Adapter              : loaded 2 times (x 74B)
Class com.google.gson.internal.bind.TypeAdapters$8                                    : loaded 2 times (x 75B)
Class com.google.protobuf.CodedInputStream$StreamDecoder                              : loaded 2 times (x 120B)
Class com.android.build.gradle.options.ProjectOptionService$RegistrationAction        : loaded 2 times (x 74B)
Class com.android.build.api.variant.ApplicationVariantBuilder                         : loaded 2 times (x 70B)
Class com.android.build.gradle.internal.services.DslServices                          : loaded 2 times (x 70B)
Class org.gradle.internal.time.TimeSource                                             : loaded 2 times (x 70B)
Class com.google.common.reflect.Types$TypeVariableInvocationHandler                   : loaded 2 times (x 75B)
Class com.android.build.gradle.internal.DependencyConfigurator$Companion              : loaded 2 times (x 71B)
Class com.android.build.gradle.internal.SdkLibDataFactory$Environment$SystemProperty  : loaded 2 times (x 79B)
Class com.android.build.gradle.internal.tasks.creationconfig.ProcessTestManifestCreationConfig: loaded 2 times (x 70B)
Class com.android.build.gradle.internal.scope.InternalArtifactType$GLOBAL_SYNTHETICS_FILE_LIB: loaded 2 times (x 74B)
Class com.android.build.api.artifact.SingleArtifact$APK_FROM_BUNDLE                   : loaded 2 times (x 74B)
Class com.android.build.gradle.internal.scope.InternalArtifactType$BINARY_ART_PROFILE : loaded 2 times (x 74B)
Class com.android.build.gradle.internal.tasks.ApplicationTaskManager$createBundleTask$1: loaded 2 times (x 75B)
Class org.jetbrains.kotlin.gradle.plugin.mpp.KotlinWithJavaTarget                     : loaded 2 times (x 160B)
Class org.jetbrains.kotlin.gradle.utils.StoredPropertyKt$extrasStoredProperty$1       : loaded 2 times (x 78B)
Class org.jetbrains.kotlin.gradle.tasks.CompileUsingKotlinDaemon                      : loaded 2 times (x 70B)
Class com.android.build.gradle.internal.feature.BundleAllClasses$CreationAction$handleProvider$1: loaded 2 times (x 127B)
Class com.android.build.gradle.internal.res.ParseLibraryResourcesTask$CreateAction$handleProvider$1: loaded 2 times (x 127B)
Class com.android.build.gradle.internal.tasks.ValidateResourcesTask$CreateAction$handleProvider$1: loaded 2 times (x 127B)
Class com.android.build.gradle.tasks.TestReportTask$AggregatedTestReportCreationAction: loaded 2 times (x 92B)
Class com.android.build.api.component.impl.features.NativeBuildCreationConfigImpl$externalNativeBuild$2: loaded 2 times (x 79B)
Class [Lcom.android.build.VariantOutput$FilterType;                                   : loaded 2 times (x 69B)
Class com.android.build.api.variant.impl.ApplicationVariantImpl$androidResources$2    : loaded 2 times (x 79B)
Class com.android.build.api.variant.ApkOutputProviders                                : loaded 2 times (x 70B)
Class com.android.build.gradle.internal.core.dsl.ComponentDslInfo$DslDefinedHostTest  : loaded 2 times (x 72B)
Class com.android.build.gradle.internal.core.dsl.impl.features.OptimizationDslInfoImpl$mergeOptions$1: loaded 2 times (x 78B)
Class com.android.build.gradle.internal.tasks.BuildAnalyzer                           : loaded 2 times (x 70B)
Class com.android.builder.signing.DefaultSigningConfig$DebugSigningConfig             : loaded 2 times (x 72B)
Class com.android.build.gradle.internal.core.dsl.impl.features.DeviceTestOptionsDslInfoImpl: loaded 2 times (x 84B)
Class com.android.build.gradle.internal.core.dsl.features.TestOptionsDslInfo          : loaded 2 times (x 70B)
Class com.android.build.gradle.internal.dsl.DexPackagingImpl$AgpDecorated             : loaded 2 times (x 83B)
Class com.android.build.gradle.internal.dsl.BundleOptionsDensity$AgpDecorated         : loaded 2 times (x 81B)
Class com.android.build.VariantOutput                                                 : loaded 2 times (x 70B)
Class com.android.build.api.artifact.Artifact$Single                                  : loaded 2 times (x 74B)
Class com.android.build.api.dsl.Optimization                                          : loaded 2 times (x 70B)
Class com.android.build.gradle.internal.dsl.DependenciesInfoImpl                      : loaded 2 times (x 81B)
Class com.android.build.api.dsl.TestProductFlavor                                     : loaded 2 times (x 70B)
Class com.android.build.gradle.internal.services.BuiltInKotlinServicesKt$initBuiltInKaptSupportIfRequired$1: loaded 2 times (x 75B)
Class org.jetbrains.kotlin.gradle.plugin.KotlinPluginLifecycle$IllegalLifecycleException: loaded 2 times (x 82B)
Class org.jetbrains.kotlin.gradle.internal.properties.NativePropertiesLoader$userProvidedNativeHome$1: loaded 2 times (x 75B)
Class [Lorg.jetbrains.kotlin.build.report.metrics.BuildPerformanceMetric;             : loaded 2 times (x 69B)
Class org.jetbrains.kotlin.gradle.plugin.KotlinGradleFinishBuildHandler               : loaded 2 times (x 72B)
Class org.jetbrains.kotlin.gradle.dsl.KotlinTopLevelExtension                         : loaded 2 times (x 70B)
Class com.android.build.gradle.internal.services.BuiltInKotlinServicesKt$failIfIncompatiblePluginsArePresent$2: loaded 2 times (x 74B)
Class com.android.build.gradle.internal.services.AndroidLocationsBuildService$AndroidDirectoryCreator$Params$Inject_: loaded 2 times (x 108B)
Class com.android.prefs.LocationValue                                                 : loaded 2 times (x 70B)
Class com.android.build.gradle.internal.services.Aapt2ThreadPoolBuildService$RegistrationAction: loaded 2 times (x 74B)
Class com.android.sdklib.AndroidVersion$PreviewType                                   : loaded 2 times (x 79B)
Class com.android.build.gradle.internal.res.Aapt2FromMaven$Companion$DefaultAapt2Version: loaded 2 times (x 71B)
Class com.google.gson.internal.bind.TypeAdapters$9                                    : loaded 2 times (x 75B)
Class com.android.build.gradle.internal.AvdComponentsBuildService                     : loaded 2 times (x 76B)
Class com.android.build.gradle.internal.services.FakeDependencyJarBuildService$Params : loaded 2 times (x 70B)
Class com.android.build.gradle.internal.plugins.DynamicFeaturePlugin                  : loaded 2 times (x 96B)
Class org.gradle.tooling.internal.gradle.GradleBuildIdentity                          : loaded 2 times (x 70B)
Class kotlin.enums.EnumEntries                                                        : loaded 2 times (x 70B)
Class com.android.build.gradle.internal.publishing.AppVariantSpecBuilder              : loaded 2 times (x 90B)
Class com.android.build.gradle.internal.dependency.DexingOutputSplitTransform$Parameters_Decorated: loaded 2 times (x 135B)
Class com.android.build.gradle.internal.dependency.DexingOutputSplitTransform$Parameters: loaded 2 times (x 70B)
Class com.android.build.api.variant.impl.ManifestFilesImpl$allStatic$1                : loaded 2 times (x 74B)
Class com.android.build.gradle.internal.tasks.ApplicationTaskManager$createBundleTask$2: loaded 2 times (x 75B)
Class com.android.build.gradle.internal.tasks.creationconfig.DexMergingCreationConfigKt: loaded 2 times (x 71B)
Class org.jetbrains.kotlin.gradle.utils.StoredLazyProperty$getValue$1                 : loaded 2 times (x 79B)
Class org.jetbrains.kotlin.gradle.plugin.mpp.KotlinTargetWithBinaries                 : loaded 2 times (x 157B)
Class org.jetbrains.kotlin.gradle.plugin.ProjectLocalConfigurationsKt                 : loaded 2 times (x 71B)
Class [Lorg.jetbrains.kotlin.gradle.plugin.KotlinSourceSet;                           : loaded 2 times (x 69B)
Class org.jetbrains.kotlin.gradle.plugin.mpp.compilationImpl.factory.KotlinCompilationImplFactory: loaded 2 times (x 72B)
Class com.android.build.api.artifact.impl.TypedStorageProvider$getArtifact$2$1        : loaded 2 times (x 79B)
Class com.android.build.gradle.tasks.JavaPreCompileTask$CreationAction                : loaded 2 times (x 90B)
Class com.android.build.gradle.internal.publishing.AndroidArtifacts                   : loaded 2 times (x 71B)
Class com.android.build.gradle.internal.dependency.ConstraintHandler$checkConfigurationAlignments$1: loaded 2 times (x 75B)
Class com.android.build.gradle.internal.core.dsl.impl.features.OptimizationDslInfoImpl$mergeOptions$2: loaded 2 times (x 78B)
Class com.android.build.gradle.internal.dsl.MinSdkDelegate$minSdk$2$1                 : loaded 2 times (x 79B)
Class com.android.build.gradle.internal.core.SettingsOptionsKt                        : loaded 2 times (x 71B)
Class com.android.build.gradle.internal.dsl.BundleOptionsCodeTransparency$AgpDecorated: loaded 2 times (x 81B)
Class com.android.build.gradle.internal.api.artifact.SourceArtifactType$JAVA_RESOURCES: loaded 2 times (x 74B)
Class com.android.build.gradle.api.AndroidSourceFile                                  : loaded 2 times (x 70B)
Class org.objectweb.asm.commons.LocalVariablesSorter                                  : loaded 2 times (x 110B)
Class com.android.build.api.dsl.ViewBinding                                           : loaded 2 times (x 70B)
Class com.android.build.gradle.internal.dsl.DexPackagingImpl                          : loaded 2 times (x 70B)
Class com.android.build.gradle.internal.dsl.AssetPackBundleExtensionImpl              : loaded 2 times (x 70B)
Class com.android.build.gradle.internal.dsl.decorator.SupportedPropertyType$Var$String: loaded 2 times (x 74B)
Class org.jetbrains.kotlin.gradle.plugin.PropertiesProvider$localProperties$2         : loaded 2 times (x 79B)
Class com.android.build.gradle.internal.services.BuiltInKotlinServicesKt$failIfIncompatiblePluginsArePresent$3: loaded 2 times (x 74B)
Class com.android.build.gradle.internal.services.BuiltInKotlinServices$AvailabilityReason: loaded 2 times (x 70B)
Class com.android.prefs.PathLocator                                                   : loaded 2 times (x 73B)
Class org.jetbrains.kotlin.gradle.plugin.internal.CustomPropertiesFileValueSource$Parameters$Inject_: loaded 2 times (x 106B)
Class com.android.build.gradle.internal.profile.NoOpAnalyticsConfiguratorService      : loaded 2 times (x 82B)
Class com.android.tools.analytics.AnalyticsSettingsData$DataTypeAdapter               : loaded 2 times (x 73B)
Class com.google.gson.JsonParseException                                              : loaded 2 times (x 82B)
Class org.jetbrains.kotlin.gradle.report.BuildReportType                              : loaded 2 times (x 79B)
Class org.gradle.internal.exceptions.ResolutionProvider                               : loaded 2 times (x 70B)
Class org.gradle.kotlin.dsl.TestImplementationConfigurationAccessorsKt                : loaded 2 times (x 71B)
Class com.android.build.gradle.internal.ide.FilterDataImpl                            : loaded 2 times (x 80B)
Class com.android.build.gradle.internal.dependency.AarToClassTransform$Companion      : loaded 2 times (x 71B)
Class com.android.build.gradle.internal.scope.InternalArtifactType$ANALYZE_DEPENDENCIES_REPORT: loaded 2 times (x 74B)
Class com.android.build.gradle.internal.HostTestTaskManager$setupAssembleTasks$1      : loaded 2 times (x 75B)
Class com.android.build.gradle.internal.testing.utp.UtpTestUtilsKt$maybeCreateUtpConfigurations$1$1: loaded 2 times (x 74B)
Class com.android.build.gradle.internal.tasks.ExtractVersionControlInfoTask$CreationAction$handleProvider$1: loaded 2 times (x 127B)
Class com.android.build.gradle.internal.tasks.PackageBundleTask$CreationAction$handleProvider$1: loaded 2 times (x 127B)
Class com.android.build.gradle.internal.tasks.DexFileDependenciesTask$CreationAction$handleProvider$1: loaded 2 times (x 127B)
Class com.android.build.gradle.tasks.KotlinCompileCreationAction                      : loaded 2 times (x 76B)
Class com.android.build.gradle.internal.scope.InternalArtifactType$SYMBOL_LIST_WITH_PACKAGE_NAME: loaded 2 times (x 74B)
Class com.android.build.gradle.internal.scope.InternalArtifactType$MERGED_MANIFESTS   : loaded 2 times (x 74B)
Class com.android.build.gradle.internal.VariantManager$createVariantsFromCombination$variantExtensionConfig$1: loaded 2 times (x 78B)
Class com.android.build.gradle.internal.core.dsl.impl.features.AndroidResourcesDslInfoImpl: loaded 2 times (x 81B)
Class com.android.build.api.component.impl.DeviceTestImpl$dexing$2                    : loaded 2 times (x 79B)
Class com.android.build.gradle.internal.core.dsl.ComponentDslInfo$DslDefinedDeviceTest: loaded 2 times (x 72B)
Class com.android.build.gradle.internal.lint.LintTaskManager$createBeforeEvaluateLintTasks$1: loaded 2 times (x 75B)
Class com.android.build.gradle.internal.lint.LintTaskManager$Companion                : loaded 2 times (x 71B)
Class com.android.build.gradle.internal.crash.ExternalApiUsageException               : loaded 2 times (x 82B)
Class [Lcom.android.build.api.variant.ScopedArtifacts$Scope;                          : loaded 2 times (x 69B)
Class com.android.build.gradle.api.ApplicationVariant                                 : loaded 2 times (x 70B)
Class com.android.build.gradle.internal.dsl.BundleOptionsCountrySet$AgpDecorated      : loaded 2 times (x 85B)
Class com.android.build.gradle.internal.dsl.EmulatorControl$AgpDecorated              : loaded 2 times (x 88B)
Class com.android.build.api.dsl.MinSdkSpec                                            : loaded 2 times (x 70B)
Class com.android.build.gradle.internal.dsl.JUnitEngineSpecImpl                       : loaded 2 times (x 84B)
Class com.android.build.gradle.internal.dsl.ApplicationPublishingImpl                 : loaded 2 times (x 81B)
Class org.jetbrains.kotlin.gradle.utils.WhenPluginEnabledKt$whenPluginsEnabled$1      : loaded 2 times (x 75B)
Class [Lorg.jetbrains.kotlin.gradle.report.BuildReportType;                           : loaded 2 times (x 69B)
Class org.jetbrains.kotlin.gradle.internal.properties.PropertiesBuildService$localProperties$2: loaded 2 times (x 79B)
Class org.jetbrains.kotlin.gradle.tasks.AbstractKotlinCompileTool                     : loaded 2 times (x 363B)
Class com.android.build.gradle.internal.errors.IncompatibleProjectOptionsReporter     : loaded 2 times (x 71B)
Class com.google.wireless.android.sdk.stats.GradleBuildVariantOrBuilder               : loaded 2 times (x 70B)
Class com.android.build.gradle.internal.profile.AnalyticsService$Params_Decorated     : loaded 2 times (x 151B)
Class com.android.sdklib.AndroidVersion                                               : loaded 2 times (x 75B)
Class com.android.build.api.variant.GeneratesApkBuilder                               : loaded 2 times (x 70B)
Class com.android.Version                                                             : loaded 2 times (x 71B)
Class jdk.internal.jimage.ImageBufferCache                                            : loaded 2 times (x 71B)
Class jdk.internal.jrtfs.JrtPath                                                      : loaded 2 times (x 118B)
Class org.gradle.tooling.model.ProjectIdentifier                                      : loaded 2 times (x 70B)
Class com.google.common.reflect.Types$ClassOwnership$1LocalClass                      : loaded 2 times (x 71B)
Class org.gradle.internal.classloader.ClasspathUtil                                   : loaded 2 times (x 71B)
Class com.android.build.gradle.internal.tasks.factory.BootClasspathConfigImpl$bootClasspath$2$1: loaded 2 times (x 127B)
Class com.android.build.gradle.internal.HostTestTaskManager$setupAssembleTasks$2      : loaded 2 times (x 75B)
Class com.android.build.api.component.impl.DefaultSourcesProviderImpl$defaultJavaSources$1: loaded 2 times (x 78B)
Class com.android.build.gradle.internal.tasks.DexFileDependenciesTask$CreationAction$handleProvider$2: loaded 2 times (x 127B)
Class com.android.build.gradle.internal.scope.InternalArtifactType$PROJECT_DEX_ARCHIVE: loaded 2 times (x 74B)
Class org.jetbrains.kotlin.gradle.utils.StringUtilsKt$lowerCamelCaseName$1            : loaded 2 times (x 125B)
Class org.jetbrains.kotlin.gradle.plugin.mpp.compilationImpl.DefaultKotlinCompilationFriendPathsResolver$DefaultFriendArtifactResolver: loaded 2 times (x 74B)
Class org.jetbrains.kotlin.gradle.dsl.KotlinCompile                                   : loaded 2 times (x 70B)
Class org.jetbrains.kotlin.gradle.plugin.internal.DefaultConfigurationCacheStartParameterAccessor_Decorated: loaded 2 times (x 121B)
Class org.jetbrains.kotlin.gradle.plugin.internal.DefaultConfigurationCacheStartParameterAccessor: loaded 2 times (x 77B)
Class com.android.build.gradle.tasks.KotlinCompileCreationAction$getTaskProvider$1    : loaded 2 times (x 79B)
Class com.android.build.gradle.internal.component.ComponentBasedBuiltInKotlinCreationConfig$kaptSourceOutputDir$2: loaded 2 times (x 79B)
Class com.android.build.gradle.tasks.ManifestProcessorTask                            : loaded 2 times (x 331B)
Class com.android.build.gradle.internal.VariantManager$createVariantsFromCombination$8: loaded 2 times (x 79B)
Class com.android.build.api.variant.impl.MetadataRecord                               : loaded 2 times (x 72B)
Class com.android.build.gradle.internal.component.features.AndroidResourcesCreationConfig: loaded 2 times (x 70B)
Class com.android.build.gradle.internal.dsl.ApplicationExtensionImpl$sam$org_gradle_api_Action$0: loaded 2 times (x 75B)
Class com.android.build.gradle.internal.dsl.ApplicationPublishingImpl$AgpDecorated_Decorated: loaded 2 times (x 130B)
Class com.google.common.base.Charsets                                                 : loaded 2 times (x 71B)
Class com.android.build.api.dsl.ComposeOptions                                        : loaded 2 times (x 70B)
Class com.android.build.gradle.internal.dsl.NdkOptions$DebugSymbolLevel               : loaded 2 times (x 79B)
Class org.jetbrains.kotlin.gradle.targets.native.KonanPropertiesBuildService$Companion$registerIfAbsent$2$1: loaded 2 times (x 79B)
Class com.android.build.api.dsl.VectorDrawables                                       : loaded 2 times (x 70B)
Class com.android.build.gradle.internal.dsl.ViewBindingOptionsImpl                    : loaded 2 times (x 84B)
Class com.android.build.gradle.internal.dsl.ResourcesPackagingImpl                    : loaded 2 times (x 82B)
Class com.android.build.gradle.internal.dsl.BundleOptions                             : loaded 2 times (x 135B)
Class com.android.build.gradle.internal.services.BuiltInKotlinServicesKt$initBuiltInKotlinSupportIfRequired$3: loaded 2 times (x 75B)
Class org.jetbrains.kotlin.gradle.dsl.JvmTarget$Companion                             : loaded 2 times (x 71B)
Class org.jetbrains.kotlin.gradle.internal.properties.NativePropertiesLoader$downloadFromMaven$1: loaded 2 times (x 75B)
Class com.android.build.api.dsl.JUnitEngineSpec                                       : loaded 2 times (x 70B)
Class com.android.build.gradle.internal.SdkComponentsBuildService$Parameters          : loaded 2 times (x 70B)
Class com.android.build.gradle.internal.services.AndroidLocationsBuildService$androidLocations$1$1: loaded 2 times (x 75B)
Class com.android.build.gradle.options.FeatureStage$Supported                         : loaded 2 times (x 72B)
Class com.google.common.util.concurrent.MoreExecutors                                 : loaded 2 times (x 71B)
Class com.android.builder.model.v2.ide.ProjectType                                    : loaded 2 times (x 79B)
Class com.android.build.api.variant.impl.DirectoryEntry$Kind                          : loaded 2 times (x 79B)
Class com.android.build.api.variant.impl.FlatSourceDirectoriesImpl                    : loaded 2 times (x 93B)
Class com.android.build.gradle.internal.scope.InternalArtifactType$COMPILE_SYMBOL_LIST: loaded 2 times (x 74B)
Class com.android.build.api.artifact.impl.InAndOutDirectoryOperationRequestImpl$Companion$initializeInput$1: loaded 2 times (x 75B)
Class com.android.build.gradle.internal.core.dsl.HostTestComponentDslInfo             : loaded 2 times (x 70B)
Class [Lcom.android.build.api.variant.VariantOutputConfiguration$OutputType;          : loaded 2 times (x 69B)
Class com.android.build.api.component.impl.AnnotationProcessorImpl                    : loaded 2 times (x 77B)
Class com.android.build.api.variant.impl.PackagingImpl                                : loaded 2 times (x 80B)
Class [Lcom.android.build.gradle.internal.profile.ProfilingMode;                      : loaded 2 times (x 69B)
Class com.android.build.gradle.internal.dsl.TargetSdkVersionImpl                      : loaded 2 times (x 76B)
Class com.android.build.gradle.internal.TaskManager$ConfigAttrTask                    : loaded 2 times (x 312B)
Class com.android.builder.core.AbstractBuildType$Companion                            : loaded 2 times (x 71B)
Class com.android.builder.testing.api.TestServer                                      : loaded 2 times (x 74B)
Class com.android.build.gradle.internal.dsl.ShaderOptions_Decorated                   : loaded 2 times (x 131B)
Class com.android.build.gradle.internal.dsl.ApplicationBuildFeaturesImpl_Decorated    : loaded 2 times (x 170B)
Class com.android.build.api.dsl.KmpOptimization                                       : loaded 2 times (x 70B)
Class com.android.build.gradle.internal.dsl.decorator.SupportedPropertyType$Var       : loaded 2 times (x 74B)
Class com.android.builder.signing.DefaultSigningConfig                                : loaded 2 times (x 109B)
Class org.jetbrains.kotlin.gradle.plugin.internal.DefaultProjectIsolationStartParameterAccessor: loaded 2 times (x 77B)
Class org.jetbrains.kotlin.gradle.utils.GradleConfigurationUtilsKt$addGradlePluginMetadataAttributes$1: loaded 2 times (x 75B)
Class org.jetbrains.kotlin.gradle.plugin.KaptExtension                                : loaded 2 times (x 136B)
Class org.jetbrains.kotlin.gradle.dsl.KotlinAndroidExtension                          : loaded 2 times (x 70B)
Class org.jetbrains.kotlin.gradle.plugin.AbstractKotlinMultiplatformPluginWrapper     : loaded 2 times (x 86B)
Class com.android.build.gradle.internal.services.LintClassLoaderBuildService$RegistrationAction: loaded 2 times (x 74B)
Class com.android.build.gradle.internal.utils.GradleEnvironmentProvider               : loaded 2 times (x 70B)
Class [Lcom.google.wireless.android.sdk.stats.GradleBuildProfileSpan$ExecutionType;   : loaded 2 times (x 69B)
Class com.android.tools.analytics.HostData$garbageCollectorBeans$2                    : loaded 2 times (x 78B)
Class com.android.build.gradle.internal.utils.AnalyticsSettingsUtils$analyticsEnabledProvider$1: loaded 2 times (x 74B)
Class com.android.build.gradle.internal.dsl.JniLibsPackagingImpl$AgpDecorated_Decorated: loaded 2 times (x 138B)
Class com.android.utils.Environment$Companion$SYSTEM$1                                : loaded 2 times (x 74B)
Class com.android.build.gradle.internal.TaskManager                                   : loaded 2 times (x 82B)
Class com.android.build.gradle.AppPluginKt                                            : loaded 2 times (x 71B)
Class org.gradle.internal.time.TimeSource$1                                           : loaded 2 times (x 77B)
Class kotlin.jvm.internal.DefaultConstructorMarker                                    : loaded 2 times (x 71B)
Class org.gradle.api.specs.Spec                                                       : loaded 2 times (x 70B)
Class com.android.build.gradle.internal.dependency.BaseDexingTransform$Parameters     : loaded 2 times (x 70B)
Class com.android.build.gradle.internal.dependency.AarToClassTransform$Inject_1       : loaded 2 times (x 109B)
Class com.android.build.gradle.internal.tasks.CheckJetifierTask                       : loaded 2 times (x 323B)
Class com.android.build.api.variant.ManifestFiles                                     : loaded 2 times (x 70B)
Class com.android.build.api.variant.LibraryVariant                                    : loaded 2 times (x 70B)
Class com.android.build.gradle.internal.tasks.GlobalSyntheticsMergeTask$CreationAction$handleProvider$1: loaded 2 times (x 127B)
Class com.android.build.gradle.internal.scope.InternalArtifactType$INTERMEDIARY_BUNDLE: loaded 2 times (x 74B)
Class org.jetbrains.kotlin.gradle.plugin.mpp.compilationImpl.KotlinCompilationImpl$Params: loaded 2 times (x 72B)
Class com.android.build.gradle.tasks.KotlinTaskCreationAction$registerTask$1          : loaded 2 times (x 75B)
Class org.jetbrains.kotlin.gradle.tasks.configuration.BaseKotlinCompileConfig$Companion: loaded 2 times (x 71B)
Class com.android.build.api.variant.ResourcesPackaging                                : loaded 2 times (x 70B)
Class com.android.build.gradle.internal.tasks.creationconfig.ProcessJavaResCreationConfig: loaded 2 times (x 70B)
Class com.android.build.gradle.internal.VariantTaskManager$checkMultidexDependency$1  : loaded 2 times (x 78B)
Class com.android.build.gradle.internal.tasks.factory.TaskConfigAction                : loaded 2 times (x 70B)
Class com.android.build.gradle.internal.dsl.AndroidTestImpl$AgpDecorated_Decorated    : loaded 2 times (x 125B)
Class com.android.build.gradle.internal.ide.v2.NativeModelBuilder$configurationModels$2: loaded 2 times (x 79B)
Class com.android.build.api.artifact.impl.ScopedArtifactsImpl                         : loaded 2 times (x 75B)
Class com.android.build.api.artifact.impl.ArtifactsImpl                               : loaded 2 times (x 81B)
Class com.android.build.gradle.internal.core.ToolExecutionOptions                     : loaded 2 times (x 72B)
Class com.android.build.gradle.LintLifecycleExtensionImpl                             : loaded 2 times (x 80B)
Class com.android.build.gradle.internal.api.artifact.SourceArtifactType$JNI_LIBS      : loaded 2 times (x 74B)
Class com.android.build.gradle.internal.dsl.CoreShaderOptions                         : loaded 2 times (x 70B)
Class com.android.build.gradle.internal.dsl.decorator.SupportedPropertyType$Var$Custom: loaded 2 times (x 74B)
Class com.android.build.gradle.internal.dsl.AgpDslLockedException                     : loaded 2 times (x 82B)
Class com.android.build.gradle.internal.plugins.BasePlugin$variantInputModel$2$1      : loaded 2 times (x 79B)
Class org.jetbrains.kotlin.gradle.targets.native.toolchain.KotlinNativeBundleBuildService$Companion$registerIfAbsent$2$1: loaded 2 times (x 79B)
Class org.jetbrains.kotlin.build.report.metrics.GradleBuildPerformanceMetric$Companion: loaded 2 times (x 71B)
Class org.jetbrains.kotlin.gradle.plugin.internal.MavenPublicationComponentAccessor$Factory: loaded 2 times (x 70B)
Class com.android.build.gradle.internal.services.Aapt2DaemonBuildService              : loaded 2 times (x 80B)
Class com.android.build.gradle.internal.ide.v2.GlobalSyncService                      : loaded 2 times (x 80B)
Class [Lcom.google.protobuf.ProtocolMessageEnum;                                      : loaded 2 times (x 69B)
Class com.google.protobuf.LazyStringArrayList                                         : loaded 2 times (x 314B)
Class com.android.build.gradle.internal.scope.ProjectInfo                             : loaded 2 times (x 72B)
Class com.google.gson.internal.sql.SqlDateTypeAdapter                                 : loaded 2 times (x 74B)
Class com.android.build.gradle.internal.dsl.DexOptions                                : loaded 2 times (x 103B)
Class com.android.build.api.variant.HasAndroidResources                               : loaded 2 times (x 70B)
Class com.android.build.gradle.internal.component.VariantCreationConfig               : loaded 2 times (x 70B)
Class com.android.build.api.variant.VariantBuilder                                    : loaded 2 times (x 70B)
Class com.android.build.gradle.internal.dsl.InternalApplicationExtension              : loaded 2 times (x 70B)
Class sync_studio_tooling7_3l8etl4nhz5j289w7bn3oehvk                                  : loaded 2 times (x 171B)
Class com.google.common.reflect.Types$JavaVersion                                     : loaded 2 times (x 83B)
Class com.android.build.gradle.internal.dependency.CollectClassesTransform$Inject_1   : loaded 2 times (x 109B)
Class com.android.build.gradle.internal.dependency.PlatformAttrTransform$Inject_1     : loaded 2 times (x 109B)
Class [Lcom.android.build.gradle.internal.SdkLibDataFactory$Environment$SystemProperty;: loaded 2 times (x 69B)
Class com.android.build.gradle.tasks.AnalyzeDependenciesTask$CreationAction$handleProvider$1: loaded 2 times (x 127B)
Class com.android.build.gradle.internal.testing.utp.UtpTestUtilsKt                    : loaded 2 times (x 71B)
Class com.android.build.gradle.internal.test.TestDataImpl$libraryType$1               : loaded 2 times (x 79B)
Class com.android.build.api.variant.impl.ManifestFilesImpl$addSource$1                : loaded 2 times (x 75B)
Class org.jetbrains.kotlin.tooling.core.ExtrasLazyProperty                            : loaded 2 times (x 70B)
Class org.jetbrains.kotlin.gradle.utils.StringUtilsKt                                 : loaded 2 times (x 71B)
Class com.android.build.gradle.internal.VariantTaskManager$checkMultidexDependency$2  : loaded 2 times (x 78B)
Class com.android.build.gradle.internal.HostTestTaskManager                           : loaded 2 times (x 82B)
Class com.android.build.api.variant.impl.AndroidResourcesImplKt                       : loaded 2 times (x 71B)
Class com.android.build.gradle.internal.core.dsl.impl.InstrumentedTestDslInfoImpl$functionalTest$2: loaded 2 times (x 74B)
Class com.android.build.VariantOutput$FilterType                                      : loaded 2 times (x 79B)
Class com.android.build.gradle.internal.variant.VariantPathHelper$apkLocation$2       : loaded 2 times (x 79B)
Class com.android.build.api.attributes.BuildTypeAttr$ImplFactory                      : loaded 2 times (x 75B)
Class com.android.builder.errors.IssueReporter$Type                                   : loaded 2 times (x 79B)
Class com.android.build.api.variant.AndroidResourcesBuilder                           : loaded 2 times (x 70B)
Class com.android.build.gradle.api.AndroidBasePlugin                                  : loaded 2 times (x 74B)
Class com.android.build.gradle.internal.plugins.AppPlugin$ApplicationAndroidComponentsExtensionImplCompat_Decorated: loaded 2 times (x 162B)
Class com.android.build.gradle.internal.dsl.AbiSplitOptions$AgpDecorated              : loaded 2 times (x 98B)
Class com.android.build.api.artifact.Artifact$Category                                : loaded 2 times (x 79B)
Class com.android.build.gradle.internal.dsl.FusedLibraryExtensionImpl                 : loaded 2 times (x 104B)
Class com.android.build.gradle.internal.dsl.BundleOptionsAiModelVersion               : loaded 2 times (x 81B)
Class com.android.build.api.dsl.Publishing                                            : loaded 2 times (x 70B)
Class com.android.build.api.dsl.TargetSdkVersion                                      : loaded 2 times (x 70B)
Class org.jetbrains.kotlin.gradle.utils.CompletableFuture                             : loaded 2 times (x 70B)
Class org.jetbrains.kotlin.build.report.metrics.BuildPerformanceMetric                : loaded 2 times (x 70B)
Class org.jetbrains.kotlin.gradle.plugin.internal.JavaExecTaskParametersCompatibility : loaded 2 times (x 70B)
Class [Lcom.android.build.gradle.internal.profile.AnalyticsConfiguratorService$State; : loaded 2 times (x 69B)
Class com.android.build.api.artifact.impl.StorageProviderImpl                         : loaded 2 times (x 72B)
Class com.google.protobuf.UninitializedMessageException                               : loaded 2 times (x 84B)
Class Build_gradle$1                                                                  : loaded 2 times (x 74B)
Class com.android.build.gradle.internal.api.TestVariantImpl_Decorated                 : loaded 2 times (x 307B)
Class com.android.build.gradle.internal.dependency.EnumerateClassesTransform          : loaded 2 times (x 78B)
Class com.android.build.api.component.impl.DefaultSourcesProviderImpl$getJniLibs$1    : loaded 2 times (x 127B)
Class com.android.build.gradle.internal.tasks.LintCompile                             : loaded 2 times (x 320B)
Class com.android.build.gradle.internal.tasks.TestPreBuildTask$CreationAction         : loaded 2 times (x 91B)
Class com.android.build.gradle.internal.publishing.ArtifactCategory                   : loaded 2 times (x 79B)
Class com.android.build.gradle.internal.core.dsl.impl.AndroidTestComponentDslInfoImpl$dexingDslInfo$2: loaded 2 times (x 79B)
Class com.android.build.api.variant.TestSuite                                         : loaded 2 times (x 70B)
Class com.android.build.api.variant.ApplicationAndroidResources                       : loaded 2 times (x 70B)
Class com.android.build.api.variant.impl.ApplicationVariantBuilderImpl$deviceTests$1  : loaded 2 times (x 79B)
Class com.android.build.gradle.internal.plugins.BasePlugin$createTasks$2$1            : loaded 2 times (x 75B)
Class com.android.build.gradle.internal.ide.v2.NativeModelBuilder                     : loaded 2 times (x 87B)
Class com.google.wireless.android.sdk.stats.GradleBuildProject$1                      : loaded 2 times (x 76B)
Class com.android.build.gradle.internal.dsl.TestOptions$UnitTestOptions               : loaded 2 times (x 84B)
Class com.android.build.api.dsl.MultiDexConfig                                        : loaded 2 times (x 70B)
Class com.android.build.gradle.internal.dsl.AbiSplitOptions                           : loaded 2 times (x 95B)
Class com.android.build.gradle.api.BaseVariant                                        : loaded 2 times (x 70B)
Class org.jetbrains.kotlin.gradle.plugin.AndroidProjectHandler                        : loaded 2 times (x 72B)
Class org.jetbrains.kotlin.gradle.plugin.KotlinTarget                                 : loaded 2 times (x 70B)
Class com.android.build.gradle.internal.services.BuiltInKotlinServicesKt              : loaded 2 times (x 71B)
Class com.android.build.gradle.internal.profile.AnalyticsConfiguratorService$Params   : loaded 2 times (x 70B)
Class com.android.build.gradle.internal.lint.LintFromMaven                            : loaded 2 times (x 72B)
Class com.google.gson.internal.bind.ReflectiveTypeAdapterFactory$RecordAdapter        : loaded 2 times (x 77B)
Class jdk.internal.jimage.decompressor.ResourceDecompressorRepository                 : loaded 2 times (x 71B)
Class com.intellij.gradle.toolingExtension.impl.model.utilDummyModel.DummyModel       : loaded 2 times (x 70B)
Class ijInit1_9mapf2jy1kmgqns6fer79fxp2$_run_closure1                                 : loaded 2 times (x 140B)
Class org.gradle.internal.time.Clock                                                  : loaded 2 times (x 70B)
Class com.google.common.reflect.Invokable$MethodInvokable                             : loaded 2 times (x 107B)
Class com.android.build.gradle.internal.SdkLibDataFactory$Environment                 : loaded 2 times (x 72B)
Class com.android.build.gradle.internal.test.TestDataImpl                             : loaded 2 times (x 109B)
Class com.android.build.gradle.internal.tasks.BundleIdeModelProducerTask              : loaded 2 times (x 328B)
Class org.jetbrains.kotlin.gradle.plugin.mpp.compilationImpl.KotlinCompilationSourceSetsContainer: loaded 2 times (x 70B)
Class org.jetbrains.kotlin.gradle.plugin.diagnostics.KotlinToolingDiagnosticsCollector$Parameter: loaded 2 times (x 70B)
Class org.jetbrains.kotlin.gradle.plugin.diagnostics.KotlinToolingDiagnosticsCollectorKt$kotlinToolingDiagnosticsCollectorProvider$1: loaded 2 times (x 75B)
Class org.jetbrains.kotlin.compilerRunner.CompilerSystemPropertiesService$Parameters  : loaded 2 times (x 70B)
Class com.android.build.api.artifact.ScopedArtifact                                   : loaded 2 times (x 74B)
Class com.android.build.gradle.internal.scope.InternalMultipleArtifactType$AGGREGATED_CODE_COVERAGE_DATA: loaded 2 times (x 74B)
Class com.android.build.api.variant.ApplicationAndroidResourcesBuilder                : loaded 2 times (x 70B)
Class com.android.build.gradle.internal.core.dsl.impl.DslInfoBuilder$computeNames$1   : loaded 2 times (x 79B)
Class com.android.build.gradle.internal.ide.v2.ModelBuilder                           : loaded 2 times (x 80B)
Class com.google.wireless.android.sdk.stats.GradleBuildProject$2                      : loaded 2 times (x 151B)
Class com.android.build.gradle.internal.scope.BuildFeatureValues                      : loaded 2 times (x 70B)
Class com.android.build.gradle.internal.dsl.JniLibsPackagingImpl$AgpDecorated         : loaded 2 times (x 93B)
Class com.android.build.api.artifact.ArtifactKind$FILE                                : loaded 2 times (x 72B)
Class com.android.build.gradle.internal.dsl.AnnotationProcessorOptions                : loaded 2 times (x 102B)
Class com.android.build.gradle.internal.dsl.AarMetadataImpl                           : loaded 2 times (x 70B)
Class com.android.build.gradle.internal.dsl.decorator.SupportedPropertyType$Var$Boolean: loaded 2 times (x 74B)
Class com.android.build.gradle.internal.dsl.VariantDimensionBinaryCompatibilityFix    : loaded 2 times (x 70B)
Class org.jetbrains.kotlin.gradle.plugin.ProjectLocalConfigurations                   : loaded 2 times (x 71B)
Class org.jetbrains.kotlin.gradle.plugin.mpp.KotlinUsages$KotlinUsagesDisambiguation  : loaded 2 times (x 76B)
Class org.jetbrains.kotlin.tooling.core.Extras$Key$Companion                          : loaded 2 times (x 71B)
Class org.jetbrains.kotlin.tooling.core.Extras$Key                                    : loaded 2 times (x 72B)
Class com.android.build.gradle.internal.utils.GradleEnvironmentProviderImpl           : loaded 2 times (x 76B)
Class com.google.protobuf.Internal$LongList                                           : loaded 2 times (x 70B)
Class com.google.gson.internal.$Gson$Types                                            : loaded 2 times (x 71B)
Class com.google.gson.JsonDeserializer                                                : loaded 2 times (x 70B)
Class com.google.gson.JsonIOException                                                 : loaded 2 times (x 82B)
Class com.android.build.gradle.internal.manifest.ManifestValueSource$Params_Decorated : loaded 2 times (x 130B)
Class com.android.build.gradle.options.OptionalBooleanOption                          : loaded 2 times (x 85B)
Class com.android.build.gradle.internal.plugins.BasePlugin$variantInputModel$2        : loaded 2 times (x 79B)
Class com.android.build.gradle.internal.variant.ApplicationVariantFactory             : loaded 2 times (x 106B)
Class jdk.internal.jimage.ImageReader$Directory                                       : loaded 2 times (x 84B)
Class org.gradle.accessors.dm.LibrariesForLibsInPluginsBlock                          : loaded 2 times (x 82B)
Class kotlin.collections.AbstractList                                                 : loaded 2 times (x 197B)
Class kotlin.collections.AbstractCollection                                           : loaded 2 times (x 117B)
Class com.android.build.gradle.internal.utils.D8BackportedMethodsGenerator            : loaded 2 times (x 78B)
Class com.android.build.gradle.internal.cxx.logging.IssueReporterLoggingEnvironmentKt : loaded 2 times (x 71B)
Class com.android.build.gradle.internal.AndroidTestTaskManager$createVariantPreBuildTask$1: loaded 2 times (x 74B)
Class com.android.build.gradle.internal.scope.InternalArtifactType$D8_METADATA        : loaded 2 times (x 74B)
Class com.android.build.gradle.internal.tasks.OptimizeResourcesTask                   : loaded 2 times (x 332B)
Class com.android.build.gradle.internal.tasks.BundleToApkTask$CreationAction$handleProvider$1: loaded 2 times (x 127B)
Class com.android.build.gradle.internal.tasks.FinalizeBundleTask                      : loaded 2 times (x 328B)
Class com.android.build.gradle.internal.dependency.ShrinkerVersion$Companion$R8$2     : loaded 2 times (x 78B)
Class org.jetbrains.kotlin.gradle.plugin.sources.DefaultKotlinSourceSetKt             : loaded 2 times (x 71B)
Class com.android.build.gradle.internal.scope.InternalArtifactType$STABLE_RESOURCE_IDS_FILE: loaded 2 times (x 74B)
Class com.android.build.api.component.impl.features.AndroidResourcesCreationConfigImpl: loaded 2 times (x 90B)
Class com.android.build.api.variant.impl.ApplicationVariantImpl$packaging$2           : loaded 2 times (x 79B)
Class com.android.build.api.variant.impl.VariantImpl$buildConfigFields$2              : loaded 2 times (x 79B)
Class com.android.build.api.component.impl.ComponentImpl$builtInKaptSupportMode$2     : loaded 2 times (x 79B)
Class com.android.build.gradle.internal.core.dsl.features.OptimizationDslInfo         : loaded 2 times (x 70B)
Class com.google.common.collect.Lists$ReverseList$1                                   : loaded 2 times (x 99B)
Class com.android.builder.core.DefaultApiVersion                                      : loaded 2 times (x 77B)
Class com.android.build.gradle.internal.core.dsl.impl.ApplicationVariantDslInfoImpl$versionName$2: loaded 2 times (x 79B)
Class com.android.build.gradle.internal.core.dsl.impl.ComponentDslInfoImpl$1          : loaded 2 times (x 78B)
Class com.android.build.gradle.internal.utils.SdkUtilsKt                              : loaded 2 times (x 71B)
Class com.android.build.gradle.internal.lint.AndroidLintGlobalTask$GlobalCreationAction: loaded 2 times (x 91B)
Class com.android.build.gradle.internal.api.VariantFilter                             : loaded 2 times (x 80B)
Class com.android.build.gradle.internal.dsl.BundleOptionsTexture$AgpDecorated         : loaded 2 times (x 85B)
Class com.android.build.api.dsl.ManagedVirtualDevice                                  : loaded 2 times (x 70B)
Class com.android.build.gradle.internal.dsl.TestFixturesImpl_Decorated                : loaded 2 times (x 127B)
Class com.android.build.api.dsl.SdkComponents                                         : loaded 2 times (x 70B)
Class com.android.build.gradle.internal.coverage.JacocoOptions                        : loaded 2 times (x 85B)
Class com.android.build.api.artifact.ArtifactKind$DIRECTORY                           : loaded 2 times (x 72B)
Class com.android.build.gradle.internal.dependency.VariantDependenciesBuilder         : loaded 2 times (x 82B)
Class com.android.build.api.attributes.AgpVersionAttr                                 : loaded 2 times (x 70B)
Class com.google.common.util.concurrent.AbstractFuture$SynchronizedHelper             : loaded 2 times (x 78B)
Class com.android.build.api.dsl.TestOptions                                           : loaded 2 times (x 70B)
Class com.android.build.api.dsl.AbiSplit                                              : loaded 2 times (x 70B)
Class com.android.build.api.dsl.LibraryVariantDimension                               : loaded 2 times (x 70B)
Class org.jetbrains.kotlin.gradle.plugin.mpp.HierarchyAttributeContainer$1            : loaded 2 times (x 78B)
Class org.jetbrains.kotlin.gradle.dsl.ToolchainSupport                                : loaded 2 times (x 70B)
Class com.android.build.gradle.internal.variant.ApkVariantData                        : loaded 2 times (x 72B)
Class org.jetbrains.kotlin.gradle.plugin.KotlinJsPluginWrapper                        : loaded 2 times (x 86B)
Class org.jetbrains.kotlin.gradle.plugin.mpp.InternalKotlinTarget                     : loaded 2 times (x 70B)
Class org.jetbrains.kotlin.gradle.dsl.KotlinJvmOptions                                : loaded 2 times (x 70B)
Class com.android.build.gradle.internal.services.FakeDependencyJarBuildService$RegistrationAction: loaded 2 times (x 74B)
Class com.android.utils.EnvironmentProvider                                           : loaded 2 times (x 70B)
Class com.google.protobuf.InvalidProtocolBufferException                              : loaded 2 times (x 88B)
Class com.google.common.collect.EnumHashBiMap                                         : loaded 2 times (x 159B)
Class com.android.build.gradle.internal.tasks.TestPreBuildTask                        : loaded 2 times (x 328B)
Class com.android.build.gradle.internal.tasks.DexArchiveBuilderTask$CreationAction$handleProvider$10: loaded 2 times (x 78B)
Class com.android.build.gradle.internal.tasks.MergeStartupProfileTask$CreationAction$handleProvider$1: loaded 2 times (x 127B)
Class com.android.build.gradle.internal.tasks.featuresplit.FeatureSetMetadataWriterTask$CreationAction$handleProvider$1: loaded 2 times (x 127B)
Class com.android.build.gradle.tasks.PackageApplication$CreationAction$handleProvider$operationRequest$1: loaded 2 times (x 127B)
Class com.android.build.api.variant.impl.SigningConfigImpl$storeFile$1                : loaded 2 times (x 75B)
Class com.android.build.gradle.internal.tasks.factory.features.DexingTaskCreationAction: loaded 2 times (x 70B)
Class org.jetbrains.kotlin.gradle.plugin.hierarchy.KotlinSourceSetTreeClassifier$Property: loaded 2 times (x 72B)
Class org.jetbrains.kotlin.gradle.dsl.KotlinCommonCompilerOptionsHelper               : loaded 2 times (x 71B)
Class com.android.build.gradle.tasks.MergeSourceSetFolders$MergeAssetCreationAction$handleProvider$1: loaded 2 times (x 127B)
Class com.android.build.gradle.internal.scope.InternalArtifactType$COMPILED_NAVIGATION_RES: loaded 2 times (x 74B)
Class com.android.build.gradle.internal.scope.InternalArtifactType$AGGREGATED_CODE_COVERAGE_HTML_REPORT: loaded 2 times (x 74B)
Class com.android.build.gradle.internal.VariantTaskManager$createTasks$1              : loaded 2 times (x 75B)
Class com.android.build.gradle.internal.tasks.ModuleMetadataWriterTask$CreationAction : loaded 2 times (x 90B)
Class com.android.build.gradle.internal.core.dsl.impl.DslInfoCommonKt$getTestComponentNamespace$2$1: loaded 2 times (x 75B)
Class com.android.build.api.variant.impl.ApplicationVariantImpl$addVariantOutput$1    : loaded 2 times (x 75B)
Class com.android.build.api.variant.impl.VariantImpl$resValues$2                      : loaded 2 times (x 79B)
Class com.android.build.gradle.internal.component.legacy.OldVariantApiLegacySupport   : loaded 2 times (x 70B)
Class com.android.build.gradle.internal.core.dsl.impl.ComponentDslInfoImpl$2          : loaded 2 times (x 78B)
Class com.android.build.api.variant.ScopedArtifacts$Scope                             : loaded 2 times (x 79B)
Class com.android.build.gradle.internal.CompileOptions$AgpDecorated                   : loaded 2 times (x 97B)
Class com.android.build.gradle.internal.dsl.AbiSplitOptions$AgpDecorated_Decorated    : loaded 2 times (x 144B)
Class com.android.build.gradle.internal.dsl.BundleOptions$AgpDecorated_Decorated      : loaded 2 times (x 195B)
Class com.android.build.gradle.internal.dsl.BuildFeaturesImpl                         : loaded 2 times (x 110B)
Class com.android.build.gradle.internal.dsl.ExternalNativeNdkBuildOptions             : loaded 2 times (x 109B)
Class com.android.build.gradle.internal.dsl.CmakeOptions                              : loaded 2 times (x 98B)
Class com.android.build.api.variant.AnnotationProcessor                               : loaded 2 times (x 70B)
Class com.google.wireless.android.sdk.stats.GradleBuildVariant$VariantType$1          : loaded 2 times (x 76B)
Class org.jetbrains.kotlin.gradle.internal.properties.PropertiesBuildService$property$1$valueFromGradleAndLocalProperties$1: loaded 2 times (x 75B)
Class org.jetbrains.kotlin.gradle.plugin.KotlinPluginWrapperKt$kotlinToolingVersion$2 : loaded 2 times (x 78B)
Class com.android.build.gradle.internal.errors.OptionInfo                             : loaded 2 times (x 72B)
Class com.android.build.gradle.internal.services.AndroidLocationsBuildService$AndroidDirectoryCreator$Params_Decorated: loaded 2 times (x 132B)
Class com.android.build.gradle.internal.ide.v2.GlobalSyncService$RegistrationAction   : loaded 2 times (x 74B)
Class com.android.build.gradle.internal.ide.dependencies.MavenCoordinatesCacheBuildService$Parameters: loaded 2 times (x 70B)
Class com.google.protobuf.Extension                                                   : loaded 2 times (x 85B)
Class com.google.wireless.android.sdk.stats.GradleBuildProfile                        : loaded 2 times (x 248B)
Class com.google.protobuf.MessageOrBuilder                                            : loaded 2 times (x 70B)
Class com.google.gson.LongSerializationPolicy$1                                       : loaded 2 times (x 80B)
Class org.gradle.internal.classloader.VisitableURLClassLoader$InstrumentingVisitableURLClassLoader: loaded 2 times (x 123B)
Class org.gradle.kotlin.dsl.AndroidTestImplementationConfigurationAccessorsKt         : loaded 2 times (x 71B)
Class com.android.build.gradle.internal.api.TestVariantImpl                           : loaded 2 times (x 262B)
Class com.android.build.gradle.internal.dependency.ExtractProGuardRulesTransform$Parameters_Decorated: loaded 2 times (x 135B)
Class com.android.build.gradle.internal.SdkComponentsBuildService$sdkHandlerDelegate$1: loaded 2 times (x 79B)
Class com.android.tools.utp.gradle.api.UtpDependency                                  : loaded 2 times (x 79B)
Class com.android.build.gradle.internal.tasks.DexArchiveBuilderTask$CreationAction$handleProvider$11: loaded 2 times (x 78B)
Class com.android.build.gradle.tasks.PackageApplication$CreationAction$handleProvider$operationRequest$2: loaded 2 times (x 127B)
Class org.jetbrains.kotlin.gradle.utils.ProjectExtensionsKt                           : loaded 2 times (x 71B)
Class org.jetbrains.kotlin.gradle.plugin.hierarchy.KotlinSourceSetTreeClassifier      : loaded 2 times (x 70B)
Class org.jetbrains.kotlin.gradle.plugin.mpp.KotlinNativeTarget                       : loaded 2 times (x 167B)
Class org.jetbrains.kotlin.gradle.plugin.mpp.compilationImpl.KotlinCompilationAssociator: loaded 2 times (x 70B)
Class com.android.build.api.variant.impl.JniLibsApkPackagingImpl                      : loaded 2 times (x 86B)
Class com.android.build.api.variant.DexPackagingOptions                               : loaded 2 times (x 70B)
Class com.android.build.gradle.internal.tasks.CheckAarMetadataTask$CreationAction$handleProvider$1: loaded 2 times (x 127B)
Class com.android.build.api.artifact.SingleArtifact$ASSETS                            : loaded 2 times (x 74B)
Class com.android.build.gradle.internal.dependency.AndroidAttributes                  : loaded 2 times (x 72B)
Class com.android.build.gradle.internal.AndroidTestTaskManager$createTopLevelTasks$1  : loaded 2 times (x 74B)
Class com.android.build.gradle.tasks.CompileNavigationXmlTask$CreationAction          : loaded 2 times (x 91B)
Class com.android.build.gradle.internal.tasks.CompressAssetsTask$CreationAction       : loaded 2 times (x 90B)
Class com.android.build.api.component.impl.DeviceTestImpl$manifestPlaceholdersCreationConfig$2: loaded 2 times (x 79B)
Class com.android.build.gradle.internal.publishing.AndroidArtifacts$ArtifactType      : loaded 2 times (x 79B)
Class com.android.build.api.variant.impl.HasTestFixtures                              : loaded 2 times (x 70B)
Class com.android.build.gradle.internal.core.dsl.impl.ApplicationVariantDslInfoImpl$signingConfigResolver$2: loaded 2 times (x 79B)
Class com.android.build.gradle.internal.core.dsl.impl.DslInfoUtilsKt$computeMergedOptions$1: loaded 2 times (x 79B)
Class com.android.build.gradle.internal.tasks.ExtractProguardFiles$CreationAction     : loaded 2 times (x 90B)
Class com.android.build.gradle.internal.tasks.AppClasspathCheckTask$CreationAction    : loaded 2 times (x 90B)
Class com.android.build.gradle.internal.dsl.BundleOptionsAiModelVersion$AgpDecorated_Decorated: loaded 2 times (x 130B)
Class com.android.build.gradle.internal.variant.LegacyVariantInputManager$1           : loaded 2 times (x 75B)
Class com.android.builder.internal.BaseConfigImpl$Companion                           : loaded 2 times (x 71B)
Class com.android.build.gradle.tasks.ExtractDeepLinksTask$BaseCreationAction          : loaded 2 times (x 93B)
Class com.android.ide.common.gradle.DEV                                               : loaded 2 times (x 77B)
Class org.jetbrains.kotlin.gradle.plugin.KotlinSourceSetTree$Companion                : loaded 2 times (x 71B)
Class org.jetbrains.kotlin.gradle.plugin.KotlinGradleBuildServices$Parameters         : loaded 2 times (x 70B)
Class com.android.build.gradle.internal.dependency.VariantDependencies$Companion$WhenMappings: loaded 2 times (x 71B)
Class com.google.gson.LongSerializationPolicy$2                                       : loaded 2 times (x 80B)
Class com.android.build.gradle.internal.errors.DeprecationReporter$DeprecationTarget  : loaded 2 times (x 79B)
Class com.android.build.gradle.internal.plugins.BasePlugin$sdkComponentsBuildService$2: loaded 2 times (x 79B)
Class com.android.build.gradle.internal.core.dsl.TestedVariantDslInfo                 : loaded 2 times (x 70B)
Class com.android.build.gradle.internal.variant.AbstractAppVariantFactory             : loaded 2 times (x 106B)
Class org.gradle.internal.classloader.VisitableURLClassLoader$Spec                    : loaded 2 times (x 74B)
Class org.gradle.internal.classpath.DefaultClassPath                                  : loaded 2 times (x 90B)
Class com.android.build.gradle.api.SourceKind                                         : loaded 2 times (x 79B)
Class com.android.build.gradle.tasks.factory.AndroidUnitTest                          : loaded 2 times (x 566B)
Class [Lcom.android.build.gradle.internal.tasks.DeviceProviderInstrumentTestTask$CreationAction$Type;: loaded 2 times (x 69B)
Class com.android.build.api.artifact.SingleArtifact$VERSION_CONTROL_INFO_FILE         : loaded 2 times (x 74B)
Class com.android.build.gradle.internal.tasks.DexArchiveBuilderTask$CreationAction$handleProvider$12: loaded 2 times (x 78B)
Class [Lorg.jetbrains.kotlin.gradle.plugin.HasProject;                                : loaded 2 times (x 69B)
Class org.jetbrains.kotlin.gradle.utils.MutableObservableSetImpl                      : loaded 2 times (x 163B)
Class org.jetbrains.kotlin.gradle.plugin.mpp.compilationImpl.KotlinCompilationSourceSetInclusion$AddSourcesToCompileTask: loaded 2 times (x 70B)
Class com.android.build.gradle.internal.scope.InternalArtifactType$JAVAC              : loaded 2 times (x 74B)
Class com.android.build.gradle.internal.res.GenerateLibraryRFileTask$CreationAction$handleProvider$1: loaded 2 times (x 127B)
Class com.android.build.api.artifact.impl.OperationRequestsImplKt                     : loaded 2 times (x 71B)
Class com.android.build.gradle.internal.AndroidTestTaskManager$createTopLevelTasks$2  : loaded 2 times (x 75B)
Class com.android.build.gradle.internal.core.dsl.impl.ApplicationVariantDslInfoImpl$versionCode$2$versionCodeFromFlavors$1: loaded 2 times (x 78B)
Class com.android.build.api.component.impl.ComponentIdentityImpl                      : loaded 2 times (x 78B)
Class com.android.build.gradle.internal.tasks.factory.GlobalTaskNamesImpl             : loaded 2 times (x 81B)
Class com.android.build.gradle.internal.services.FakeDependencyJarBuildService$Inject_: loaded 2 times (x 102B)
Class com.android.build.gradle.internal.variant.LegacyVariantInputManager$2           : loaded 2 times (x 74B)
Class com.android.build.gradle.internal.tasks.ModuleMetadataWriterTask$CreationAction$handleProvider$1: loaded 2 times (x 127B)
Class com.android.build.api.dsl.Splits                                                : loaded 2 times (x 70B)
Class com.android.build.gradle.internal.dsl.BundleOptionsStoreArchive                 : loaded 2 times (x 77B)
Class org.jetbrains.kotlin.gradle.dsl.DefaultToolchainSupport$wireToolchainToTasks$1  : loaded 2 times (x 75B)
Class [Lorg.jetbrains.kotlin.build.report.metrics.GradleBuildTime;                    : loaded 2 times (x 69B)
Class org.jetbrains.kotlin.gradle.internal.properties.PropertiesBuildService$MemoizedCallable: loaded 2 times (x 75B)
Class org.jetbrains.kotlin.gradle.plugin.internal.DefaultMavenPublicationComponentAccessorFactory: loaded 2 times (x 76B)
Class org.jetbrains.kotlin.gradle.tasks.KotlinTasksProvider                           : loaded 2 times (x 72B)
Class org.jetbrains.kotlin.gradle.dsl.KotlinCommonCompilerOptions                     : loaded 2 times (x 70B)
Class com.google.protobuf.Reader                                                      : loaded 2 times (x 70B)
Class com.google.common.collect.Maps$UnmodifiableBiMap                                : loaded 2 times (x 153B)
Class jdk.internal.jimage.decompressor.ZipDecompressorFactory                         : loaded 2 times (x 74B)
Class org.gradle.util.internal.DefaultGradleVersion                                   : loaded 2 times (x 82B)
Class com.google.common.reflect.Types$ClassOwnership                                  : loaded 2 times (x 80B)
Class com.android.build.gradle.internal.tasks.UnsafeOutputsTask                       : loaded 2 times (x 325B)
Class com.android.build.gradle.internal.dependency.RecalculateStackFramesTransform$Inject_1: loaded 2 times (x 110B)
Class com.android.build.gradle.internal.HostTestTaskManager$setupJavaCompilationTasks$1: loaded 2 times (x 75B)
Class com.android.build.gradle.internal.tasks.creationconfig.ProcessTestManifestCreationConfigKt: loaded 2 times (x 71B)
Class com.android.build.gradle.internal.tasks.DexArchiveBuilderTask$CreationAction$handleProvider$13: loaded 2 times (x 78B)
Class com.android.build.gradle.internal.tasks.PerModuleBundleTask$CreationAction$handleProvider$1: loaded 2 times (x 127B)
Class org.jetbrains.kotlin.gradle.plugin.KotlinSourceSet$Companion                    : loaded 2 times (x 71B)
Class org.jetbrains.kotlin.gradle.plugin.mpp.compilationImpl.KotlinCompilationImpl    : loaded 2 times (x 140B)
Class [Lorg.jetbrains.kotlin.gradle.plugin.mpp.compilationImpl.factory.KotlinCompilationImplFactory$PostConfigure;: loaded 2 times (x 69B)
Class com.android.build.gradle.tasks.JavaCompileCreationAction                        : loaded 2 times (x 90B)
Class com.android.build.gradle.internal.res.GenerateLibraryRFileTask$CreationAction$handleProvider$2: loaded 2 times (x 127B)
Class com.android.build.gradle.tasks.MergeSourceSetFolders                            : loaded 2 times (x 337B)
Class com.android.build.gradle.internal.AndroidTestTaskManager$createTopLevelTasks$3  : loaded 2 times (x 74B)
Class com.android.build.gradle.internal.scope.HostTestBuildFeaturesValuesImpl         : loaded 2 times (x 100B)
Class com.android.build.api.variant.impl.VariantImpl$buildConfigCreationConfig$2      : loaded 2 times (x 79B)
Class com.android.build.gradle.internal.dependency.SourceTypeAttributeKt              : loaded 2 times (x 71B)
Class com.android.build.api.artifact.impl.ArtifactsImpl$lookupProjectScopedArtifactsContainer$1: loaded 2 times (x 79B)
Class com.android.build.gradle.internal.dsl.PackagingOptions$AgpDecorated             : loaded 2 times (x 115B)
Class com.android.build.api.dsl.EmulatorControl                                       : loaded 2 times (x 70B)
Class com.android.build.gradle.internal.dsl.CompileSdkDelegate                        : loaded 2 times (x 89B)
Class com.android.build.gradle.internal.variant.LegacyVariantInputManager$3           : loaded 2 times (x 75B)
Class com.android.build.gradle.internal.dsl.AarMetadataImpl$AgpDecorated_Decorated    : loaded 2 times (x 137B)
Class com.android.build.gradle.internal.dsl.CoreNdkOptions                            : loaded 2 times (x 70B)
Class com.android.build.gradle.internal.dsl.decorator.AndroidPluginDslDecoratorKt     : loaded 2 times (x 71B)
Class com.android.build.gradle.internal.utils.KgpVersion$Companion                    : loaded 2 times (x 71B)
Class org.jetbrains.kotlin.konan.util.Named                                           : loaded 2 times (x 70B)
Class [Lorg.jetbrains.kotlin.gradle.report.BuildReportMode;                           : loaded 2 times (x 69B)
Class org.jetbrains.kotlin.gradle.plugin.AbstractKotlinAndroidPluginWrapper           : loaded 2 times (x 86B)
Class com.android.build.gradle.internal.services.BuiltInKotlinServices$AvailabilityReason$BuiltInKotlinBooleanOptionEnabled: loaded 2 times (x 71B)
Class com.google.protobuf.AbstractMessage$BuilderParent                               : loaded 2 times (x 70B)
Class com.google.common.base.CharMatcher$Ascii                                        : loaded 2 times (x 112B)
Class com.android.build.gradle.tasks.MergeSourceSetFolders$MergeAssetCreationAction   : loaded 2 times (x 91B)
Class [Lcom.google.gson.Strictness;                                                   : loaded 2 times (x 69B)
Class com.google.gson.reflect.TypeToken                                               : loaded 2 times (x 75B)
Class com.android.build.api.variant.impl.JniLibsTestedApkPackagingImpl                : loaded 2 times (x 91B)
Class org.jetbrains.kotlin.gradle.report.UsesBuildMetricsService                      : loaded 2 times (x 70B)
Class com.android.build.gradle.internal.plugins.BasePlugin$bootClasspathConfig$2      : loaded 2 times (x 79B)
Class com.android.build.gradle.internal.plugins.AndroidPluginBaseServices$settingsExtension$2: loaded 2 times (x 79B)
Class org.gradle.internal.classloader.ClassLoaderSpec                                 : loaded 2 times (x 71B)
Class com.android.build.gradle.internal.VariantTaskManager$configureKotlinPluginTasksIfNecessary$1: loaded 2 times (x 79B)
Class com.android.build.gradle.internal.dependency.DexingOutputSplitTransformKt$registerTransformWithOutputType$1$1: loaded 2 times (x 75B)
Class com.android.build.gradle.internal.utils.DesugarLibConfigExtractor$Inject_1      : loaded 2 times (x 109B)
Class com.android.build.gradle.internal.dependency.MockableJarTransform$Parameters    : loaded 2 times (x 70B)
Class com.android.build.gradle.internal.cxx.logging.LoggingEnvironment                : loaded 2 times (x 70B)
Class com.android.build.gradle.internal.scope.InternalArtifactType$GLOBAL_SYNTHETICS_MIXED_SCOPE: loaded 2 times (x 74B)
Class org.jetbrains.kotlin.gradle.plugin.mpp.KotlinCompilationsKt$moduleNameForCompilation$1: loaded 2 times (x 75B)
Class org.jetbrains.kotlin.gradle.plugin.mpp.KotlinCompilationsKt$addSourcesToKotlinCompileTask$1: loaded 2 times (x 75B)
Class org.jetbrains.kotlin.gradle.plugin.diagnostics.TransformActionUsingKotlinToolingDiagnostics$Parameters: loaded 2 times (x 70B)
Class org.jetbrains.kotlin.compilerRunner.CompilerSystemPropertiesService$Companion$registerIfAbsent$2$1: loaded 2 times (x 79B)
Class com.android.build.gradle.internal.tasks.creationconfig.JavaCompileCreationConfigKt: loaded 2 times (x 71B)
Class com.android.build.gradle.internal.tasks.creationconfig.BaseJavaPreCompileTaskCreationConfig: loaded 2 times (x 98B)
Class com.android.build.gradle.internal.res.GenerateLibraryRFileTask$CreationAction$handleProvider$3: loaded 2 times (x 127B)
Class com.android.build.gradle.internal.TaskManager$MergeType$MERGE                   : loaded 2 times (x 80B)
Class com.android.build.gradle.internal.scope.InternalArtifactType$MANIFEST_METADATA  : loaded 2 times (x 74B)
Class com.android.build.api.component.impl.features.OptimizationCreationConfigImpl$consumerProguardFilePaths$2: loaded 2 times (x 79B)
Class com.android.build.gradle.internal.AndroidTestTaskManager$createTopLevelTasks$4  : loaded 2 times (x 75B)
Class com.android.build.api.variant.impl.VariantImpl$renderscriptCreationConfig$2     : loaded 2 times (x 79B)
Class com.android.build.gradle.internal.component.TestFixturesCreationConfig          : loaded 2 times (x 70B)
Class com.android.build.gradle.internal.plugins.BasePlugin$createAndroidTasks$1       : loaded 2 times (x 77B)
Class com.android.build.gradle.internal.lint.AndroidLintGlobalTask$LintFixCreationAction: loaded 2 times (x 91B)
Class com.android.build.gradle.internal.lint.AndroidLintGlobalTask$BaseGlobalCreationAction: loaded 2 times (x 91B)
Class com.android.build.gradle.ProguardFiles                                          : loaded 2 times (x 71B)
Class com.android.builder.core.DefaultDexOptions                                      : loaded 2 times (x 99B)
Class com.android.build.gradle.api.ApkVariant                                         : loaded 2 times (x 70B)
Class com.android.build.gradle.internal.dsl.ResourcesPackagingImpl$AgpDecorated_Decorated: loaded 2 times (x 129B)
Class com.android.build.gradle.internal.variant.LegacyVariantInputManager$4           : loaded 2 times (x 74B)
Class com.android.build.gradle.internal.api.artifact.SourceArtifactType$KEEP_RULES    : loaded 2 times (x 74B)
Class com.android.build.gradle.internal.api.artifact.SourceArtifactType$RENDERSCRIPT  : loaded 2 times (x 74B)
Class com.android.build.gradle.internal.dsl.NdkOptions_Decorated                      : loaded 2 times (x 166B)
Class com.android.build.gradle.internal.dsl.decorator.DslDecorator$ManagedProperty    : loaded 2 times (x 72B)
Class org.jetbrains.kotlin.gradle.utils.ConfigurationCacheOpaqueValueSource           : loaded 2 times (x 79B)
Class org.jetbrains.kotlin.gradle.internal.properties.PropertiesBuildService$GradleProperty: loaded 2 times (x 70B)
Class org.jetbrains.kotlin.gradle.utils.StoredPropertyKt$projectStoredProperty$1      : loaded 2 times (x 78B)
Class org.jetbrains.kotlin.gradle.internal.Kapt3GradleSubplugin$Companion             : loaded 2 times (x 71B)
Class com.android.prefs.VariableType                                                  : loaded 2 times (x 79B)
Class org.jetbrains.kotlin.gradle.plugin.mpp.compilationImpl.factory.KotlinCompilationImplFactory$KotlinCompilationSourceSetsContainerFactory: loaded 2 times (x 70B)
Class com.android.tools.analytics.Environment                                         : loaded 2 times (x 73B)
Class com.android.build.gradle.internal.errors.DeprecationReporter                    : loaded 2 times (x 70B)
Class com.google.gson.internal.sql.SqlTimestampTypeAdapter$1                          : loaded 2 times (x 75B)
Class com.google.gson.JsonPrimitive                                                   : loaded 2 times (x 93B)
Class com.android.build.gradle.options.ApiStage$Stable                                : loaded 2 times (x 72B)
Class com.android.build.gradle.internal.crash.CrashReporting                          : loaded 2 times (x 71B)
Class com.android.build.api.variant.Component                                         : loaded 2 times (x 70B)
Class org.gradle.accessors.dm.LibrariesForLibs$AndroidxEspressoLibraryAccessors       : loaded 2 times (x 77B)
Class org.gradle.accessors.dm.LibrariesForLibs$VersionAccessors                       : loaded 2 times (x 83B)
Class com.android.build.gradle.internal.SdkComponentsBuildService$VersionedSdkLoader  : loaded 2 times (x 72B)
Class com.android.build.gradle.internal.dependency.ShrinkerVersion                    : loaded 2 times (x 75B)
Class org.jetbrains.kotlin.gradle.tasks.configuration.TaskConfigAction$configureTask$1: loaded 2 times (x 79B)
Class com.android.build.gradle.internal.scope.InternalArtifactType$LOCAL_ONLY_SYMBOL_LIST: loaded 2 times (x 74B)
Class com.android.build.gradle.internal.tasks.CheckAarMetadataTask$CreationAction     : loaded 2 times (x 90B)
Class com.android.build.gradle.tasks.MergeResources$CreationAction$handleProvider$1   : loaded 2 times (x 78B)
Class com.android.build.gradle.tasks.MergeResources$CreationAction                    : loaded 2 times (x 94B)
Class com.android.build.gradle.internal.core.dsl.impl.SigningConfigResolver$Companion : loaded 2 times (x 71B)
Class com.android.build.gradle.internal.variant.VariantComponentInfo                  : loaded 2 times (x 72B)
Class com.android.build.api.variant.impl.ApplicationVariantImpl$targetSdk$2           : loaded 2 times (x 79B)
Class com.android.build.api.variant.GeneratesAar                                      : loaded 2 times (x 70B)
Class com.android.build.api.variant.Aidl                                              : loaded 2 times (x 70B)
Class com.google.protobuf.Internal$ListAdapter$Converter                              : loaded 2 times (x 70B)
Class com.android.build.gradle.internal.tasks.factory.BootClasspathConfigImpl$fullBootClasspath$2: loaded 2 times (x 79B)
Class com.android.build.gradle.internal.dsl.BundleOptionsDeviceGroup$AgpDecorated     : loaded 2 times (x 85B)
Class com.android.build.gradle.internal.dsl.EmulatorControl                           : loaded 2 times (x 83B)
Class com.android.build.gradle.internal.dsl.TestOptions_Decorated                     : loaded 2 times (x 171B)
Class com.android.build.gradle.internal.variant.LegacyVariantInputManager$5           : loaded 2 times (x 75B)
Class org.jetbrains.kotlin.gradle.utils.MutableObservableSet                          : loaded 2 times (x 70B)
Class org.jetbrains.kotlin.gradle.plugin.hierarchy.KotlinSourceSetTreeClassifierKt    : loaded 2 times (x 71B)
Class com.android.build.gradle.api.ViewBindingOptions                                 : loaded 2 times (x 70B)
Class com.android.build.api.dsl.Split                                                 : loaded 2 times (x 70B)
Class com.android.build.api.dsl.LibraryDefaultConfig                                  : loaded 2 times (x 70B)
Class org.jetbrains.kotlin.gradle.dsl.JvmTarget                                       : loaded 2 times (x 79B)
Class org.jetbrains.kotlin.gradle.internal.ClassLoadersCachingBuildService            : loaded 2 times (x 76B)
Class org.jetbrains.kotlin.gradle.plugin.internal.DefaultJavaExecTaskParametersCompatibility$Factory: loaded 2 times (x 76B)
Class org.jetbrains.kotlin.gradle.plugin.VariantImplementationFactoriesConfigurator$Companion: loaded 2 times (x 71B)
Class [Lcom.android.builder.model.v2.ide.ProjectType;                                 : loaded 2 times (x 69B)
Class com.android.tools.analytics.CommonMetricsData$GarbageCollectionStatsDiffs       : loaded 2 times (x 71B)
Class com.android.build.gradle.internal.tasks.SigningConfigWriterTask$CreationAction$handleProvider$1: loaded 2 times (x 127B)
Class com.google.gson.JsonElement                                                     : loaded 2 times (x 92B)
Class com.android.build.gradle.options.Version                                        : loaded 2 times (x 80B)
Class com.android.build.gradle.internal.plugins.BasePlugin$versionedSdkLoaderService$2: loaded 2 times (x 79B)
Class com.android.build.gradle.internal.plugins.AppPlugin$1                           : loaded 2 times (x 86B)
Class Settings_gradle$1$1                                                             : loaded 2 times (x 74B)
Class com.android.build.gradle.internal.api.AndroidArtifactVariantImpl                : loaded 2 times (x 230B)
Class com.android.build.gradle.internal.dependency.ModelArtifactCompatibilityRule     : loaded 2 times (x 76B)
Class com.android.build.gradle.internal.dependency.DesugarGraph                       : loaded 2 times (x 75B)
Class com.android.build.gradle.internal.dependency.DexingRegistration$ComponentSpecificParameters$Companion: loaded 2 times (x 71B)
Class com.android.build.gradle.internal.utils.DesugarLibUtils$registerDesugarLibConfigExtractorTransformIfAbsent$1: loaded 2 times (x 74B)
Class com.android.build.gradle.internal.dependency.MockableJarTransform               : loaded 2 times (x 78B)
Class com.android.build.gradle.internal.cxx.logging.ThreadLoggingEnvironment          : loaded 2 times (x 82B)
Class com.android.build.gradle.internal.tasks.CheckJetifierTask$CreationAction        : loaded 2 times (x 90B)
Class com.android.build.gradle.internal.tasks.ExtractVersionControlInfoTask$CreationAction: loaded 2 times (x 90B)
Class com.android.build.gradle.internal.tasks.MergeNativeDebugMetadataTask            : loaded 2 times (x 327B)
Class com.android.build.gradle.internal.tasks.BundleToApkTask                         : loaded 2 times (x 329B)
Class com.android.build.gradle.internal.tasks.ApplicationTaskManager$doCreateTasksForVariant$r8DexStartupOptimizationEnabled$1: loaded 2 times (x 74B)
Class com.android.build.gradle.internal.tasks.DexMergingAction                        : loaded 2 times (x 79B)
Class org.jetbrains.kotlin.gradle.targets.js.dsl.KotlinWasmSubTargetContainerDsl      : loaded 2 times (x 70B)
Class org.jetbrains.kotlin.gradle.plugin.internal.BuildIdService$Companion            : loaded 2 times (x 71B)
Class com.android.build.api.component.impl.HostTestImpl$buildConfigCreationConfig$2   : loaded 2 times (x 79B)
Class com.android.build.api.component.impl.DeviceTestImpl$renderscript$2              : loaded 2 times (x 79B)
Class com.android.build.api.component.impl.DeviceTestImpl$signingConfig$2             : loaded 2 times (x 79B)
Class com.android.build.api.variant.GeneratesTestApkBuilder                           : loaded 2 times (x 70B)
Class com.android.build.gradle.internal.plugins.BasePlugin$createAndroidTasks$3       : loaded 2 times (x 79B)
Class com.android.build.gradle.internal.lint.AndroidLintGlobalTask$UpdateBaselineCreationAction: loaded 2 times (x 91B)
Class com.android.build.gradle.internal.ide.v2.ModelBuilder$Companion                 : loaded 2 times (x 71B)
Class com.android.build.gradle.internal.api.TestedVariant                             : loaded 2 times (x 70B)
Class com.google.wireless.android.sdk.stats.GradleBuildSplits                         : loaded 2 times (x 219B)
Class com.android.build.gradle.internal.variant.LegacyVariantInputManager$6           : loaded 2 times (x 74B)
Class com.android.build.gradle.internal.tasks.GlobalSyntheticsMergeTask               : loaded 2 times (x 328B)
Class com.android.ide.common.gradle.Version$Companion$ParseState                      : loaded 2 times (x 70B)
Class org.jetbrains.kotlin.gradle.utils.StoredPropertyStorage                         : loaded 2 times (x 72B)
Class org.jetbrains.kotlin.gradle.plugin.KotlinSourceSetContainer                     : loaded 2 times (x 70B)
Class com.android.build.gradle.internal.services.Aapt2ThreadPoolBuildServiceKt        : loaded 2 times (x 71B)
Class com.android.tools.analytics.HostData$memoryBean$2                               : loaded 2 times (x 78B)
Class com.android.build.gradle.tasks.ProcessTestManifest$CreationAction$handleProvider$1: loaded 2 times (x 127B)
Class com.google.gson.internal.bind.CollectionTypeAdapterFactory                      : loaded 2 times (x 75B)
Class com.android.build.gradle.options.SyncOptions$ErrorFormatMode                    : loaded 2 times (x 79B)
Class com.android.build.gradle.internal.errors.SyncIssueReporter                      : loaded 2 times (x 76B)
Class com.android.build.gradle.internal.plugins.AppPlugin$2                           : loaded 2 times (x 86B)
Class com.android.build.gradle.internal.dsl.InternalTestedExtension                   : loaded 2 times (x 70B)
Class ijJvmDebugger1_b5rqkoi4cvyrocszbx6z13ivq$_run_closure1                          : loaded 2 times (x 139B)
Class org.gradle.internal.classloader.VisitableURLClassLoader                         : loaded 2 times (x 117B)
Class com.android.build.api.component.impl.OldVariantApiLegacySupportImpl$getVariantOutputs$1: loaded 2 times (x 75B)
Class com.android.build.gradle.internal.api.BaseVariantOutputImpl                     : loaded 2 times (x 112B)
Class com.android.build.gradle.internal.ApiObjectFactory                              : loaded 2 times (x 73B)
Class com.android.build.gradle.internal.utils.D8BackportedMethodsGenerator$Parameters : loaded 2 times (x 70B)
Class com.android.build.gradle.internal.dependency.SubtractingArtifactCollection$SubtractingArtifactResult$artifactResults$1: loaded 2 times (x 79B)
Class com.android.build.gradle.internal.scope.Java8LangSupport                        : loaded 2 times (x 79B)
Class org.jetbrains.kotlin.gradle.plugin.mpp.compilationImpl.factory.ConfigurationNaming: loaded 2 times (x 70B)
Class [Lorg.jetbrains.kotlin.tooling.core.HasExtras;                                  : loaded 2 times (x 69B)
Class org.jetbrains.kotlin.gradle.plugin.mpp.compilationImpl.DefaultKotlinCompilationPostConfigureKt: loaded 2 times (x 71B)
Class org.jetbrains.kotlin.gradle.internal.IdeaKt$isInIdeaEnvironment$1               : loaded 2 times (x 74B)
Class org.jetbrains.kotlin.gradle.tasks.configuration.BaseKotlinCompileConfig$configureCommonParameters$1: loaded 2 times (x 74B)
Class com.android.build.api.variant.impl.ResourcesApkPackagingImpl$excludes$1         : loaded 2 times (x 75B)
Class com.android.build.gradle.tasks.MergeResources$CreationAction$handleProvider$3   : loaded 2 times (x 78B)
Class com.android.build.gradle.internal.attributes.VariantAttr$ImplFactory            : loaded 2 times (x 75B)
Class com.android.build.gradle.internal.core.dsl.impl.VariantDslInfoImpl$initApplicationId$2: loaded 2 times (x 75B)
Class com.android.build.api.variant.DependenciesInfoBuilder                           : loaded 2 times (x 70B)
Class com.android.build.gradle.internal.core.dsl.impl.VariantDslInfoImpl$applicationId$2: loaded 2 times (x 79B)
Class com.android.build.gradle.internal.plugins.DslContainerProvider$lock$1           : loaded 2 times (x 74B)
Class com.android.build.gradle.internal.tasks.factory.TaskFactory                     : loaded 2 times (x 70B)
Class com.android.builder.core.DexOptions                                             : loaded 2 times (x 70B)
Class com.android.build.gradle.internal.dsl.LintImpl$AgpDecorated                     : loaded 2 times (x 223B)
Class com.android.build.gradle.internal.api.DefaultAndroidSourceSet                   : loaded 2 times (x 227B)
Class com.google.common.base.Converter$FunctionBasedConverter                         : loaded 2 times (x 90B)
Class com.google.common.util.concurrent.AbstractFuture$Waiter                         : loaded 2 times (x 72B)
Class com.android.build.gradle.internal.dependency.SourceSetManager                   : loaded 2 times (x 72B)
Class org.jetbrains.kotlin.gradle.dsl.DefaultToolchainSupport$wireToolchainToTasks$1$1: loaded 2 times (x 75B)
Class org.jetbrains.kotlin.gradle.utils.SingleActionPerProject                        : loaded 2 times (x 73B)
Class org.jetbrains.kotlin.gradle.plugin.DefaultKotlinBasePlugin                      : loaded 2 times (x 82B)
Class com.android.prefs.AbstractAndroidLocations                                      : loaded 2 times (x 82B)
Class com.google.protobuf.ExtensionRegistryLite                                       : loaded 2 times (x 74B)
Class com.android.ide.common.repository.AgpVersion$Companion                          : loaded 2 times (x 71B)
Class com.android.build.gradle.internal.plugins.AndroidPluginBaseServices$optionService$2: loaded 2 times (x 79B)
Class com.android.build.gradle.internal.plugins.AppPlugin$3                           : loaded 2 times (x 86B)
Class com.android.build.api.variant.AndroidComponentsExtension                        : loaded 2 times (x 70B)
Class com.android.build.gradle.internal.TaskManager$PreBuildCreationAction            : loaded 2 times (x 91B)
Class com.android.build.gradle.internal.attribution.CheckJetifierBuildService         : loaded 2 times (x 80B)
Class Settings_gradle                                                                 : loaded 2 times (x 124B)
Class com.android.build.gradle.internal.dependency.DexingOutputSplitTransformKt       : loaded 2 times (x 71B)
Class com.android.build.gradle.internal.attribution.CheckJetifierBuildService$Parameters: loaded 2 times (x 70B)
Class com.android.build.gradle.internal.test.AbstractTestDataImpl$testCoverageEnabled$1: loaded 2 times (x 79B)
Class org.gradle.internal.classloader.ClassLoaderHierarchy                            : loaded 2 times (x 70B)
Class org.jetbrains.kotlin.gradle.plugin.mpp.compilationImpl.KotlinCompilationCompilerOptionsFromTargetConfigurator: loaded 2 times (x 74B)
Class org.jetbrains.kotlin.gradle.plugin.mpp.compilationImpl.factory.DefaultKotlinCompilationSourceSetsContainerFactory$DefaultDefaultSourceSetNaming: loaded 2 times (x 74B)
Class [Lorg.jetbrains.kotlin.gradle.plugin.mpp.compilationImpl.DefaultKotlinCompilationFriendPathsResolver$FriendArtifactResolver;: loaded 2 times (x 69B)
Class org.jetbrains.kotlin.gradle.internal.IdeaKt$isInIdeaEnvironment$2               : loaded 2 times (x 74B)
Class org.jetbrains.kotlin.gradle.tasks.configuration.BaseKotlinCompileConfig$configureCommonParameters$2: loaded 2 times (x 75B)
Class com.android.build.gradle.tasks.MergeResources$CreationAction$handleProvider$4   : loaded 2 times (x 78B)
Class com.android.build.gradle.internal.component.NestedComponentCreationConfig       : loaded 2 times (x 70B)
Class com.android.build.api.variant.TestedComponentPackaging                          : loaded 2 times (x 70B)
Class [Lcom.android.builder.errors.IssueReporter$Type;                                : loaded 2 times (x 69B)
Class com.android.build.gradle.internal.core.InternalBaseVariant$MergedFlavor         : loaded 2 times (x 70B)
Class com.android.build.gradle.internal.core.dsl.impl.DslInfoBuilder                  : loaded 2 times (x 72B)
Class com.android.build.gradle.internal.plugins.DslContainerProvider$lock$2           : loaded 2 times (x 74B)
Class com.android.build.gradle.internal.dsl.CompileSdkReleaseSpecImpl                 : loaded 2 times (x 81B)
Class com.android.build.api.artifact.impl.PropertyAdapter                             : loaded 2 times (x 70B)
Class com.android.build.gradle.ProguardFiles$ProguardFile                             : loaded 2 times (x 79B)
Class com.android.build.gradle.internal.cxx.configure.NativeModelBuilderOutcomeOrBuilder: loaded 2 times (x 70B)
Class com.android.builder.testing.api.DeviceProvider                                  : loaded 2 times (x 77B)
Class com.android.build.gradle.internal.dsl.ExternalNativeBuild$AgpDecorated_Decorated: loaded 2 times (x 144B)
Class com.android.build.gradle.internal.dsl.DeviceGroupFactory                        : loaded 2 times (x 75B)
Class jdk.internal.jimage.BasicImageReader                                            : loaded 2 times (x 95B)
Class com.android.build.gradle.internal.plugins.AndroidPluginBaseServices             : loaded 2 times (x 78B)
Class com.android.build.api.dsl.Ndk                                                   : loaded 2 times (x 70B)
Class com.android.build.api.dsl.BundleStoreArchive                                    : loaded 2 times (x 70B)
Class com.android.build.api.dsl.BundleCodeTransparency                                : loaded 2 times (x 70B)
Class com.android.ide.common.gradle.Version$Companion                                 : loaded 2 times (x 71B)
Class org.jetbrains.kotlin.gradle.plugin.GradleUtilsKt                                : loaded 2 times (x 71B)
Class org.jetbrains.kotlin.gradle.internal.properties.PropertiesBuildService$Params$Inject_: loaded 2 times (x 106B)
Class org.jetbrains.kotlin.gradle.internal.properties.PropertiesBuildService          : loaded 2 times (x 76B)
Class org.jetbrains.kotlin.gradle.plugin.BuildFinishedListenerService$Companion$registerIfAbsent$1$1$1: loaded 2 times (x 75B)
Class com.android.builder.profile.ThreadRecorder                                      : loaded 2 times (x 76B)
Class com.android.build.gradle.internal.ClasspathVerifier                             : loaded 2 times (x 71B)
Class com.android.build.gradle.internal.plugins.BasePlugin$dslServices$2              : loaded 2 times (x 79B)
Class com.android.tools.analytics.AnalyticsSettingsData$Companion                     : loaded 2 times (x 71B)
Class com.google.gson.internal.bind.TreeTypeAdapter                                   : loaded 2 times (x 75B)
Class com.google.gson.internal.sql.SqlTimeTypeAdapter                                 : loaded 2 times (x 74B)
Class com.google.gson.InstanceCreator                                                 : loaded 2 times (x 70B)
Class com.android.build.gradle.internal.plugins.AndroidPluginBaseServices$optionService$2$1: loaded 2 times (x 78B)
Class com.android.build.gradle.internal.core.dsl.ApplicationVariantDslInfo            : loaded 2 times (x 70B)
Class com.android.build.gradle.internal.variant.DimensionCombination                  : loaded 2 times (x 70B)
Class com.android.build.gradle.internal.core.dsl.VariantDslInfo                       : loaded 2 times (x 70B)
Class com.android.build.gradle.internal.variant.VariantFactory                        : loaded 2 times (x 70B)
Class jdk.internal.jimage.decompressor.ZipDecompressor                                : loaded 2 times (x 75B)
Class com.android.build.gradle.internal.dependency.IdentityTransform$Parameters_Decorated: loaded 2 times (x 135B)
Class com.android.build.gradle.internal.cxx.gradle.generator.CxxConfigurationModelKt$ENABLE_CHECK_CONFIG_TIME_CONSTRUCTION$2: loaded 2 times (x 78B)
Class com.android.build.gradle.internal.scope.InternalArtifactType$UNIT_TEST_CONFIG_DIRECTORY: loaded 2 times (x 74B)
Class com.android.build.api.variant.impl.ResSourceDirectoriesImpl                     : loaded 2 times (x 92B)
Class com.android.build.gradle.tasks.ProcessTestManifest                              : loaded 2 times (x 353B)
Class com.android.build.gradle.internal.tasks.ExtractNativeDebugMetadataTask          : loaded 2 times (x 332B)
Class com.android.build.gradle.internal.scope.InternalArtifactType$EXTERNAL_FILE_LIB_DEX_ARCHIVES: loaded 2 times (x 74B)
Class org.jetbrains.kotlin.gradle.plugin.diagnostics.KotlinToolingDiagnosticsCollector: loaded 2 times (x 76B)
Class com.android.build.gradle.internal.scope.InternalArtifactType$COMPILE_APP_CLASSES_JAR: loaded 2 times (x 74B)
Class com.android.build.api.variant.impl.DexPackagingOptionsImpl                      : loaded 2 times (x 75B)
Class com.android.build.gradle.internal.tasks.MergeNativeLibsTaskKt                   : loaded 2 times (x 71B)
Class com.android.build.gradle.internal.scope.InternalArtifactType$ANDROID_RES_SOURCE_SET_PATH_MAP: loaded 2 times (x 74B)
Class com.android.build.gradle.tasks.MergeResources$CreationAction$handleProvider$5   : loaded 2 times (x 78B)
Class com.android.build.api.component.impl.MutableListBackedUpWithListProperty        : loaded 2 times (x 205B)
Class com.android.build.api.variant.VariantExtensionConfig                            : loaded 2 times (x 70B)
Class com.android.build.gradle.internal.core.dsl.AndroidTestComponentDslInfo          : loaded 2 times (x 70B)
Class com.android.build.api.variant.impl.VariantOutputConfigurationImplKt$WhenMappings: loaded 2 times (x 71B)
Class com.android.build.gradle.internal.dependency.VariantDependencies                : loaded 2 times (x 76B)
Class com.android.build.gradle.internal.plugins.DslContainerProvider$lock$3           : loaded 2 times (x 74B)
Class com.android.builder.model.v2.models.ndk.NativeModelBuilderParameter             : loaded 2 times (x 70B)
Class com.google.wireless.android.sdk.stats.GradleProjectOptionsSettings              : loaded 2 times (x 220B)
Class com.android.build.gradle.internal.api.artifact.SourceArtifactType               : loaded 2 times (x 74B)
Class com.android.build.gradle.internal.dsl.decorator.annotation.RuntimeGuardedExperimentalApi: loaded 2 times (x 70B)
Class com.android.build.api.dsl.AgpTestSuite                                          : loaded 2 times (x 70B)
Class com.android.build.api.dsl.MaxSdkVersion                                         : loaded 2 times (x 70B)
Class [Lcom.android.build.gradle.internal.dsl.decorator.SupportedPropertyType;        : loaded 2 times (x 69B)
Class org.jetbrains.kotlin.tooling.core.MutableExtrasImpl                             : loaded 2 times (x 165B)
Class org.jetbrains.kotlin.gradle.utils.FileUtilsKt                                   : loaded 2 times (x 71B)
Class com.android.build.gradle.internal.errors.AndroidProblemReporterProvider$Parameters$Inject_: loaded 2 times (x 106B)
Class com.android.build.gradle.internal.errors.AndroidProblemReporterProvider$Inject_ : loaded 2 times (x 96B)
Class com.google.protobuf.MapField                                                    : loaded 2 times (x 89B)
Class com.android.builder.profile.NameAnonymizer                                      : loaded 2 times (x 72B)
Class [Lcom.android.tools.analytics.Environment$EnvironmentVariable;                  : loaded 2 times (x 69B)
Class com.android.SdkConstants                                                        : loaded 2 times (x 71B)
Class com.google.gson.internal.bind.TypeAdapters$20                                   : loaded 2 times (x 75B)
Class com.android.build.gradle.internal.services.R8D8ThreadPoolBuildService$Companion : loaded 2 times (x 71B)
Class com.google.protobuf.CodedInputStream$UnsafeDirectNioDecoder                     : loaded 2 times (x 120B)
Class com.android.build.api.instrumentation.manageddevice.ManagedDeviceRegistry       : loaded 2 times (x 70B)
Class com.android.build.gradle.internal.services.GlobalServiceRegistrationAction$execute$1: loaded 2 times (x 75B)
Class com.android.build.gradle.internal.services.RunOnceBuildService                  : loaded 2 times (x 70B)
Class org.gradle.internal.classpath.DefaultClassPath$ImmutableUniqueList$Builder      : loaded 2 times (x 75B)
Class com.android.build.gradle.internal.dependency.DexingRegistration$ComponentSpecificParameters: loaded 2 times (x 72B)
Class com.android.build.gradle.internal.utils.DesugarLibUtils                         : loaded 2 times (x 71B)
Class com.android.build.gradle.internal.dependency.AarResourcesCompilerTransform$Inject_1: loaded 2 times (x 109B)
Class com.android.build.gradle.internal.cxx.configure.NdkLocator                      : loaded 2 times (x 72B)
Class com.android.build.api.variant.impl.TestVariantImpl                              : loaded 2 times (x 681B)
Class com.android.build.gradle.internal.tasks.SdkDependencyDataGeneratorTask$CreationAction: loaded 2 times (x 90B)
Class com.android.build.gradle.internal.tasks.BundleReportDependenciesTask            : loaded 2 times (x 327B)
Class com.android.build.gradle.internal.tasks.CheckDuplicateClassesTask               : loaded 2 times (x 326B)
Class org.jetbrains.kotlin.gradle.plugin.mpp.KotlinCompilationFactory$DefaultImpls    : loaded 2 times (x 71B)
Class org.jetbrains.kotlin.gradle.plugin.mpp.compilationImpl.factory.DefaultKotlinCompilationDependencyConfigurationsFactory: loaded 2 times (x 75B)
Class com.android.build.api.variant.JniLibsTestedApkPackaging                         : loaded 2 times (x 70B)
Class com.android.build.gradle.internal.scope.InternalArtifactType$JAVA_RES           : loaded 2 times (x 74B)
Class com.android.build.gradle.tasks.MergeResources$CreationAction$handleProvider$6   : loaded 2 times (x 78B)
Class [Lcom.android.build.gradle.tasks.MergeResources$Flag;                           : loaded 2 times (x 69B)
Class com.android.build.gradle.internal.dependency.ProvidedClasspathSubtractor$excludes$1: loaded 2 times (x 79B)
Class com.android.build.api.component.impl.features.OptimizationCreationConfigImpl    : loaded 2 times (x 85B)
Class com.android.build.gradle.internal.dependency.VariantDependencies$WhenMappings   : loaded 2 times (x 71B)
Class com.android.build.api.variant.impl.CodeTransparencyImpl                         : loaded 2 times (x 75B)
Class com.android.build.api.variant.InternalSources                                   : loaded 2 times (x 70B)
Class com.android.build.gradle.internal.plugins.DslContainerProvider$lock$4           : loaded 2 times (x 75B)
Class com.android.build.api.dsl.CompileSdkReleaseSpec                                 : loaded 2 times (x 70B)
Class com.android.build.gradle.internal.core.InternalBaseVariant                      : loaded 2 times (x 70B)
Class com.android.build.gradle.internal.scope.DelayedActionsExecutor                  : loaded 2 times (x 72B)
Class org.jetbrains.kotlin.gradle.internal.properties.PropertiesBuildService$Companion$registerIfAbsent$1: loaded 2 times (x 75B)
Class org.jetbrains.kotlin.gradle.plugin.internal.DefaultConfigurationCacheStartParameterAccessorVariantFactory: loaded 2 times (x 76B)
Class org.jetbrains.kotlin.gradle.dsl.KotlinCommonCompilerToolOptions                 : loaded 2 times (x 70B)
Class com.android.build.gradle.internal.plugins.BasePlugin$Companion$createAndroidJdkImageConfiguration$1: loaded 2 times (x 74B)
Class [Lcom.android.prefs.LocationValue;                                              : loaded 2 times (x 69B)
Class org.jetbrains.kotlin.gradle.plugin.KotlinPlatformType$Companion                 : loaded 2 times (x 71B)
Class org.jetbrains.kotlin.gradle.plugin.KotlinPlatformType$DisambiguationRule        : loaded 2 times (x 76B)
Class com.android.build.api.dsl.DynamicFeatureVariantDimension                        : loaded 2 times (x 70B)
Class com.google.gson.internal.bind.TypeAdapters$21                                   : loaded 2 times (x 75B)
Class com.google.gson.FieldNamingPolicy$1                                             : loaded 2 times (x 83B)
Class com.android.utils.Environment                                                   : loaded 2 times (x 74B)
Class com.android.build.gradle.internal.plugins.LibraryPlugin                         : loaded 2 times (x 97B)
Class com.android.build.gradle.AssetPackPluginKt                                      : loaded 2 times (x 71B)
Class com.android.build.gradle.internal.dependency.AarTransform$Companion             : loaded 2 times (x 71B)
Class com.android.build.api.variant.impl.FlatSourceDirectoriesForJavaImpl$internalGenerators$2$1: loaded 2 times (x 76B)
Class com.android.build.api.variant.SourceDirectories                                 : loaded 2 times (x 70B)
Class com.android.build.gradle.internal.core.dsl.DynamicFeatureVariantDslInfo         : loaded 2 times (x 70B)
Class com.android.build.gradle.internal.tasks.DexMergingTask$CreationAction$WhenMappings: loaded 2 times (x 71B)
Class com.android.build.gradle.internal.tasks.CheckDuplicateClassesTask$CreationAction: loaded 2 times (x 90B)
Class com.android.build.gradle.internal.tasks.MergeJavaResourceTask                   : loaded 2 times (x 360B)
Class [Lorg.jetbrains.kotlin.gradle.plugin.sources.ConsistencyCheck;                  : loaded 2 times (x 69B)
Class com.android.build.gradle.tasks.MergeSourceSetFolders$MergeAssetBaseCreationAction: loaded 2 times (x 91B)
Class com.android.build.gradle.internal.tasks.ProcessNavigationXmlTask                : loaded 2 times (x 331B)
Class com.android.build.gradle.internal.scope.InternalArtifactType$CHECK_MANIFEST_RESULT: loaded 2 times (x 74B)
Class com.android.build.api.component.impl.OldVariantApiLegacySupportImpl             : loaded 2 times (x 89B)
Class com.android.build.api.component.impl.features.OptimizationCreationConfigImpl$proguardFiles$2: loaded 2 times (x 79B)
Class com.android.build.gradle.internal.scope.InternalArtifactType$NESTED_RESOURCES_VALIDATION_REPORT: loaded 2 times (x 74B)
Class com.android.build.gradle.internal.HostTestTaskManager$createTopLevelTasksCore$1 : loaded 2 times (x 75B)
Class com.android.build.gradle.internal.core.MergedExternalNativeBuildOptions         : loaded 2 times (x 87B)
Class com.android.build.api.variant.impl.ApplicationVariantImpl$dexing$2              : loaded 2 times (x 79B)
Class com.android.build.gradle.internal.VariantManager$getFlavorSelection$1           : loaded 2 times (x 78B)
Class com.android.build.gradle.internal.dsl.ModulePropertyKey                         : loaded 2 times (x 70B)
Class com.android.build.gradle.internal.core.dsl.impl.ComponentDslInfoImpl$androidResourcesDsl$2: loaded 2 times (x 79B)
Class com.android.build.gradle.internal.VariantManager$getLazyManifestParser$1        : loaded 2 times (x 79B)
Class com.android.build.gradle.internal.plugins.DslContainerProvider$lock$5           : loaded 2 times (x 75B)
Class com.android.build.gradle.internal.dsl.BundleOptionsStoreArchive$AgpDecorated    : loaded 2 times (x 81B)
Class com.android.build.gradle.internal.dsl.ApplicationExtensionImpl$AgpDecorated_Decorated: loaded 2 times (x 468B)
Class com.android.build.gradle.internal.dsl.decorator.SupportedPropertyType$Collection$Set: loaded 2 times (x 74B)
Class org.jetbrains.kotlin.gradle.report.ReportingSettings                            : loaded 2 times (x 72B)
Class org.jetbrains.kotlin.gradle.plugin.KotlinBasePluginWrapper                      : loaded 2 times (x 86B)
Class com.android.build.gradle.internal.plugins.BasePlugin$Companion$createAndroidJdkImageConfiguration$2: loaded 2 times (x 74B)
Class com.android.build.gradle.internal.ManagedDeviceUtilsKt                          : loaded 2 times (x 71B)
Class com.android.build.gradle.internal.dsl.ConsumerKeepRulesImpl                     : loaded 2 times (x 92B)
Class com.google.gson.internal.bind.TypeAdapters$22                                   : loaded 2 times (x 75B)
Class com.google.gson.TypeAdapter$1                                                   : loaded 2 times (x 74B)
Class com.google.gson.FieldNamingPolicy$2                                             : loaded 2 times (x 83B)
Class com.google.gson.internal.Excluder$1                                             : loaded 2 times (x 74B)
Class com.android.build.gradle.internal.dsl.VcsInfoImpl                               : loaded 2 times (x 77B)
Class com.android.build.gradle.internal.dsl.CompileSdkSpecImpl                        : loaded 2 times (x 86B)
Class com.android.build.gradle.internal.services.GlobalServiceRegistrationAction      : loaded 2 times (x 73B)
Class com.android.build.gradle.internal.dsl.CoreExternalNativeCmakeOptions            : loaded 2 times (x 70B)
Class org.gradle.internal.exceptions.NonGradleCauseExceptionsHolder                   : loaded 2 times (x 70B)
Class org.jetbrains.kotlin.cli.common.arguments.K2JVMCompilerArguments                : loaded 2 times (x 76B)
Class com.android.build.gradle.internal.tasks.SigningReportTask                       : loaded 2 times (x 314B)
Class com.android.build.gradle.internal.tasks.ListingFileRedirectTask$CreationAction$handleProvider$1: loaded 2 times (x 127B)
Class com.android.build.gradle.internal.res.LinkApplicationAndroidResourcesTask$CreationAction: loaded 2 times (x 96B)
Class com.android.build.gradle.tasks.ProcessApplicationManifest$CreationAction$handleProvider$1: loaded 2 times (x 127B)
Class com.android.build.gradle.internal.HostTestTaskManager$createTopLevelTasksCore$2 : loaded 2 times (x 75B)
Class com.android.build.api.instrumentation.FramesComputationMode                     : loaded 2 times (x 79B)
Class com.android.build.api.variant.DependenciesInfo                                  : loaded 2 times (x 70B)
Class com.android.build.gradle.internal.VariantManager$getFlavorSelection$2           : loaded 2 times (x 79B)
Class com.android.build.api.variant.impl.GlobalVariantBuilderConfigImpl               : loaded 2 times (x 77B)
Class com.android.build.gradle.internal.plugins.DslContainerProvider$lock$6           : loaded 2 times (x 75B)
Class com.android.build.gradle.internal.dsl.TargetSdkSpecImpl$AgpDecorated_Decorated  : loaded 2 times (x 129B)
Class com.android.build.gradle.internal.lint.AndroidLintGlobalTask$LintFixCreationAction$Companion: loaded 2 times (x 71B)
Class com.android.build.api.artifact.impl.SinglePropertyAdapter                       : loaded 2 times (x 78B)
Class com.android.build.api.artifact.impl.TypedStorageProvider                        : loaded 2 times (x 72B)
Class com.android.build.gradle.internal.plugins.BasePlugin$globalConfig$2$1           : loaded 2 times (x 79B)
Class com.android.build.gradle.internal.dsl.TestOptions$suites$2                      : loaded 2 times (x 79B)
Class com.android.build.gradle.internal.dsl.VariantDimensionBinaryCompatibilityFixParent: loaded 2 times (x 70B)
Class com.android.ide.common.gradle.Version                                           : loaded 2 times (x 75B)
Class org.jetbrains.kotlin.gradle.dsl.JvmDefaultMode                                  : loaded 2 times (x 79B)
Class org.jetbrains.kotlin.gradle.plugin.ProjectLocalConfigurations$ProjectLocalCompatibility: loaded 2 times (x 76B)
Class org.jetbrains.kotlin.gradle.plugin.internal.DefaultMavenPublicationComponentAccessor: loaded 2 times (x 75B)
Class org.jetbrains.kotlin.gradle.plugin.internal.DefaultProjectIsolationStartParameterAccessor$Factory: loaded 2 times (x 76B)
Class org.jetbrains.kotlin.gradle.dsl.KotlinJvmCompilerOptions                        : loaded 2 times (x 70B)
Class com.android.build.gradle.internal.services.VersionedSdkLoaderService$versionedSdkLoader$2$1: loaded 2 times (x 75B)
Class com.android.build.gradle.internal.ide.dependencies.LibraryDependencyCacheBuildService$Parameters: loaded 2 times (x 70B)
Class com.google.wireless.android.sdk.stats.GradleBuildMemorySample                   : loaded 2 times (x 203B)
Class com.android.build.gradle.internal.res.Aapt2FromMaven$Companion$create$aapt2Directory$1$1: loaded 2 times (x 74B)
Class com.google.gson.internal.bind.TypeAdapters$23                                   : loaded 2 times (x 75B)
Class com.google.common.collect.ForwardingMap                                         : loaded 2 times (x 132B)
Class com.google.gson.FieldNamingPolicy$3                                             : loaded 2 times (x 83B)
Class com.android.build.api.dsl.AndroidSourceFile                                     : loaded 2 times (x 70B)
Class com.android.build.gradle.options.ProjectOptions$OptionValue                     : loaded 2 times (x 72B)
Class com.android.build.api.dsl.ApkExtension                                          : loaded 2 times (x 70B)
Class jdk.internal.jimage.ImageStrings                                                : loaded 2 times (x 70B)
Class com.android.build.gradle.internal.publishing.PublishingSpecs$Companion$1        : loaded 2 times (x 78B)
Class com.android.build.api.variant.impl.JniLibsTestedApkPackagingImpl$testOnly$1     : loaded 2 times (x 75B)
Class com.android.build.gradle.internal.tasks.CompressAssetsTask$CreationAction$handleProvider$1: loaded 2 times (x 127B)
Class com.android.build.api.component.impl.features.AndroidResourcesCreationConfigImpl$pseudoLocalesEnabled$2: loaded 2 times (x 79B)
Class com.android.build.gradle.tasks.ProcessMultiApkApplicationManifest$CreationAction: loaded 2 times (x 90B)
Class com.android.build.gradle.tasks.ProcessApplicationManifest$CreationAction$handleProvider$2: loaded 2 times (x 127B)
Class com.android.build.gradle.internal.tasks.PrepareLintJarForPublish                : loaded 2 times (x 321B)
Class com.android.build.gradle.internal.VariantTaskManager$Companion                  : loaded 2 times (x 71B)
Class com.android.build.api.variant.VariantOutputConfiguration                        : loaded 2 times (x 70B)
Class com.android.build.gradle.internal.core.dsl.impl.ApplicationVariantDslInfoImpl$versionCode$2: loaded 2 times (x 79B)
Class com.android.build.gradle.internal.tasks.ExtractProguardFiles$CreationAction$handleProvider$1: loaded 2 times (x 127B)
Class com.android.build.gradle.internal.dsl.SdkComponentsImpl$ndkDirectory$2          : loaded 2 times (x 79B)
Class com.google.wireless.android.sdk.stats.GradleBuildProject$CompileOptionsOrBuilder: loaded 2 times (x 70B)
Class com.android.build.gradle.internal.dsl.Splits$AgpDecorated_Decorated             : loaded 2 times (x 129B)
Class com.android.repository.Revision$Precision                                       : loaded 2 times (x 79B)
Class com.android.build.api.dsl.ApplicationInstallation                               : loaded 2 times (x 70B)
Class com.android.build.api.dsl.ConfigurableFiles                                     : loaded 2 times (x 70B)
Class org.jetbrains.kotlin.gradle.utils.Completable                                   : loaded 2 times (x 72B)
Class org.jetbrains.kotlin.gradle.plugin.DefaultKotlinBasePlugin$addKotlinCompilerConfiguration$2$1: loaded 2 times (x 75B)
Class org.jetbrains.kotlin.gradle.plugin.internal.DefaultCompatibilityConventionRegistrar$Factory: loaded 2 times (x 76B)
Class com.android.builder.internal.StringCachingService                               : loaded 2 times (x 70B)
Class com.google.protobuf.Internal$EnumLiteMap                                        : loaded 2 times (x 70B)
Class com.google.wireless.android.sdk.stats.GradleBuildMemorySample$1                 : loaded 2 times (x 151B)
Class com.google.gson.internal.bind.TypeAdapters$34$1                                 : loaded 2 times (x 74B)
Class com.google.gson.internal.bind.TypeAdapters$24                                   : loaded 2 times (x 75B)
Class com.google.gson.FieldNamingPolicy$4                                             : loaded 2 times (x 83B)
Class com.android.build.gradle.internal.dsl.ManagedDevices                            : loaded 2 times (x 80B)
Class com.android.build.gradle.options.FeatureStage$Experimental                      : loaded 2 times (x 72B)
Class [Lcom.android.build.gradle.internal.errors.DeprecationReporter$DeprecationTarget;: loaded 2 times (x 69B)
Class com.android.build.gradle.internal.services.ProjectServices                      : loaded 2 times (x 72B)
Class com.android.build.gradle.internal.dependency.ExtractNavigationXmlTransform$Inject_1: loaded 2 times (x 109B)
Class com.android.build.gradle.internal.dependency.ClassesDirToClassesTransform$Inject_1: loaded 2 times (x 109B)
Class com.android.build.gradle.internal.services.Aapt2Input                           : loaded 2 times (x 70B)
Class com.android.build.gradle.internal.SdkLocationSourceSet                          : loaded 2 times (x 72B)
Class com.android.build.api.variant.impl.SigningConfigImpl$storeType$1                : loaded 2 times (x 75B)
Class org.jetbrains.kotlin.gradle.dsl.KotlinVersion$Companion                         : loaded 2 times (x 71B)
Class org.jetbrains.kotlin.gradle.plugin.mpp.KotlinOnlyTarget                         : loaded 2 times (x 153B)
Class com.android.build.gradle.tasks.KotlinTaskCreationAction                         : loaded 2 times (x 76B)
Class com.android.build.gradle.tasks.ProcessApplicationManifest$CreationAction$handleProvider$3: loaded 2 times (x 127B)
Class com.android.build.gradle.internal.scope.InternalArtifactType$APK_IDE_MODEL      : loaded 2 times (x 74B)
Class com.android.build.gradle.internal.ScreenshotTestTaskManager                     : loaded 2 times (x 82B)
Class com.android.build.api.component.impl.HostTestImpl$androidResourcesCreationConfig$2: loaded 2 times (x 79B)
Class com.android.build.gradle.internal.variant.TestVariantData                       : loaded 2 times (x 72B)
Class com.android.build.gradle.internal.scope.MutableTaskContainer                    : loaded 2 times (x 96B)
Class com.android.build.api.attributes.AgpVersionAttr$Companion                       : loaded 2 times (x 71B)
Class com.android.build.api.variant.impl.DeviceTestBuilderImpl$Companion              : loaded 2 times (x 71B)
Class com.android.build.gradle.internal.core.MergedOptimization                       : loaded 2 times (x 76B)
Class com.android.build.gradle.internal.core.dsl.impl.ComponentDslInfoImpl            : loaded 2 times (x 120B)
Class com.android.build.gradle.internal.manifest.ManifestValueSource$Params           : loaded 2 times (x 70B)
Class com.android.build.gradle.internal.services.VariantBuilderServicesImpl           : loaded 2 times (x 88B)
Class com.android.build.gradle.internal.dsl.BundleOptionsDensity$AgpDecorated_Decorated: loaded 2 times (x 125B)
Class com.android.build.gradle.internal.dsl.AdbOptions                                : loaded 2 times (x 87B)
Class com.android.build.api.artifact.ArtifactKind                                     : loaded 2 times (x 72B)
Class com.android.build.gradle.internal.dsl.PackagingOptions                          : loaded 2 times (x 111B)
Class com.android.build.api.dsl.JavaCompileOptions                                    : loaded 2 times (x 70B)
Class com.android.build.gradle.internal.dsl.BundleOptionsTexture                      : loaded 2 times (x 81B)
Class org.bouncycastle.operator.OperatorCreationException                             : loaded 2 times (x 82B)
Class org.jetbrains.kotlin.gradle.dsl.DefaultToolchainSupport                         : loaded 2 times (x 76B)
Class org.jetbrains.kotlin.gradle.plugin.VariantImplementationFactories$Inject_       : loaded 2 times (x 106B)
Class org.jetbrains.kotlin.gradle.plugin.internal.CustomPropertiesFileValueSource     : loaded 2 times (x 82B)
Class org.jetbrains.kotlin.gradle.InternalKotlinGradlePluginApi                       : loaded 2 times (x 70B)
Class com.android.build.gradle.internal.plugins.BasePlugin$versionedSdkLoaderService$2$1: loaded 2 times (x 79B)
Class [Lcom.android.prefs.VariableType;                                               : loaded 2 times (x 69B)
Class com.android.build.gradle.internal.dsl.CmakeOptions$AgpDecorated_Decorated       : loaded 2 times (x 146B)
Class com.google.protobuf.LazyStringList                                              : loaded 2 times (x 70B)
Class com.google.gson.internal.bind.TypeAdapters$25                                   : loaded 2 times (x 75B)
Class com.google.gson.FieldNamingPolicy$5                                             : loaded 2 times (x 83B)
Class com.android.utils.Environment$Companion                                         : loaded 2 times (x 71B)
Class com.android.build.gradle.internal.plugins.VersionCheckPlugin$apply$1            : loaded 2 times (x 79B)
Class org.gradle.accessors.dm.LibrariesForLibs$AndroidPluginAccessors                 : loaded 2 times (x 74B)
Class org.jetbrains.kotlin.cli.common.arguments.CommonCompilerArguments               : loaded 2 times (x 75B)
Class com.android.build.api.artifact.SingleArtifact$OBFUSCATION_MAPPING_FILE          : loaded 2 times (x 74B)
Class com.android.build.gradle.internal.dependency.DexingOutputSplitTransform$DexOutput: loaded 2 times (x 79B)
Class com.android.build.gradle.internal.dependency.LibrarySymbolTableTransform$Inject_1: loaded 2 times (x 109B)
Class com.android.build.gradle.internal.NdkHandlerInput                               : loaded 2 times (x 73B)
Class com.android.build.gradle.internal.scope.InternalArtifactType$CODE_COVERAGE      : loaded 2 times (x 74B)
Class com.android.build.api.variant.impl.FileBasedDirectoryEntryImpl                  : loaded 2 times (x 85B)
Class com.android.build.gradle.internal.scope.InternalArtifactType$NATIVE_SYMBOL_TABLES: loaded 2 times (x 74B)
Class [Lcom.android.build.gradle.internal.scope.Java8LangSupport;                     : loaded 2 times (x 69B)
Class com.android.build.gradle.internal.tasks.MergeGeneratedProguardFilesCreationAction$Companion: loaded 2 times (x 71B)
Class org.jetbrains.kotlin.gradle.internal.CompilerOptionsDslHelpersKt                : loaded 2 times (x 71B)
Class org.jetbrains.kotlin.gradle.internal.transforms.BuildToolsApiClasspathEntrySnapshotTransform$Inject_1: loaded 2 times (x 113B)
Class com.android.build.gradle.internal.component.KmpComponentCreationConfig          : loaded 2 times (x 70B)
Class com.android.build.gradle.tasks.ProcessApplicationManifest$CreationAction$handleProvider$4: loaded 2 times (x 74B)
Class com.android.build.gradle.tasks.ProcessApplicationManifest                       : loaded 2 times (x 355B)
Class com.android.build.gradle.internal.scope.AndroidTestBuildFeatureValuesImpl       : loaded 2 times (x 100B)
Class com.android.build.gradle.internal.plugins.BasePlugin$variantManager$2$1         : loaded 2 times (x 79B)
Class com.android.build.gradle.internal.tasks.factory.GlobalTaskCreationConfigImpl$Companion: loaded 2 times (x 71B)
Class com.android.build.api.dsl.UnitTestOptions                                       : loaded 2 times (x 70B)
Class com.android.builder.core.ToolsRevisionUtils                                     : loaded 2 times (x 71B)
Class com.android.build.gradle.internal.dsl.SdkComponentsImpl_Decorated               : loaded 2 times (x 130B)
Class com.android.builder.model.BaseConfig                                            : loaded 2 times (x 70B)
Class com.android.build.gradle.internal.dsl.AndroidSourceSetFactory                   : loaded 2 times (x 77B)
Class [Lcom.google.wireless.android.sdk.stats.GradleBuildVariant$VariantType;         : loaded 2 times (x 69B)
Class [Lcom.android.ide.common.gradle.Separator;                                      : loaded 2 times (x 69B)
Class org.jetbrains.kotlin.gradle.internal.properties.NativePropertiesLoader$konanDataDirProperty$1: loaded 2 times (x 75B)
Class org.jetbrains.kotlin.gradle.plugin.KotlinGradleBuildServices$Inject_            : loaded 2 times (x 100B)
Class org.jetbrains.kotlin.gradle.plugin.KotlinGradleBuildServices$Companion$registerIfAbsent$2$1: loaded 2 times (x 79B)
Class org.jetbrains.kotlin.gradle.plugin.PropertiesProvider$keepIncrementalCompilationCachesInMemory$1: loaded 2 times (x 79B)
Class org.jetbrains.kotlin.gradle.plugin.VariantImplementationFactoriesConfigurator$Inject_: loaded 2 times (x 96B)
Class com.android.build.gradle.internal.services.FakeDependencyJarBuildService$FakeDependencyJarCreator$Params: loaded 2 times (x 70B)
Class com.android.prefs.QueryResult                                                   : loaded 2 times (x 82B)
Class com.android.tools.analytics.HostData$runtimeBean$2                              : loaded 2 times (x 78B)
Class com.google.protobuf.MutabilityOracle                                            : loaded 2 times (x 70B)
Class com.google.protobuf.GeneratedMessageV3$Builder                                  : loaded 2 times (x 278B)
Class com.google.gson.internal.bind.ArrayTypeAdapter                                  : loaded 2 times (x 74B)
Class com.google.gson.internal.bind.TypeAdapters$26                                   : loaded 2 times (x 75B)
Class com.google.gson.FieldNamingPolicy$6                                             : loaded 2 times (x 83B)
Class com.android.build.gradle.options.ApiStage$Removed                               : loaded 2 times (x 72B)
Class com.android.build.gradle.internal.plugins.BasePlugin$apply$1                    : loaded 2 times (x 75B)
Class com.android.build.gradle.internal.tasks.SigningConfigUtils$Companion$gson$2     : loaded 2 times (x 78B)
Class kotlin.enums.EnumEntriesKt                                                      : loaded 2 times (x 71B)
Class org.jetbrains.kotlin.cli.common.arguments.CommonCompilerArgumentsConfigurator   : loaded 2 times (x 74B)
Class com.google.common.reflect.Types$NativeTypeVariableEquals                        : loaded 2 times (x 71B)
Class com.google.common.reflect.TypeParameter                                         : loaded 2 times (x 72B)
Class com.android.build.gradle.tasks.AidlCompile                                      : loaded 2 times (x 330B)
Class com.android.build.gradle.tasks.GenerateBuildConfig                              : loaded 2 times (x 338B)
Class com.android.build.gradle.internal.dependency.RecalculateStackFramesTransform$Companion$registerRecalculateStackFramesTransform$1$1: loaded 2 times (x 75B)
Class com.android.build.gradle.internal.dependency.RecalculateStackFramesTransform    : loaded 2 times (x 79B)
Class com.android.build.gradle.internal.coverage.tasks.CodeCoverageCollectionTask     : loaded 2 times (x 334B)
Class com.android.build.gradle.internal.coverage.tasks.CodeCoverageCollectionTask$BaseCoverageCollectionCreationAction: loaded 2 times (x 91B)
Class com.android.build.api.artifact.SingleArtifact$BUNDLE                            : loaded 2 times (x 74B)
Class com.android.build.gradle.internal.tasks.ApplicationTaskManager$doCreateTasksForVariant$d8DexStartupOptimizationEnabled$1: loaded 2 times (x 74B)
Class com.android.build.gradle.internal.scope.InternalArtifactType$DEX_METADATA_DIRECTORY: loaded 2 times (x 74B)
Class org.jetbrains.kotlin.gradle.dsl.KotlinJvmCompile                                : loaded 2 times (x 70B)
Class com.android.build.gradle.internal.scope.InternalArtifactType$ANNOTATION_PROCESSOR_LIST: loaded 2 times (x 74B)
Class com.android.build.gradle.tasks.GenerateManifestJarTask$CreationAction           : loaded 2 times (x 90B)
Class com.android.build.gradle.internal.tasks.ExtractNativeDebugMetadataTask$CreationAction: loaded 2 times (x 91B)
Class com.android.build.gradle.internal.core.dsl.InstrumentedTestComponentDslInfo     : loaded 2 times (x 70B)
Class com.android.build.api.variant.impl.VariantImpl$pseudoLocalesEnabled$2           : loaded 2 times (x 79B)
Class com.android.build.api.component.impl.ComponentImpl$oldVariantApiLegacySupport$2 : loaded 2 times (x 79B)
Class com.android.build.gradle.internal.core.dsl.impl.DslInfoBuilder$Companion        : loaded 2 times (x 71B)
Class com.android.build.gradle.internal.api.ReadOnlyObjectProvider                    : loaded 2 times (x 76B)
Class com.android.builder.core.LibraryRequest                                         : loaded 2 times (x 72B)
Class com.google.common.base.Enums                                                    : loaded 2 times (x 71B)
Class com.android.builder.model.VectorDrawablesOptions                                : loaded 2 times (x 70B)
Class com.android.build.api.artifact.impl.SingleInitialProviderRequestImpl$on$2       : loaded 2 times (x 75B)
Class com.android.build.gradle.internal.dsl.MaxSdkSpecImpl                            : loaded 2 times (x 79B)
Class com.android.build.gradle.internal.dsl.DefaultConfig                             : loaded 2 times (x 438B)
Class org.jetbrains.kotlin.gradle.plugin.UsesVariantImplementationFactories           : loaded 2 times (x 70B)
Class org.jetbrains.kotlin.gradle.internal.Kapt3GradleSubplugin                       : loaded 2 times (x 83B)
Class com.android.build.gradle.internal.services.AndroidLocationsBuildService$AndroidDirectoryCreator$Inject_: loaded 2 times (x 111B)
Class com.android.build.api.annotations.ReplacedByIncubating                          : loaded 2 times (x 70B)
Class com.google.gson.internal.bind.TypeAdapters$27                                   : loaded 2 times (x 75B)
Class com.google.gson.FieldNamingPolicy$7                                             : loaded 2 times (x 83B)
Class com.android.build.gradle.internal.attributes.VariantAttr                        : loaded 2 times (x 70B)
Class [Lcom.android.build.gradle.options.BooleanOption;                               : loaded 2 times (x 69B)
Class com.android.build.gradle.internal.services.ServiceRegistrationAction$execute$1  : loaded 2 times (x 75B)
Class [Lcom.google.common.util.concurrent.DirectExecutor;                             : loaded 2 times (x 69B)
Class org.gradle.internal.classloader.SystemClassLoaderSpec                           : loaded 2 times (x 71B)
Class com.android.build.gradle.internal.dependency.RecalculateStackFramesTransform$Companion$registerRecalculateStackFramesTransform$1$2: loaded 2 times (x 77B)
Class com.android.build.gradle.internal.dependency.DexingRegistration                 : loaded 2 times (x 71B)
Class com.android.build.gradle.internal.dependency.ExtractProGuardRulesTransform$Companion: loaded 2 times (x 71B)
Class com.android.build.gradle.internal.SdkComponentsBuildService$VersionedNdkHandler : loaded 2 times (x 72B)
Class com.android.build.api.variant.DynamicFeatureVariant                             : loaded 2 times (x 70B)
Class com.android.build.gradle.internal.tasks.creationconfig.TestComponentProcessTestManifestCreationConfig: loaded 2 times (x 138B)
Class com.android.build.gradle.internal.tasks.ApplicationTaskManager$createDynamicBundleTask$1: loaded 2 times (x 75B)
Class com.android.build.gradle.internal.services.R8D8ThreadPoolBuildService$Parameters_Decorated: loaded 2 times (x 127B)
Class org.jetbrains.kotlin.gradle.plugin.mpp.compilationImpl.factory.KotlinCompilationImplFactory$PostConfigure: loaded 2 times (x 70B)
Class org.jetbrains.kotlin.gradle.tasks.configuration.BaseKotlinCompileConfig$1$1     : loaded 2 times (x 75B)
Class com.android.build.gradle.internal.res.GenerateLibraryRFileTask                  : loaded 2 times (x 342B)
Class com.android.build.gradle.internal.scope.InternalArtifactType$MERGED_RES_BLAME_FOLDER: loaded 2 times (x 74B)
Class com.android.build.gradle.internal.AndroidTestTaskManager                        : loaded 2 times (x 82B)
Class com.android.build.gradle.internal.core.dsl.impl.HostTestComponentDslInfoImpl$namespace$2: loaded 2 times (x 79B)
Class com.android.build.api.variant.TestFixtures                                      : loaded 2 times (x 70B)
Class com.android.build.api.variant.DeviceTest                                        : loaded 2 times (x 70B)
Class com.android.build.gradle.internal.core.dsl.impl.ConsumableComponentDslInfoImpl$renderscriptDslInfo$2: loaded 2 times (x 79B)
Class com.android.build.gradle.internal.dsl.SdkComponentsImpl$aidl$2                  : loaded 2 times (x 79B)
Class com.android.build.gradle.internal.dsl.CmakeOptions$AgpDecorated                 : loaded 2 times (x 102B)
Class com.android.build.gradle.internal.dependency.SourceSetManager$createConfigurationsForSourceSet$createKaptConfiguration$1: loaded 2 times (x 79B)
Class com.android.build.gradle.internal.dsl.JavaCompileOptions$AgpDecorated           : loaded 2 times (x 86B)
Class com.android.build.gradle.internal.dsl.CoreExternalNativeNdkBuildOptions         : loaded 2 times (x 70B)
Class com.android.build.api.dsl.NdkBuildFlags                                         : loaded 2 times (x 70B)
Class com.google.common.base.CaseFormat                                               : loaded 2 times (x 83B)
Class com.android.build.gradle.internal.dsl.DefaultConfig$AgpDecorated_Decorated      : loaded 2 times (x 517B)
Class com.android.build.gradle.internal.scope.InternalArtifactType$METADATA_FEATURE_MANIFEST: loaded 2 times (x 74B)
Class com.android.build.gradle.internal.res.LinkApplicationAndroidResourcesTask       : loaded 2 times (x 375B)
Class org.jetbrains.kotlin.gradle.plugin.mpp.AbstractKotlinTarget$kotlinComponents$2  : loaded 2 times (x 79B)
Class org.jetbrains.kotlin.gradle.plugin.KotlinPlatformType$CompatibilityRule         : loaded 2 times (x 76B)
Class org.jetbrains.kotlin.gradle.internal.properties.NativePropertiesLoader$actualNativeHomeDirectory$1: loaded 2 times (x 75B)
Class org.jetbrains.kotlin.gradle.internal.properties.NativePropertiesKt              : loaded 2 times (x 71B)
Class com.android.build.gradle.internal.scope.InternalArtifactType$COMPILE_AND_RUNTIME_R_CLASS_JAR: loaded 2 times (x 74B)
Class com.google.gson.internal.bind.TypeAdapters$EnumTypeAdapter                      : loaded 2 times (x 74B)
Class com.google.gson.internal.bind.TypeAdapters$28                                   : loaded 2 times (x 75B)
Class [Lcom.google.gson.LongSerializationPolicy;                                      : loaded 2 times (x 69B)
Class com.android.build.api.variant.CanMinifyCodeBuilder                              : loaded 2 times (x 70B)
Class org.gradle.internal.exceptions.MultiCauseException                              : loaded 2 times (x 70B)
Class org.gradle.internal.time.CountdownTimer                                         : loaded 2 times (x 70B)
Class kotlin.jvm.internal.Intrinsics                                                  : loaded 2 times (x 71B)
Class org.gradle.kotlin.dsl.ImplementationConfigurationAccessorsKt                    : loaded 2 times (x 71B)
Class com.android.build.gradle.internal.dependency.RecalculateStackFramesTransform$Parameters_Decorated: loaded 2 times (x 138B)
Class com.android.build.gradle.internal.scope.InternalArtifactType$DEVICE_PROVIDER_CODE_COVERAGE: loaded 2 times (x 74B)
Class com.android.build.api.variant.impl.FlatSourceDirectoriesForJavaImpl$internalGenerators$2: loaded 2 times (x 79B)
Class com.android.build.gradle.tasks.TestResultsCollectionTask$AggregatedTestResultsCollectionCreationAction: loaded 2 times (x 91B)
Class com.android.build.gradle.internal.tasks.ApplicationTaskManager$createDynamicBundleTask$2: loaded 2 times (x 75B)
Class org.jetbrains.kotlin.gradle.plugin.mpp.compilationImpl.factory.KotlinCompilationDependencyConfigurationsFactoriesKt: loaded 2 times (x 71B)
Class org.jetbrains.kotlin.gradle.plugin.mpp.compilationImpl.DefaultKotlinCompilationFriendPathsResolver: loaded 2 times (x 75B)
Class org.jetbrains.kotlin.gradle.tasks.configuration.BaseKotlinCompileConfig$registerBuildToolsApiTransformations$1: loaded 2 times (x 75B)
Class org.jetbrains.kotlin.gradle.tasks.configuration.AbstractKotlinCompileConfigKt$sam$org_gradle_api_Action$0: loaded 2 times (x 75B)
Class org.jetbrains.kotlin.gradle.plugin.internal.BuildIdService                      : loaded 2 times (x 76B)
Class com.android.build.gradle.internal.res.ParseLibraryResourcesTask                 : loaded 2 times (x 335B)
Class com.android.build.gradle.internal.res.LinkApplicationAndroidResourcesTask$CreationAction$handleProvider$1: loaded 2 times (x 127B)
Class com.android.build.gradle.internal.TaskManager$MergeType$PACKAGE                 : loaded 2 times (x 80B)
Class com.android.build.gradle.internal.tasks.ValidateResourcesTask                   : loaded 2 times (x 327B)
Class com.android.build.gradle.internal.coverage.tasks.CodeCoverageReportTask$AggregatedCoverageReportCreationAction$handleProvider$1: loaded 2 times (x 127B)
Class com.android.build.gradle.internal.services.BuiltInKotlinSupportMode$Supported$BuiltInKotlinBooleanOptionEnabled: loaded 2 times (x 71B)
Class com.android.build.gradle.internal.core.dsl.impl.AndroidTestComponentDslInfoImpl$signingConfigResolver$2: loaded 2 times (x 79B)
Class com.android.build.api.variant.SigningConfig                                     : loaded 2 times (x 70B)
Class com.android.build.api.variant.Renderscript                                      : loaded 2 times (x 70B)
Class com.android.build.gradle.internal.component.features.DexingCreationConfig       : loaded 2 times (x 70B)
Class com.android.build.gradle.internal.dependency.SourceTypeCompatibilityRule        : loaded 2 times (x 76B)
Class com.android.build.gradle.internal.dsl.BaseAppModuleExtension_Decorated          : loaded 2 times (x 540B)
Class com.android.build.gradle.internal.api.artifact.SourceArtifactType$JNI           : loaded 2 times (x 74B)
Class org.jetbrains.kotlin.gradle.plugin.internal.ConfigurationCacheStartParameterAccessorKt: loaded 2 times (x 71B)
Class com.android.build.gradle.internal.dsl.LibraryAndroidResourcesImpl               : loaded 2 times (x 121B)
Class com.android.build.gradle.internal.model.CoreExternalNativeBuild                 : loaded 2 times (x 70B)
Class com.android.build.api.dsl.ApplicationProductFlavor                              : loaded 2 times (x 70B)
Class org.jetbrains.kotlin.gradle.dsl.KotlinVersion                                   : loaded 2 times (x 79B)
Class org.jetbrains.kotlin.gradle.internal.properties.NativePropertiesLoader$actualNativeHomeDirectory$2: loaded 2 times (x 74B)
Class org.jetbrains.kotlin.gradle.utils.StoredPropertyKt                              : loaded 2 times (x 71B)
Class org.jetbrains.kotlin.gradle.plugin.mpp.compilationImpl.factory.DefaultKotlinCompilationSourceSetsContainerFactory: loaded 2 times (x 75B)
Class com.google.protobuf.AbstractProtobufList                                        : loaded 2 times (x 229B)
Class com.google.gson.internal.bind.MapTypeAdapterFactory                             : loaded 2 times (x 75B)
Class com.google.gson.internal.bind.TypeAdapters$29                                   : loaded 2 times (x 75B)
Class com.google.gson.JsonNull                                                        : loaded 2 times (x 92B)
Class com.android.build.gradle.internal.tasks.UninstallTask                           : loaded 2 times (x 330B)
Class com.google.common.util.concurrent.ListeningScheduledExecutorService             : loaded 2 times (x 70B)
Class jdk.internal.jrtfs.JrtFileSystem                                                : loaded 2 times (x 102B)
Class org.gradle.accessors.dm.LibrariesForLibs$AndroidxLibraryAccessors               : loaded 2 times (x 82B)
Class org.gradle.tooling.model.ProjectModel                                           : loaded 2 times (x 70B)
Class com.android.build.gradle.internal.publishing.PublishingSpecs$VariantSpecBuilder : loaded 2 times (x 70B)
Class com.android.build.api.variant.impl.SourceDirectoriesImpl                        : loaded 2 times (x 86B)
Class com.android.build.gradle.internal.tasks.ValidateSigningTask$CreationAction      : loaded 2 times (x 90B)
Class com.android.build.gradle.internal.tasks.CheckDuplicateClassesTask$CreationAction$handleProvider$1: loaded 2 times (x 127B)
Class org.jetbrains.kotlin.gradle.plugin.mpp.compilationImpl.KotlinCompilationSourceSetsContainerKt: loaded 2 times (x 71B)
Class org.jetbrains.kotlin.gradle.tasks.configuration.BaseKotlinCompileConfig$registerBuildToolsApiTransformations$2: loaded 2 times (x 75B)
Class org.jetbrains.kotlin.gradle.tasks.KotlinJvmCompile                              : loaded 2 times (x 70B)
Class com.android.build.api.variant.impl.ResourcesPackagingImpl$excludes$1            : loaded 2 times (x 75B)
Class com.android.build.gradle.internal.res.LinkApplicationAndroidResourcesTask$CreationAction$handleProvider$2: loaded 2 times (x 127B)
Class com.android.build.api.component.impl.HostTestImpl_Decorated                     : loaded 2 times (x 483B)
Class com.android.build.gradle.internal.services.BuiltInKaptSupportMode               : loaded 2 times (x 71B)
Class com.android.build.gradle.internal.cxx.configure.NativeModelBuilderOutcome$Builder: loaded 2 times (x 322B)
Class com.android.build.gradle.internal.variant.VariantModelImpl                      : loaded 2 times (x 87B)
Class com.android.build.api.variant.VariantSelector                                   : loaded 2 times (x 70B)
Class com.android.build.gradle.api.InstallableVariant                                 : loaded 2 times (x 70B)
Class com.android.build.gradle.internal.dsl.PackagingOptions$AgpDecorated_Decorated   : loaded 2 times (x 162B)
Class com.android.build.gradle.internal.dsl.LintImpl$AgpDecorated_Decorated           : loaded 2 times (x 303B)
Class com.android.build.gradle.internal.dsl.CoreProductFlavor                         : loaded 2 times (x 70B)
Class com.android.build.api.dsl.BuildType                                             : loaded 2 times (x 70B)
Class com.android.ide.common.gradle.Version$Companion$ParseState$EMPTY                : loaded 2 times (x 74B)
Class org.jetbrains.kotlin.gradle.internal.properties.NativePropertiesLoader$actualNativeHomeDirectory$3: loaded 2 times (x 75B)
Class org.jetbrains.kotlin.gradle.report.BuildReportMode                              : loaded 2 times (x 79B)
Class org.jetbrains.kotlin.gradle.plugin.VariantImplementationFactories$Companion$getProvider$2$1$1: loaded 2 times (x 75B)
Class org.jetbrains.kotlin.gradle.plugin.internal.ProjectIsolationStartParameterAccessor$Factory: loaded 2 times (x 70B)
Class com.android.tools.analytics.HostData$graphicsEnvironment$2                      : loaded 2 times (x 78B)
Class com.google.protobuf.Message$Builder                                             : loaded 2 times (x 70B)
Class com.android.tools.analytics.Environment$EnvironmentVariable                     : loaded 2 times (x 79B)
Class com.android.build.gradle.internal.errors.AndroidProblemReporterProvider$Parameters_Decorated: loaded 2 times (x 130B)
Class com.android.build.gradle.internal.errors.AndroidProblemReporterProvider$Parameters: loaded 2 times (x 70B)
Class jdk.internal.jimage.decompressor.CompressedResourceHeader                       : loaded 2 times (x 71B)
Class kotlin.KotlinNullPointerException                                               : loaded 2 times (x 83B)
Class com.android.build.gradle.internal.scope.InternalArtifactType$LINT_MODEL         : loaded 2 times (x 74B)
Class com.android.build.gradle.tasks.ProcessTestManifest$CreationAction               : loaded 2 times (x 90B)
Class com.android.build.gradle.internal.tasks.ExtractApksTask$CreationAction$handleProvider$1: loaded 2 times (x 127B)
Class com.android.build.gradle.internal.tasks.ParseIntegrityConfigTask$CreationAction$handleProvider$1: loaded 2 times (x 127B)
Class com.android.build.gradle.internal.scope.InternalArtifactType$BINARY_ART_PROFILE_METADATA: loaded 2 times (x 74B)
Class com.android.build.gradle.tasks.PackageApplication$CreationAction                : loaded 2 times (x 92B)
Class org.jetbrains.kotlin.gradle.plugin.mpp.compilationImpl.KotlinCompilationRegisterInSourceSetsConfigurator: loaded 2 times (x 74B)
Class org.jetbrains.kotlin.gradle.plugin.mpp.compilationImpl.factory.DefaultKotlinCompilationTaskNamesContainerFactory: loaded 2 times (x 74B)
Class org.jetbrains.kotlin.gradle.plugin.mpp.compilationImpl.DefaultKotlinCompilationFriendPathsResolver$FriendArtifactResolver$Companion: loaded 2 times (x 71B)
Class com.android.build.gradle.internal.dependency.ProvidedClasspathSubtractor        : loaded 2 times (x 72B)
Class [Lcom.android.build.gradle.internal.dependency.AdditionalArtifactType;          : loaded 2 times (x 69B)
Class com.android.build.api.component.impl.DeviceTestImpl$buildConfigFields$2         : loaded 2 times (x 79B)
Class com.android.build.gradle.internal.core.dsl.impl.AndroidTestComponentDslInfoImpl$instrumentedTestDelegate$2: loaded 2 times (x 79B)
Class com.android.build.gradle.internal.tasks.factory.BootClasspathConfigImpl$1       : loaded 2 times (x 79B)
Class com.android.build.gradle.internal.api.DefaultAndroidSourceSet$AndroidSourceDirectorySetFactory: loaded 2 times (x 75B)
Class com.android.build.gradle.internal.dsl.KmpOptimizationImpl                       : loaded 2 times (x 83B)
Class com.android.build.api.dsl.BundleTexture                                         : loaded 2 times (x 70B)
Class com.android.build.api.dsl.ApkSigningConfig                                      : loaded 2 times (x 70B)
Class org.jetbrains.kotlin.gradle.plugin.mpp.AbstractKotlinTarget$components$2        : loaded 2 times (x 79B)
Class org.jetbrains.kotlin.gradle.plugin.mpp.KotlinUsages$setupAttributesMatchingStrategy$1: loaded 2 times (x 74B)
Class org.jetbrains.kotlin.gradle.plugin.KotlinGradleBuildServices$Companion$registerIfAbsent$2$1$1: loaded 2 times (x 75B)
Class org.jetbrains.kotlin.gradle.plugin.PropertiesProvider$preciseCompilationResultsBackup$1: loaded 2 times (x 79B)
Class org.jetbrains.kotlin.gradle.internal.diagnostics.AgpCompatibilityCheck$runAgpCompatibilityCheckIfAgpIsApplied$1$1: loaded 2 times (x 75B)
Class org.jetbrains.kotlin.gradle.utils.AndroidPluginIdsKt                            : loaded 2 times (x 71B)
Class org.jetbrains.kotlin.gradle.plugin.KotlinBaseApiPlugin_Decorated                : loaded 2 times (x 163B)
Class org.jetbrains.kotlin.gradle.plugin.KotlinCompilerPluginSupportPlugin            : loaded 2 times (x 70B)
Class org.jetbrains.kotlin.gradle.plugin.KotlinBasePlugin                             : loaded 2 times (x 70B)
Class com.android.build.gradle.internal.tasks.BundleToStandaloneApkTask               : loaded 2 times (x 328B)
Class com.android.build.gradle.internal.services.FakeDependencyJarBuildService        : loaded 2 times (x 82B)
Class com.android.build.gradle.internal.dependency.JacocoInstrumentationService$RegistrationAction: loaded 2 times (x 74B)
Class com.android.build.gradle.internal.dependency.SubtractingArtifactCollection$SubtractingArtifactResult$initFileCollection$1: loaded 2 times (x 75B)
Class com.android.build.gradle.internal.services.UsesAapt2ThreadPoolBuildService      : loaded 2 times (x 70B)
Class com.android.build.gradle.internal.publishing.OutputSpecImpl                     : loaded 2 times (x 78B)
Class com.android.build.gradle.internal.plugins.AndroidPluginBaseServices$projectServices$2$1$1: loaded 2 times (x 125B)
Class com.google.gson.internal.bind.DefaultDateTypeAdapter$DateType$1                 : loaded 2 times (x 73B)
Class [Lcom.android.build.gradle.options.ReplacedOption;                              : loaded 2 times (x 69B)
Class com.android.build.gradle.internal.plugins.BasePlugin$Companion                  : loaded 2 times (x 71B)
Class org.gradle.internal.exceptions.DefaultMultiCauseException                       : loaded 2 times (x 95B)
Class com.google.common.reflect.Types$JavaVersion$1                                   : loaded 2 times (x 83B)
Class com.android.build.gradle.internal.dependency.IdentityTransform                  : loaded 2 times (x 78B)
Class com.android.build.api.variant.impl.FlatSourceDirectoriesForJavaImpl$all$2$1     : loaded 2 times (x 76B)
Class org.gradle.internal.classloader.FilteringClassLoader                            : loaded 2 times (x 105B)
Class com.android.build.gradle.internal.component.TestVariantCreationConfig           : loaded 2 times (x 70B)
Class com.android.build.gradle.internal.tasks.ClasspathComparisonTask                 : loaded 2 times (x 328B)
Class com.android.build.gradle.internal.tasks.ExtractApksTask$CreationAction$handleProvider$2: loaded 2 times (x 127B)
Class com.android.build.gradle.internal.tasks.SigningConfigVersionsWriterTask$CreationAction: loaded 2 times (x 90B)
Class com.android.build.gradle.internal.tasks.DexMergingTask                          : loaded 2 times (x 337B)
Class com.android.build.gradle.tasks.MapSourceSetPathsTask                            : loaded 2 times (x 338B)
Class com.android.build.api.component.impl.OldVariantApiLegacySupportImpl$manifestPlaceholdersDslInfo$2: loaded 2 times (x 79B)
Class com.android.build.gradle.internal.tasks.ModuleMetadataWriterTask                : loaded 2 times (x 334B)
Class com.android.build.gradle.internal.dependency.VariantDependencies$computeArtifactCollection$1: loaded 2 times (x 78B)
Class com.android.build.api.component.impl.LifecycleTasksImpl                         : loaded 2 times (x 76B)
Class com.android.build.api.component.impl.TestFixturesImpl                           : loaded 2 times (x 364B)
Class com.android.build.gradle.internal.core.dsl.impl.features.OptimizationDslInfoImpl: loaded 2 times (x 98B)
Class com.android.build.gradle.internal.dsl.MinSdkVersionImpl                         : loaded 2 times (x 76B)
Class com.android.build.gradle.internal.dsl.SigningConfig$AgpDecorated                : loaded 2 times (x 150B)
Class com.android.build.api.variant.Aapt2                                             : loaded 2 times (x 70B)
Class com.android.build.gradle.internal.dsl.SdkComponentsImpl                         : loaded 2 times (x 86B)
Class com.android.build.gradle.internal.tasks.factory.BootClasspathConfigImpl$2       : loaded 2 times (x 79B)
Class com.android.build.gradle.internal.dsl.ApplicationPublishingImpl$AgpDecorated    : loaded 2 times (x 86B)
Class com.android.build.gradle.internal.dsl.ManagedDevices_Decorated                  : loaded 2 times (x 124B)
Class com.android.build.gradle.internal.api.AndroidSourceSetName$Companion            : loaded 2 times (x 71B)
Class kotlin.NotImplementedError                                                      : loaded 2 times (x 82B)
Class org.jetbrains.kotlin.gradle.utils.FutureKt                                      : loaded 2 times (x 71B)
Class org.jetbrains.kotlin.gradle.targets.native.internal.PlatformLibrariesGenerator$GeneratedPlatformLibrariesService: loaded 2 times (x 76B)
Class org.jetbrains.kotlin.gradle.logging.GradleLoggingUtilsKt                        : loaded 2 times (x 71B)
Class org.jetbrains.kotlin.gradle.plugin.KotlinAndroidPluginWrapper                   : loaded 2 times (x 86B)
Class com.android.build.gradle.internal.AvdComponentsBuildService$RegistrationAction  : loaded 2 times (x 74B)
Class com.android.build.gradle.internal.ide.dependencies.MavenCoordinatesCacheBuildService$RegistrationAction: loaded 2 times (x 74B)
Class sync_studio_tooling7_3l8etl4nhz5j289w7bn3oehvk$_run_closure1                    : loaded 2 times (x 139B)
Class com.android.build.gradle.internal.plugins.AndroidPluginBaseServices$projectServices$2$1$2: loaded 2 times (x 79B)
Class com.google.gson.internal.LazilyParsedNumber                                     : loaded 2 times (x 78B)
Class com.android.build.api.variant.HasUnitTestBuilder                                : loaded 2 times (x 70B)
Class com.android.build.gradle.options.ApiStage$Deprecated                            : loaded 2 times (x 72B)
Class com.android.build.gradle.internal.plugins.BasePlugin$extension$2                : loaded 2 times (x 79B)
Class com.android.build.gradle.internal.plugins.DslContainerProvider                  : loaded 2 times (x 70B)
Class com.android.build.gradle.AppExtension                                           : loaded 2 times (x 215B)
Class com.android.build.gradle.DynamicFeaturePlugin                                   : loaded 2 times (x 76B)
Class com.android.build.gradle.AppPlugin                                              : loaded 2 times (x 76B)
Class org.jetbrains.kotlin.cli.common.arguments.CommonToolArguments                   : loaded 2 times (x 73B)
Class com.google.common.reflect.Types$JavaVersion$2                                   : loaded 2 times (x 83B)
Class com.google.common.reflect.Types                                                 : loaded 2 times (x 71B)
Class com.android.build.gradle.internal.cxx.logging.ThreadLoggingEnvironment$Companion: loaded 2 times (x 71B)
Class com.android.build.gradle.internal.tasks.ExtractApksTask$CreationAction$handleProvider$3: loaded 2 times (x 127B)
Class com.android.build.gradle.internal.tasks.factory.AndroidVariantTaskCreationAction: loaded 2 times (x 92B)
Class com.android.build.gradle.internal.tasks.DexFileDependenciesTask$CreationAction  : loaded 2 times (x 93B)
Class org.jetbrains.kotlin.gradle.plugin.mpp.compilationImpl.factory.KotlinJvmCompilerOptionsFactory$create$kotlinOptions$1: loaded 2 times (x 101B)
Class com.android.build.gradle.internal.tasks.CheckManifest$CreationAction$handleProvider$1: loaded 2 times (x 127B)
Class com.android.build.gradle.internal.dependency.VariantDependencies$computeArtifactCollection$2: loaded 2 times (x 75B)
Class com.android.build.gradle.internal.TestFixturesTaskManager                       : loaded 2 times (x 82B)
Class com.android.build.gradle.internal.core.dsl.impl.DslInfoCommonKt$initTestApplicationId$2: loaded 2 times (x 74B)
Class com.android.build.api.instrumentation.InstrumentationScope                      : loaded 2 times (x 79B)
Class com.android.ide.common.blame.SourceFileJsonTypeAdapter                          : loaded 2 times (x 75B)
Class com.android.build.gradle.internal.lint.AndroidLintGlobalTask$UpdateBaselineCreationAction$Companion: loaded 2 times (x 71B)
Class com.android.builder.signing.DefaultSigningConfig$Companion                      : loaded 2 times (x 71B)
Class com.android.build.gradle.internal.dsl.BundleOptionsAbi$AgpDecorated_Decorated   : loaded 2 times (x 125B)
Class com.android.build.api.artifact.Artifact$Companion                               : loaded 2 times (x 71B)
Class com.google.gson.internal.bind.ObjectTypeAdapter$1                               : loaded 2 times (x 76B)
Class com.google.wireless.android.sdk.stats.JavaProcessStatsOrBuilder                 : loaded 2 times (x 70B)
Class com.android.prefs.AndroidPathLocator                                            : loaded 2 times (x 73B)
Class com.android.build.api.dsl.FusedLibraryExtension                                 : loaded 2 times (x 70B)
Class com.android.build.gradle.internal.dsl.AndroidTestImpl                           : loaded 2 times (x 77B)
Class org.jetbrains.kotlin.gradle.plugin.DefaultKotlinBasePlugin$setupAttributeMatchingStrategy$1$1: loaded 2 times (x 79B)
Class org.jetbrains.kotlin.gradle.internal.properties.PropertiesBuildService$property$1: loaded 2 times (x 79B)
Class com.android.build.gradle.internal.ManagedDeviceUtilsKt$getManagedDeviceAvdFolder$1: loaded 2 times (x 75B)
Class com.android.build.gradle.internal.services.AndroidLocationsBuildService$Inject_ : loaded 2 times (x 110B)
Class com.google.protobuf.PrimitiveNonBoxingCollection                                : loaded 2 times (x 70B)
Class com.google.wireless.android.sdk.stats.InstantRunStatus                          : loaded 2 times (x 205B)
Class com.android.build.gradle.internal.profile.AnalyticsConfiguratorService$State    : loaded 2 times (x 79B)
Class com.android.build.gradle.internal.services.ClassesHierarchyBuildService         : loaded 2 times (x 80B)
Class com.android.build.gradle.internal.plugins.AndroidPluginBaseServices$projectServices$2$1$3: loaded 2 times (x 79B)
Class com.google.gson.stream.JsonReader                                               : loaded 2 times (x 97B)
Class org.jetbrains.kotlin.gradle.plugin.internal.CustomPropertiesFileValueSource$Inject_: loaded 2 times (x 113B)
Class com.android.build.gradle.options.FeatureStage$SoftlyEnforced                    : loaded 2 times (x 72B)
Class com.android.build.gradle.api.FusedLibraryPlugin                                 : loaded 2 times (x 74B)
Class com.android.build.gradle.internal.plugins.BasePlugin$variantManager$2           : loaded 2 times (x 79B)
Class org.gradle.accessors.dm.LibrariesForLibsInPluginsBlock_Decorated                : loaded 2 times (x 126B)
Class org.gradle.internal.time.Time                                                   : loaded 2 times (x 71B)
Class com.google.common.reflect.Types$JavaVersion$3                                   : loaded 2 times (x 83B)
Class org.gradle.kotlin.dsl.Accessors7cddnu26duc8nxp06w1clhaoeKt                      : loaded 2 times (x 71B)
Class com.android.build.gradle.internal.VariantTaskManager$createAnchorAssembleTasks$3: loaded 2 times (x 75B)
Class com.android.build.gradle.internal.lint.VariantWithTests                         : loaded 2 times (x 72B)
Class com.android.build.gradle.internal.variant.BuildAuthorSpecifiedDefaultBuildTypeComparator: loaded 2 times (x 90B)
Class com.android.build.api.component.impl.DefaultSourcesProviderImpl$getBaselineProfiles$1: loaded 2 times (x 127B)
Class com.android.build.gradle.internal.scope.InternalArtifactType$MERGED_JAVA_RES    : loaded 2 times (x 74B)
Class org.jetbrains.kotlin.gradle.plugin.mpp.compilationImpl.factory.KotlinCompilationImplFactory$ProcessResourcesTaskNameFactory: loaded 2 times (x 70B)
Class org.jetbrains.kotlin.gradle.tasks.KotlinCompilationTask                         : loaded 2 times (x 70B)
Class com.android.build.api.variant.impl.ResourcesApkPackagingImpl                    : loaded 2 times (x 80B)
Class com.android.build.gradle.internal.tasks.ProcessJavaResTask$CreationAction$handleProvider$1: loaded 2 times (x 127B)
Class com.android.build.gradle.internal.tasks.factory.features.AndroidResourcesTaskCreationActionImpl: loaded 2 times (x 75B)
Class com.android.build.gradle.internal.scope.InternalArtifactType$METADATA_APPLICATION_ID: loaded 2 times (x 74B)
Class com.android.build.api.component.impl.ComponentImpl$computeLocalPackagedJars$1   : loaded 2 times (x 80B)
Class [Lcom.android.builder.dexing.DexingType;                                        : loaded 2 times (x 69B)
Class com.android.build.gradle.internal.VariantTaskManager$checkMultidexDependency$$inlined$filterIsInstance$1: loaded 2 times (x 74B)
Class com.android.build.gradle.internal.core.dsl.NestedComponentDslInfo               : loaded 2 times (x 70B)
Class com.android.build.api.variant.BuildConfigField                                  : loaded 2 times (x 72B)
Class com.android.build.gradle.internal.component.features.BuildConfigCreationConfig  : loaded 2 times (x 70B)
Class com.android.build.api.variant.AndroidTestBuilder                                : loaded 2 times (x 70B)
Class com.android.build.gradle.internal.core.dsl.impl.DslInfoUtilsKt                  : loaded 2 times (x 71B)
Class org.jetbrains.kotlin.gradle.plugin.PropertiesProvider$booleanPropertyWithDeprecatedValues$1: loaded 2 times (x 78B)
Class com.android.build.gradle.internal.tasks.NonIncrementalGlobalTask                : loaded 2 times (x 319B)
Class com.android.build.gradle.internal.plugins.BasePlugin$createTasks$1              : loaded 2 times (x 75B)
Class com.android.build.gradle.internal.plugins.BasePlugin$buildOutputs$2$1           : loaded 2 times (x 78B)
Class com.android.build.gradle.internal.dsl.AnnotationProcessorOptions$AgpDecorated   : loaded 2 times (x 106B)
Class org.jetbrains.kotlin.gradle.internal.ClassLoadersCachingBuildService$Companion$registerIfAbsent$2$1$1: loaded 2 times (x 75B)
Class org.jetbrains.kotlin.gradle.targets.native.KonanPropertiesBuildService$Companion$registerIfAbsent$1: loaded 2 times (x 75B)
Class com.android.build.gradle.internal.dsl.InternalFusedLibraryExtension             : loaded 2 times (x 70B)
Class com.android.build.gradle.internal.dsl.MultiDexConfigImpl                        : loaded 2 times (x 80B)
Class com.android.ide.common.gradle.Version$Companion$ParseState$NUMERIC              : loaded 2 times (x 74B)
Class org.jetbrains.kotlin.gradle.plugin.DefaultKotlinBasePlugin$setupAttributeMatchingStrategy$1$2: loaded 2 times (x 79B)
Class org.jetbrains.kotlin.gradle.targets.native.internal.PlatformLibrariesGenerator$Companion: loaded 2 times (x 71B)
Class com.android.tools.analytics.CommonMetricsData                                   : loaded 2 times (x 71B)
Class com.android.build.gradle.internal.packaging.GradleKeystoreHelper                : loaded 2 times (x 71B)
Class com.android.build.gradle.internal.dsl.JavaCompileOptions                        : loaded 2 times (x 82B)
Class com.android.build.gradle.internal.profile.AnalyticsConfiguratorService$Params$Inject_: loaded 2 times (x 106B)
Class com.android.build.gradle.internal.dsl.OptimizationImpl                          : loaded 2 times (x 86B)
Class com.android.build.gradle.internal.dsl.decorator.annotation.NonNullableSetter    : loaded 2 times (x 70B)
Class com.android.ide.common.repository.AgpVersion$PreviewKind                        : loaded 2 times (x 79B)
Class com.android.build.gradle.options.FeatureStage                                   : loaded 2 times (x 72B)
Class com.android.build.gradle.internal.plugins.BasePlugin$variantFactory$2           : loaded 2 times (x 79B)
Class com.android.build.gradle.internal.component.PublishableCreationConfig           : loaded 2 times (x 70B)
Class com.android.build.gradle.internal.dsl.BaseAppModuleExtensionInternal            : loaded 2 times (x 459B)
Class com.google.common.reflect.Types$JavaVersion$4                                   : loaded 2 times (x 83B)
Class com.android.build.gradle.internal.VariantTaskManager$createAnchorAssembleTasks$4: loaded 2 times (x 75B)
Class com.android.build.gradle.internal.scope.InternalArtifactType$BUNDLE_IDE_REDIRECT_FILE: loaded 2 times (x 74B)
Class com.android.build.gradle.internal.scope.InternalArtifactType$APK_IDE_REDIRECT_FILE: loaded 2 times (x 74B)
Class com.android.build.gradle.internal.scope.InternalArtifactType$EXTERNAL_LIBS_DEX_ARCHIVE_WITH_ARTIFACT_TRANSFORMS: loaded 2 times (x 74B)
Class org.jetbrains.kotlin.tooling.core.ExtrasProperty                                : loaded 2 times (x 70B)
Class org.jetbrains.kotlin.gradle.plugin.mpp.compilationImpl.KotlinCompilationSourceSetInclusion$Companion: loaded 2 times (x 71B)
Class [Lorg.jetbrains.kotlin.gradle.plugin.sources.android.AndroidVariantType;        : loaded 2 times (x 69B)
Class org.jetbrains.kotlin.compilerRunner.UsesCompilerSystemPropertiesService         : loaded 2 times (x 70B)
Class com.android.build.api.artifact.SingleArtifact$RUNTIME_SYMBOL_LIST               : loaded 2 times (x 74B)
Class com.android.build.gradle.tasks.CompatibleScreensManifest$CreationAction$handleProvider$1: loaded 2 times (x 127B)
Class com.android.build.gradle.tasks.ExtractDeepLinksTask$BaseCreationAction$handleProvider$1: loaded 2 times (x 127B)
Class com.android.build.api.component.impl.ComponentImpl$providedOnlyClasspath$2      : loaded 2 times (x 79B)
Class com.android.build.api.variant.impl.ApplicationVariantBuilderImpl$androidTest$2  : loaded 2 times (x 79B)
Class com.android.build.api.variant.impl.ApplicationVariantBuilderImpl$dependenciesInfo$2: loaded 2 times (x 79B)
Class com.android.build.gradle.internal.core.dsl.impl.ConsumableComponentDslInfoImpl$buildConfigDslInfo$2: loaded 2 times (x 79B)
Class com.android.build.gradle.internal.plugins.BasePlugin$createTasks$2              : loaded 2 times (x 77B)
Class com.android.build.gradle.internal.tasks.BaseTask                                : loaded 2 times (x 318B)
Class com.android.build.gradle.internal.dsl.BuildType$AgpDecorated_Decorated          : loaded 2 times (x 441B)
Class com.android.build.api.artifact.impl.ArtifactsImpl$1                             : loaded 2 times (x 78B)
Class com.android.build.api.dsl.ApplicationBuildFeatures                              : loaded 2 times (x 70B)
Class com.android.build.gradle.internal.dsl.Splits                                    : loaded 2 times (x 81B)
Class com.android.build.gradle.internal.dsl.BundleOptionsDeviceGroup                  : loaded 2 times (x 81B)
Class com.android.build.gradle.internal.dsl.ProductFlavorFactory                      : loaded 2 times (x 77B)
Class com.android.build.api.dsl.TestVariantDimension                                  : loaded 2 times (x 70B)
Class com.android.build.api.dsl.ApplicationVariantDimension                           : loaded 2 times (x 70B)
Class org.jetbrains.kotlin.gradle.plugin.mpp.KotlinTargetSoftwareComponent            : loaded 2 times (x 89B)
Class org.jetbrains.kotlin.gradle.plugin.mpp.KotlinVariant                            : loaded 2 times (x 101B)
Class org.jetbrains.kotlin.gradle.utils.WhenPluginEnabledKt                           : loaded 2 times (x 71B)
Class org.jetbrains.kotlin.gradle.plugin.VariantImplementationFactories               : loaded 2 times (x 75B)
Class org.jetbrains.kotlin.gradle.internal.diagnostics.KotlinCompilerEmbeddableCheck  : loaded 2 times (x 71B)
Class org.jetbrains.kotlin.gradle.plugin.sources.android.AndroidVariantType           : loaded 2 times (x 79B)
Class com.android.build.gradle.internal.ide.dependencies.MavenCoordinatesCacheBuildService$Parameters_Decorated: loaded 2 times (x 130B)
Class com.android.build.api.dsl.DeviceGroup                                           : loaded 2 times (x 70B)
Class com.android.build.gradle.internal.profile.AnalyticsService$Params               : loaded 2 times (x 70B)
Class com.android.build.gradle.internal.utils.AnalyticsEnabledValueSource$Inject_     : loaded 2 times (x 109B)
Class com.android.build.gradle.internal.utils.AnalyticsEnabledValueSource$Params_Decorated: loaded 2 times (x 130B)
Class com.android.build.gradle.internal.dependency.GenericTransformParameters         : loaded 2 times (x 70B)
Class com.google.gson.internal.bind.JsonAdapterAnnotationTypeAdapterFactory           : loaded 2 times (x 75B)
Class com.android.build.gradle.options.HasFutureStage                                 : loaded 2 times (x 70B)
Class com.android.build.gradle.options.ProjectOptionService$Inject_                   : loaded 2 times (x 97B)
Class com.android.build.gradle.internal.plugins.BasePlugin$taskManagerConfig$2        : loaded 2 times (x 79B)
Class com.android.build.gradle.internal.plugins.AppPlugin$ApplicationAndroidComponentsExtensionImplCompat: loaded 2 times (x 114B)
Class org.gradle.accessors.dm.LibrariesForLibsInPluginsBlock$AndroidxLibraryAccessors : loaded 2 times (x 82B)
Class com.google.common.reflect.Types$JavaVersion$5                                   : loaded 2 times (x 71B)
Class [Lcom.google.common.reflect.Types$ClassOwnership;                               : loaded 2 times (x 69B)
Class org.gradle.api.internal.classpath.GlobalCacheRootsProvider                      : loaded 2 times (x 70B)
Class com.android.build.gradle.internal.DependencyConfigurator$configureVariantTransforms$3$1$1: loaded 2 times (x 75B)
Class com.android.build.gradle.internal.cxx.configure.GradleLocalPropertiesKt$gradleLocalProperties$propertiesContent$1: loaded 2 times (x 75B)
Class org.jetbrains.kotlin.tooling.core.Extras$Entry$Companion                        : loaded 2 times (x 71B)
Class org.jetbrains.kotlin.gradle.targets.js.dsl.KotlinWasmWasiTargetDsl              : loaded 2 times (x 70B)
Class com.android.build.api.variant.JniLibsTestedComponentPackaging                   : loaded 2 times (x 70B)
Class com.android.build.api.variant.JniLibsPackaging                                  : loaded 2 times (x 70B)
Class com.android.build.api.artifact.impl.ScopedArtifactsImpl$ScopedArtifactsContainer: loaded 2 times (x 72B)
Class com.android.build.api.variant.impl.VariantImpl$shadersCreationConfig$2          : loaded 2 times (x 79B)
Class com.android.build.api.component.impl.ComponentImpl$resValuesCreationConfig$2    : loaded 2 times (x 79B)
Class com.android.build.gradle.internal.core.dsl.impl.ConsumableComponentDslInfoImpl  : loaded 2 times (x 132B)
Class com.android.build.gradle.internal.profile.AnalyticsUtil                         : loaded 2 times (x 71B)
Class com.android.build.gradle.internal.dsl.CompileSdkReleaseSpecImpl$AgpDecorated_Decorated: loaded 2 times (x 130B)
Class com.android.build.gradle.internal.dsl.CompileSdkReleaseSpecImpl$AgpDecorated    : loaded 2 times (x 85B)
Class com.android.build.gradle.internal.dsl.SigningConfig$AgpDecorated_Decorated      : loaded 2 times (x 201B)
Class com.android.build.gradle.internal.dsl.BundleOptionsLanguage$AgpDecorated_Decorated: loaded 2 times (x 125B)
Class com.android.build.gradle.internal.dsl.TargetSdkSpecImpl                         : loaded 2 times (x 81B)
Class com.android.build.api.dsl.DexPackaging                                          : loaded 2 times (x 70B)
Class com.android.build.api.dsl.TestBuildType                                         : loaded 2 times (x 70B)
Class org.jetbrains.kotlin.gradle.internal.CompilerArgumentAware                      : loaded 2 times (x 70B)
Class org.jetbrains.kotlin.gradle.utils.StoredLazyProperty                            : loaded 2 times (x 75B)
Class com.android.prefs.Global                                                        : loaded 2 times (x 80B)
Class com.android.build.gradle.internal.dsl.BundleOptionsCountrySet$AgpDecorated_Decorated: loaded 2 times (x 130B)
Class com.android.build.gradle.internal.dsl.VcsInfoImpl$AgpDecorated                  : loaded 2 times (x 81B)
Class com.android.build.gradle.internal.profile.NoOpAnalyticsConfiguratorService$Inject_: loaded 2 times (x 102B)
Class com.google.gson.internal.bind.NumberTypeAdapter                                 : loaded 2 times (x 74B)
Class com.android.build.api.artifact.impl.SingleInitialProviderRequestImpl$on$1       : loaded 2 times (x 75B)
Class [Lcom.android.build.gradle.options.SyncOptions$EvaluationMode;                  : loaded 2 times (x 69B)
Class com.android.build.gradle.internal.dsl.CompileSdkSpecImpl$AgpDecorated_Decorated : loaded 2 times (x 135B)
Class com.android.build.api.extension.impl.VariantApiOperationsRegistrar              : loaded 2 times (x 72B)
Class com.android.build.api.variant.ApplicationAndroidComponentsExtension             : loaded 2 times (x 70B)
Class org.gradle.tooling.model.BuildIdentifier                                        : loaded 2 times (x 70B)
Class kotlin.NoWhenBranchMatchedException                                             : loaded 2 times (x 82B)
Class com.android.build.gradle.internal.dependency.RecalculateStackFramesTransform$Parameters: loaded 2 times (x 70B)
Class com.android.build.gradle.internal.lint.AndroidLintTextOutputTask$SingleVariantCreationAction: loaded 2 times (x 92B)
Class com.android.build.api.variant.impl.SourcesImpl$extras$2                         : loaded 2 times (x 79B)
Class com.android.build.gradle.internal.scope.InternalArtifactType$SIGNING_CONFIG_DATA: loaded 2 times (x 74B)
Class org.jetbrains.kotlin.gradle.plugin.mpp.KotlinJvmAgpCompilationFactory$WhenMappings: loaded 2 times (x 71B)
Class org.jetbrains.kotlin.gradle.plugin.sources.FragmentConsistencyChecks            : loaded 2 times (x 72B)
Class org.jetbrains.kotlin.gradle.plugin.diagnostics.IsAttachedToTerminalValueSource  : loaded 2 times (x 80B)
Class com.android.build.gradle.internal.scope.InternalArtifactType$LINT_PUBLISH_JAR   : loaded 2 times (x 74B)
Class com.android.build.gradle.internal.tasks.ProcessNavigationXmlTask$CreationAction : loaded 2 times (x 91B)
Class com.android.build.api.component.impl.DeviceTestImpl$shadersCreationConfig$2     : loaded 2 times (x 79B)
Class com.android.build.gradle.internal.core.dsl.impl.DslInfoCommonKt$initTestApplicationId$testAppIdFromFlavors$1: loaded 2 times (x 78B)
Class com.android.build.api.variant.impl.VariantOutputConfigurationImplKt             : loaded 2 times (x 71B)
Class com.android.build.api.component.impl.AnnotationProcessorImpl$finalListOfClassNames$1: loaded 2 times (x 75B)
Class com.android.build.api.AndroidPluginVersion                                      : loaded 2 times (x 75B)
Class com.android.build.gradle.internal.core.VariantSources                           : loaded 2 times (x 72B)
Class com.android.build.gradle.internal.api.artifact.SourceArtifactType$ANDROID_RESOURCES: loaded 2 times (x 74B)
Class org.jetbrains.kotlin.gradle.plugin.mpp.KotlinAndroidTarget$kotlinComponents$2   : loaded 2 times (x 79B)
Class org.jetbrains.kotlin.gradle.plugin.mpp.InternalKotlinTargetComponent            : loaded 2 times (x 93B)
Class org.jetbrains.kotlin.gradle.utils.ProviderApiUtilsKt                            : loaded 2 times (x 71B)
Class org.jetbrains.kotlin.gradle.targets.native.UsesKonanPropertiesBuildService      : loaded 2 times (x 70B)
Class org.jetbrains.kotlin.gradle.internal.properties.NativePropertiesLoader$forceDisableRunningInProcess$1: loaded 2 times (x 75B)
Class org.jetbrains.kotlin.gradle.utils.PersistentCachesKt                            : loaded 2 times (x 71B)
Class org.jetbrains.kotlin.gradle.internal.tasks.TaskWithLocalState                   : loaded 2 times (x 70B)
Class org.jetbrains.kotlin.gradle.internal.properties.PropertiesBuildService$Params   : loaded 2 times (x 70B)
Class org.jetbrains.kotlin.gradle.internal.diagnostics.GradleCompatibilityCheck       : loaded 2 times (x 71B)
Class com.android.build.api.variant.ApkPackaging                                      : loaded 2 times (x 70B)
Class com.google.protobuf.Descriptors$Descriptor                                      : loaded 2 times (x 76B)
Class com.google.wireless.android.sdk.stats.InstantRunStatusOrBuilder                 : loaded 2 times (x 70B)
Class com.android.build.gradle.internal.component.features.RenderscriptCreationConfig : loaded 2 times (x 70B)
Class [Lcom.android.tools.analytics.Environment$SystemProperty;                       : loaded 2 times (x 69B)
Class com.android.tools.analytics.AnalyticsSettings                                   : loaded 2 times (x 71B)
Class com.android.ide.common.blame.SourceFilePosition                                 : loaded 2 times (x 72B)
Class com.google.gson.ToNumberPolicy$1                                                : loaded 2 times (x 83B)
Class [Lcom.google.gson.FieldNamingStrategy;                                          : loaded 2 times (x 69B)
Class com.google.gson.internal.Excluder                                               : loaded 2 times (x 75B)
Class com.android.build.gradle.internal.dependency.BaseDexingTransform$Parameters_Decorated: loaded 2 times (x 156B)
Class com.android.build.gradle.internal.dependency.AarTransform$Parameters            : loaded 2 times (x 70B)
Class com.android.build.gradle.internal.utils.HasConfigurableValuesKt                 : loaded 2 times (x 71B)
Class com.android.build.api.component.impl.DefaultSourcesProviderImpl$getResources$1  : loaded 2 times (x 78B)
Class com.android.build.api.variant.impl.LibraryVariantImpl                           : loaded 2 times (x 552B)
Class com.android.build.gradle.internal.tasks.ProcessNavigationXmlTask$LibraryCreationAction: loaded 2 times (x 91B)
Class com.android.build.gradle.internal.coverage.tasks.CodeCoverageCollectionTask$CoverageCollectionCreationAction: loaded 2 times (x 91B)
Class com.android.build.gradle.internal.tasks.featuresplit.FeatureSetMetadataWriterTask: loaded 2 times (x 327B)
Class org.jetbrains.kotlin.gradle.utils.ConfigurationsKt$maybeCreateDependencyScope$1 : loaded 2 times (x 78B)
Class org.jetbrains.kotlin.gradle.plugin.sources.FragmentConsistencyChecks$languageVersionCheck$1: loaded 2 times (x 79B)
Class org.jetbrains.kotlin.gradle.plugin.statistics.UsesBuildFusService               : loaded 2 times (x 70B)
Class org.jetbrains.kotlin.gradle.tasks.K2MultiplatformCompilationTask                : loaded 2 times (x 70B)
Class com.android.build.gradle.internal.scope.InternalArtifactType$FEATURE_RESOURCE_PKG: loaded 2 times (x 74B)
Class com.android.build.gradle.internal.core.dsl.impl.InstrumentedTestDslInfoImpl$handleProfiling$2: loaded 2 times (x 74B)
Class com.android.build.api.variant.impl.HasDeviceTestsCreationConfig                 : loaded 2 times (x 70B)
Class com.android.build.gradle.internal.core.dsl.features.RenderscriptDslInfo         : loaded 2 times (x 70B)
Class com.android.build.gradle.internal.core.dsl.impl.VariantDslInfoImpl$initApplicationId$appIdFromFlavors$1: loaded 2 times (x 78B)
Class com.android.build.gradle.internal.variant.DimensionCombinator$Companion         : loaded 2 times (x 71B)
Class com.android.build.gradle.internal.variant.DimensionCombinator                   : loaded 2 times (x 72B)
Class com.android.build.gradle.internal.dsl.NdkBuildOptions$AgpDecorated_Decorated    : loaded 2 times (x 139B)
Class com.android.build.gradle.internal.dsl.NdkBuildOptions$AgpDecorated              : loaded 2 times (x 96B)
Class com.android.build.gradle.internal.dsl.CommonExtensionImpl$sdkComponents$2       : loaded 2 times (x 79B)
Class com.android.builder.model.PackagingOptions                                      : loaded 2 times (x 70B)
Class com.android.build.api.dsl.DynamicFeatureDefaultConfig                           : loaded 2 times (x 70B)
Class [Lcom.android.builder.core.ComponentType;                                       : loaded 2 times (x 69B)
Class [Lorg.jetbrains.kotlin.gradle.plugin.KotlinPlatformType;                        : loaded 2 times (x 69B)
Class org.jetbrains.kotlin.gradle.plugin.BuildFinishedListenerService$Companion$registerIfAbsent$1$1: loaded 2 times (x 79B)
Class org.jetbrains.kotlin.gradle.internal.diagnostics.GradleCompatibilityCheck$CurrentGradleVersionProvider: loaded 2 times (x 70B)
Class org.jetbrains.kotlin.gradle.plugin.mpp.DecoratedKotlinCompilation               : loaded 2 times (x 191B)
Class com.android.build.gradle.internal.lint.LintFixBuildService$RegistrationAction   : loaded 2 times (x 74B)
Class android.databinding.tool.processing.ScopedException                             : loaded 2 times (x 86B)
Class com.android.builder.profile.NameAnonymizer$ProjectCacheLoader                   : loaded 2 times (x 76B)
Class com.android.tools.analytics.AnalyticsPaths                                      : loaded 2 times (x 71B)
Class com.google.gson.ToNumberPolicy$2                                                : loaded 2 times (x 83B)
Class com.android.build.gradle.internal.plugins.BasePlugin$registeredExtension$2      : loaded 2 times (x 79B)
Class com.android.build.api.extension.impl.DslLifecycleComponentsOperationsRegistrar  : loaded 2 times (x 72B)
Class com.android.build.gradle.internal.UnitTestTaskManager                           : loaded 2 times (x 82B)
Class com.android.build.gradle.internal.DependencyConfigurator$configureVariantTransforms$3$1: loaded 2 times (x 75B)
Class com.android.build.gradle.internal.DependencyConfigurator$configureGeneralTransforms$10: loaded 2 times (x 75B)
Class com.android.build.gradle.internal.ndk.NdkHandler                                : loaded 2 times (x 72B)
Class com.android.build.gradle.internal.tasks.CompileArtProfileTask                   : loaded 2 times (x 335B)
Class org.jetbrains.kotlin.gradle.targets.js.dsl.KotlinWasmJsTargetDsl                : loaded 2 times (x 70B)
Class org.jetbrains.kotlin.gradle.plugin.mpp.compilationImpl.factory.ConfigurationNaming$Default: loaded 2 times (x 75B)
Class org.jetbrains.kotlin.gradle.plugin.sources.DefaultLanguageSettingsBuilder       : loaded 2 times (x 100B)
Class org.jetbrains.kotlin.gradle.plugin.sources.FragmentConsistencyChecks$languageVersionCheck$2: loaded 2 times (x 78B)
Class org.jetbrains.kotlin.gradle.plugin.mpp.compilationImpl.KotlinCompilationSourceSetInclusion: loaded 2 times (x 72B)
Class org.jetbrains.kotlin.gradle.plugin.diagnostics.ToolingDiagnosticRenderingOptionsKt$WhenMappings: loaded 2 times (x 71B)
Class org.jetbrains.kotlin.gradle.tasks.configuration.BaseKotlinCompileConfig$1       : loaded 2 times (x 79B)
Class com.android.build.gradle.internal.scope.InternalArtifactType$COMPILE_R_CLASS_JAR: loaded 2 times (x 74B)
Class com.android.build.gradle.tasks.MergeResources                                   : loaded 2 times (x 349B)
Class [Lcom.android.build.gradle.internal.TaskManager$MergeType;                      : loaded 2 times (x 69B)
Class com.android.build.gradle.internal.scope.InternalArtifactType$MANIFEST_MERGE_BLAME_FILE: loaded 2 times (x 74B)
Class com.android.build.gradle.internal.AbstractAppTaskManager$1                      : loaded 2 times (x 91B)
Class com.android.build.gradle.internal.core.dsl.impl.InstrumentedTestDslInfoImpl$handleProfiling$fromFlavor$1: loaded 2 times (x 78B)
Class com.android.build.api.variant.Dexing                                            : loaded 2 times (x 70B)
Class com.android.build.api.variant.PropertyAccessNotAllowedException                 : loaded 2 times (x 82B)
Class com.android.build.api.artifact.impl.SingleInitialProviderRequestImpl            : loaded 2 times (x 72B)
Class com.android.build.gradle.internal.BuildTypeData                                 : loaded 2 times (x 72B)
Class com.android.build.gradle.api.UnitTestVariant                                    : loaded 2 times (x 70B)
Class com.google.wireless.android.sdk.stats.ProjectApiUseOrBuilder                    : loaded 2 times (x 70B)
Class com.google.common.base.Converter$ReverseConverter                               : loaded 2 times (x 90B)
Class com.android.build.gradle.internal.dsl.MinSdkDelegate                            : loaded 2 times (x 84B)
Class com.android.build.gradle.internal.dsl.SigningConfigImpl                         : loaded 2 times (x 97B)
Class com.android.ide.common.signing.KeystoreHelper                                   : loaded 2 times (x 71B)
Class org.jetbrains.kotlin.gradle.utils.GradleConfigurationUtilsKt                    : loaded 2 times (x 71B)
Class org.jetbrains.kotlin.gradle.plugin.internal.CustomPropertiesFileValueSource$Parameters: loaded 2 times (x 70B)
Class org.jetbrains.kotlin.gradle.plugin.UsesBuildFinishedListenerService             : loaded 2 times (x 70B)
Class org.jetbrains.kotlin.gradle.dsl.KotlinPublishingDsl                             : loaded 2 times (x 70B)
Class org.jetbrains.kotlin.gradle.plugin.KotlinBaseApiPlugin                          : loaded 2 times (x 118B)
Class com.android.build.gradle.internal.services.SymbolTableBuildService$RegistrationAction: loaded 2 times (x 74B)
Class com.android.build.gradle.internal.TaskManager$createAnchorTasks$1               : loaded 2 times (x 75B)
Class com.android.build.gradle.internal.plugins.AndroidPluginBaseServices$configuratorService$2$1: loaded 2 times (x 79B)
Class com.google.gson.ToNumberPolicy$3                                                : loaded 2 times (x 83B)
Class com.android.build.gradle.internal.dsl.InternalCommonExtension                   : loaded 2 times (x 70B)
Class org.gradle.accessors.dm.LibrariesForLibsInPluginsBlock$BundleAccessors          : loaded 2 times (x 73B)
Class org.gradle.internal.time.Timer                                                  : loaded 2 times (x 70B)
Class kotlin.jvm.internal.markers.KMappedMarker                                       : loaded 2 times (x 70B)
Class org.gradle.internal.installation.CurrentGradleInstallationLocator               : loaded 2 times (x 71B)
Class [Lcom.android.build.gradle.internal.dependency.DexingOutputSplitTransform$DexOutput;: loaded 2 times (x 69B)
Class com.android.build.gradle.internal.DependencyConfigurator$configureVariantTransforms$3$2: loaded 2 times (x 75B)
Class com.android.build.gradle.internal.DependencyConfigurator$configureGeneralTransforms$11: loaded 2 times (x 78B)
Class com.android.build.gradle.internal.dependency.ClassesDirToClassesTransform       : loaded 2 times (x 78B)
Class com.android.build.gradle.internal.dependency.AarResourcesCompilerTransform      : loaded 2 times (x 78B)
Class com.android.build.gradle.internal.dependency.MockableJarTransform$Inject_1      : loaded 2 times (x 109B)
Class com.android.build.gradle.internal.scope.InternalArtifactType$NAVIGATION_JSON    : loaded 2 times (x 74B)
Class com.android.builder.compiling.BuildConfigType                                   : loaded 2 times (x 79B)
Class com.android.build.api.component.impl.DefaultSourcesProvider                     : loaded 2 times (x 70B)
Class com.android.build.gradle.internal.test.AbstractTestDataImpl$minSdkVersion$1     : loaded 2 times (x 79B)
Class com.android.build.gradle.internal.tasks.creationconfig.ProcessTestManifestCreationConfigKt$forTestComponent$2: loaded 2 times (x 138B)
Class com.android.build.gradle.internal.scope.InternalArtifactType$GLOBAL_SYNTHETICS_PROJECT: loaded 2 times (x 74B)
Class org.jetbrains.kotlin.gradle.plugin.diagnostics.UsesKotlinToolingDiagnosticsKt   : loaded 2 times (x 71B)
Class com.android.build.gradle.internal.res.LinkAndroidResForBundleTask               : loaded 2 times (x 343B)
Class com.android.build.api.component.impl.OldVariantApiLegacySupportImpl$JavaCompileOptionsForOldVariantAPI: loaded 2 times (x 75B)
Class com.android.build.gradle.internal.tasks.ApplicationIdWriterTask                 : loaded 2 times (x 327B)
Class [Lcom.android.build.gradle.internal.publishing.AndroidArtifacts$ArtifactType;   : loaded 2 times (x 69B)
Class com.android.build.api.variant.impl.VariantOutputConfigurationImpl               : loaded 2 times (x 76B)
Class com.android.build.api.variant.impl.ApplicationVariantImpl$renderscript$2        : loaded 2 times (x 79B)
Class com.android.build.gradle.internal.component.features.InstrumentationCreationConfig: loaded 2 times (x 70B)
Class com.android.build.api.variant.impl.HasHostTestsCreationConfig                   : loaded 2 times (x 70B)
Class com.android.build.gradle.internal.utils.GuavaKtxKt                              : loaded 2 times (x 71B)
Class com.android.build.api.artifact.impl.SingleArtifactContainer$initArtifactContainer$1: loaded 2 times (x 79B)
Class com.android.build.gradle.internal.services.VariantServicesImpl                  : loaded 2 times (x 115B)
Class com.android.build.gradle.internal.ide.v2.NativeModelBuilder_Decorated           : loaded 2 times (x 131B)
Class com.google.wireless.android.sdk.stats.GradleBuildProjectMetricsOrBuilder        : loaded 2 times (x 70B)
Class com.android.build.gradle.tasks.ProcessManifestForBundleTask$CreationAction      : loaded 2 times (x 90B)
Class com.android.build.gradle.internal.dsl.ExternalNativeBuildOptions                : loaded 2 times (x 93B)
Class com.android.build.api.dsl.KeepRules                                             : loaded 2 times (x 70B)
Class org.jetbrains.kotlin.gradle.plugin.AbstractKotlinJsPluginWrapper                : loaded 2 times (x 86B)
Class org.jetbrains.kotlin.gradle.plugin.internal.MavenPublicationComponentAccessor   : loaded 2 times (x 70B)
Class org.jetbrains.kotlin.gradle.fus.BuildUidService                                 : loaded 2 times (x 80B)
Class org.jetbrains.kotlin.gradle.plugin.KotlinPluginWrapperKt                        : loaded 2 times (x 71B)
Class org.jetbrains.kotlin.gradle.plugin.mpp.InternalKotlinCompilation                : loaded 2 times (x 70B)
Class org.jetbrains.kotlin.gradle.plugin.KotlinJvmFactory                             : loaded 2 times (x 70B)
Class [Lcom.google.protobuf.Internal$EnumLite;                                        : loaded 2 times (x 69B)
Class com.google.protobuf.CodedInputStream$ArrayDecoder                               : loaded 2 times (x 120B)
Class com.android.tools.analytics.HostData$osBean$2                                   : loaded 2 times (x 78B)
Class com.android.tools.analytics.HostData                                            : loaded 2 times (x 71B)
Class org.jetbrains.kotlin.compilerRunner.CompilerSystemPropertiesService$Companion   : loaded 2 times (x 71B)
Class com.android.build.gradle.internal.LoggerWrapper                                 : loaded 2 times (x 86B)
Class com.google.gson.ToNumberPolicy$4                                                : loaded 2 times (x 83B)
Class org.jetbrains.kotlin.gradle.plugin.mpp.compilationImpl.factory.KotlinJvmCompilerOptionsFactory$create$compilerOptions$1: loaded 2 times (x 77B)
Class com.android.build.gradle.options.Option$Status$Deprecated                       : loaded 2 times (x 72B)
Class com.android.build.gradle.internal.plugins.TestPlugin                            : loaded 2 times (x 96B)
Class org.gradle.internal.service.DefaultServiceLocator                               : loaded 2 times (x 83B)
Class com.android.build.gradle.internal.api.BaseVariantImpl                           : loaded 2 times (x 215B)
Class com.android.build.gradle.internal.tasks.PackageBundleTask$CreationAction        : loaded 2 times (x 90B)
Class com.android.build.gradle.internal.scope.InternalArtifactType$FEATURE_SET_METADATA: loaded 2 times (x 74B)
Class org.jetbrains.kotlin.gradle.plugin.mpp.compilationImpl.KotlinAndroidCompilationAssociator: loaded 2 times (x 74B)
Class org.jetbrains.kotlin.compilerRunner.CompilerSystemPropertiesService$Companion$registerIfAbsent$1: loaded 2 times (x 75B)
Class com.android.build.gradle.internal.component.BuiltInKotlinCreationConfig         : loaded 2 times (x 70B)
Class com.android.build.gradle.tasks.JavaPreCompileTask                               : loaded 2 times (x 327B)
Class com.android.build.gradle.internal.res.LinkAndroidResForBundleTask$CreationAction$handleProvider$1: loaded 2 times (x 127B)
Class com.android.build.gradle.tasks.ProcessApplicationManifest$CreationAction        : loaded 2 times (x 90B)
Class com.android.build.gradle.internal.scope.InternalArtifactType$COMPILE_MANIFEST_JAR: loaded 2 times (x 74B)
Class com.android.build.gradle.tasks.TestReportTask                                   : loaded 2 times (x 321B)
Class com.android.build.gradle.internal.tasks.StripDebugSymbolsTask$CreationAction    : loaded 2 times (x 90B)
Class com.android.build.api.component.impl.ComponentImpl$sources$2                    : loaded 2 times (x 79B)
Class com.android.build.api.variant.impl.ApplicationVariantImpl_Decorated             : loaded 2 times (x 681B)
Class com.android.build.gradle.internal.variant.ApplicationVariantData                : loaded 2 times (x 76B)
Class com.android.build.gradle.internal.profile.ProfilingMode                         : loaded 2 times (x 79B)
Class com.android.build.api.artifact.impl.TypedStorageProvider$getArtifact$1$1        : loaded 2 times (x 79B)
Class com.android.build.gradle.internal.tasks.GlobalTask                              : loaded 2 times (x 70B)
Class com.android.build.gradle.internal.cxx.gradle.generator.CxxMetadataGenerator     : loaded 2 times (x 70B)
Class com.android.build.api.artifact.impl.StorageProviderImpl$fileStorage$1           : loaded 2 times (x 78B)
Class com.google.wireless.android.sdk.stats.GradlePluginData                          : loaded 2 times (x 200B)
Class com.android.build.api.dsl.JacocoOptions                                         : loaded 2 times (x 70B)
Class com.android.build.gradle.internal.api.LazyAndroidSourceSet                      : loaded 2 times (x 72B)
Class com.android.build.api.dsl.DefaultConfig                                         : loaded 2 times (x 70B)
Class org.jetbrains.kotlin.gradle.plugin.internal.DefaultProjectIsolationStartParameterAccessor_Decorated: loaded 2 times (x 121B)
Class org.jetbrains.kotlin.gradle.plugin.internal.ProjectIsolationStartParameterAccessorKt: loaded 2 times (x 71B)
Class org.jetbrains.kotlin.gradle.dsl.KaptExtensionConfig                             : loaded 2 times (x 70B)
Class com.android.builder.profile.AnalyticsProfileWriter$Companion                    : loaded 2 times (x 71B)
Class com.android.build.gradle.internal.tasks.PerModuleReportDependenciesTask$CreationAction$Companion: loaded 2 times (x 71B)
Class com.google.protobuf.ProtocolStringList                                          : loaded 2 times (x 70B)
Class com.android.build.gradle.internal.errors.SyncIssueReporterImpl$GlobalSyncIssueService$Parameters_Decorated: loaded 2 times (x 139B)
Class com.google.gson.internal.sql.SqlTypesSupport                                    : loaded 2 times (x 71B)
Class com.google.gson.Gson                                                            : loaded 2 times (x 72B)
Class com.android.build.gradle.internal.test.AbstractTestDataImpl                     : loaded 2 times (x 109B)
Class com.android.build.gradle.internal.plugins.AndroidPluginBaseServices$projectServices$2: loaded 2 times (x 79B)
Class com.android.build.gradle.internal.VariantManager                                : loaded 2 times (x 72B)
Class org.gradle.util.GradleVersion                                                   : loaded 2 times (x 81B)
Class org.gradle.internal.installation.CurrentGradleInstallation                      : loaded 2 times (x 73B)
Class com.android.ide.common.workers.WorkerExecutorFacade                             : loaded 2 times (x 70B)
Class com.android.build.gradle.internal.scope.InternalArtifactType$RESOURCES_CONFIG_MAP_FILE: loaded 2 times (x 74B)
Class com.android.build.gradle.internal.scope.InternalArtifactType$MERGED_STARTUP_PROFILE: loaded 2 times (x 74B)
Class com.android.build.gradle.internal.tasks.featuresplit.PackagedDependenciesWriterTask: loaded 2 times (x 327B)
Class com.android.build.gradle.internal.tasks.R8VersionCheckException                 : loaded 2 times (x 82B)
Class org.jetbrains.kotlin.gradle.plugin.sources.DefaultKotlinSourceSet$special$$inlined$Iterable$1: loaded 2 times (x 79B)
Class org.jetbrains.kotlin.gradle.plugin.KotlinTargetConfiguratorKt                   : loaded 2 times (x 71B)
Class org.jetbrains.kotlin.gradle.plugin.mpp.compilationImpl.factory.KotlinCompilationImplFactory$KotlinCompilerOptionsFactory$Options: loaded 2 times (x 72B)
Class org.jetbrains.kotlin.gradle.plugin.diagnostics.ToolingDiagnosticRenderingOptionsKt: loaded 2 times (x 71B)
Class com.android.build.gradle.internal.tasks.factory.features.AndroidResourcesTaskCreationAction: loaded 2 times (x 70B)
Class com.android.build.gradle.tasks.ProcessPackagedManifestTask$CreationAction$handleProvider$1: loaded 2 times (x 127B)
Class com.android.build.gradle.internal.coverage.tasks.CodeCoverageReportTask$CoverageReportCreationAction$handleProvider$1: loaded 2 times (x 127B)
Class com.android.build.gradle.internal.tasks.ExtractNativeDebugMetadataTask$FullCreationAction: loaded 2 times (x 91B)
Class com.android.build.gradle.internal.services.VariantBuilderServicesImpl$ValueImpl : loaded 2 times (x 76B)
Class com.android.build.gradle.internal.tasks.DeviceSerialTestTask                    : loaded 2 times (x 313B)
Class com.google.wireless.android.sdk.stats.GradleBuildProjectMetrics                 : loaded 2 times (x 199B)
Class com.android.build.gradle.internal.dsl.ApplicationAndroidResourcesImpl           : loaded 2 times (x 124B)
Class com.android.build.api.dsl.TargetSdkSpec                                         : loaded 2 times (x 70B)
Class com.android.build.gradle.internal.dsl.JniLibsPackagingImpl                      : loaded 2 times (x 89B)
Class com.android.build.api.dsl.BundleLanguage                                        : loaded 2 times (x 70B)
Class com.android.build.api.dsl.BundleCountrySet                                      : loaded 2 times (x 70B)
Class com.android.build.api.dsl.BundleDeviceTier                                      : loaded 2 times (x 70B)
Class com.android.builder.core.AbstractProductFlavor                                  : loaded 2 times (x 194B)
Class org.jetbrains.kotlin.gradle.targets.native.internal.PlatformLibrariesGenerator  : loaded 2 times (x 72B)
Class org.jetbrains.kotlin.tooling.core.Extras$Type$Companion                         : loaded 2 times (x 71B)
Class org.jetbrains.kotlin.gradle.plugin.KotlinCompilation                            : loaded 2 times (x 70B)
Class com.android.build.gradle.internal.services.SymbolTableBuildService              : loaded 2 times (x 79B)
Class com.android.build.gradle.internal.ide.v2.GlobalSyncService$Parameters           : loaded 2 times (x 70B)
Class com.android.build.api.variant.impl.DirectoryEntries                             : loaded 2 times (x 72B)
Class com.android.builder.profile.Recorder$VoidBlock                                  : loaded 2 times (x 70B)
Class com.google.common.collect.ForwardingObject                                      : loaded 2 times (x 72B)
Class com.google.gson.Gson$1                                                          : loaded 2 times (x 76B)
Class com.android.build.gradle.internal.tasks.DeviceProviderInstrumentTestTask$CreationAction$Type: loaded 2 times (x 79B)
Class com.android.build.api.extension.impl.ApplicationAndroidComponentsExtensionImpl  : loaded 2 times (x 114B)
Class org.gradle.util.internal.GUtil                                                  : loaded 2 times (x 71B)
Class com.android.build.gradle.internal.utils.KgpUtils$recordKgpPropertiesForAnalytics$1: loaded 2 times (x 78B)
Class com.android.build.gradle.internal.DependencyConfigurator$configureGeneralTransforms$8$1: loaded 2 times (x 74B)
Class com.android.build.gradle.internal.SdkComponentsBuildService$Environment         : loaded 2 times (x 73B)
Class com.android.build.gradle.internal.scope.InternalArtifactType$VARIANT_CODE_COVERAGE_DATA: loaded 2 times (x 74B)
Class com.android.build.gradle.internal.scope.InternalArtifactType$DEVICE_SPEC_PATH_MAP: loaded 2 times (x 74B)
Class com.android.build.gradle.internal.tasks.factory.features.DexingTaskCreationActionImpl: loaded 2 times (x 75B)
Class com.android.build.gradle.internal.scope.InternalArtifactType$GENERATED_PROGUARD_FILE: loaded 2 times (x 74B)
Class org.jetbrains.kotlin.gradle.plugin.mpp.KotlinCompilationFactory                 : loaded 2 times (x 70B)
Class com.android.build.api.variant.impl.JniLibsPackagingImpl$pickFirsts$1            : loaded 2 times (x 75B)
Class com.android.build.gradle.tasks.ProcessPackagedManifestTask$CreationAction$handleProvider$2: loaded 2 times (x 127B)
Class com.android.build.gradle.internal.testsuites.impl.TestSuiteBuilderImpl          : loaded 2 times (x 86B)
Class com.android.build.gradle.internal.dsl.ModulePropertyKey$BooleanWithDefault$Companion: loaded 2 times (x 71B)
Class com.android.build.gradle.internal.variant.DimensionCombinationImpl              : loaded 2 times (x 76B)
Class com.android.build.api.artifact.impl.StorageProviderImpl$directory$1             : loaded 2 times (x 78B)
Class com.android.build.gradle.api.TestVariant                                        : loaded 2 times (x 70B)
Class com.android.build.gradle.internal.CompileOptions$AgpDecorated_Decorated         : loaded 2 times (x 146B)
Class [Lcom.android.tools.lint.model.LintModelSeverity;                               : loaded 2 times (x 69B)
Class com.android.resources.ResourceEnum                                              : loaded 2 times (x 70B)
Class com.google.common.base.Converter$IdentityConverter                              : loaded 2 times (x 90B)
Class com.google.common.util.concurrent.AbstractFuture$SetFuture                      : loaded 2 times (x 75B)
Class com.android.utils.StringHelper                                                  : loaded 2 times (x 71B)
Class com.android.build.api.dsl.DependenciesInfo                                      : loaded 2 times (x 70B)
Class com.android.build.gradle.internal.utils.KgpUtils                                : loaded 2 times (x 71B)
Class com.android.build.gradle.internal.services.BuiltInKotlinServices$Companion      : loaded 2 times (x 71B)
Class org.jetbrains.kotlin.gradle.utils.Future                                        : loaded 2 times (x 70B)
Class org.jetbrains.kotlin.gradle.plugin.mpp.AbstractKotlinCompilation                : loaded 2 times (x 191B)
Class com.android.prefs.PathLocator$WhenMappings                                      : loaded 2 times (x 71B)
Class com.google.wireless.android.sdk.stats.JavaProcessStats                          : loaded 2 times (x 207B)
Class com.android.build.gradle.internal.dependency.AarToClassTransform                : loaded 2 times (x 78B)
Class com.google.protobuf.Message                                                     : loaded 2 times (x 70B)
Class com.android.build.gradle.internal.profile.NoOpAnalyticsConfiguratorService$RegistrationAction: loaded 2 times (x 74B)
Class com.android.tools.analytics.Environment$Companion$SYSTEM$1                      : loaded 2 times (x 73B)
Class com.android.tools.analytics.Environment$Companion                               : loaded 2 times (x 71B)
Class com.android.tools.analytics.Environment$SystemProperty                          : loaded 2 times (x 79B)
Class com.android.ide.common.blame.SourceFilePositionJsonSerializer                   : loaded 2 times (x 77B)
Class com.google.gson.Gson$2                                                          : loaded 2 times (x 76B)
Class com.android.build.gradle.TestPlugin                                             : loaded 2 times (x 76B)
Class com.android.build.gradle.internal.api.UnitTestVariantImpl                       : loaded 2 times (x 219B)
Class com.android.build.gradle.internal.dependency.AgpVersionCompatibilityRule        : loaded 2 times (x 76B)
Class com.android.build.gradle.internal.cxx.logging.PassThroughRecordingLoggingEnvironment: loaded 2 times (x 83B)
Class com.android.build.gradle.internal.dependency.SubtractingArtifactCollection$SubtractingArtifactResult$fileCollection$1: loaded 2 times (x 79B)
Class com.android.build.gradle.internal.tasks.ApkZipPackagingTask                     : loaded 2 times (x 328B)
Class com.android.build.gradle.internal.scope.InternalArtifactType$DESUGAR_GRAPH      : loaded 2 times (x 74B)
Class com.android.build.gradle.internal.services.R8D8ThreadPoolBuildService$Parameters: loaded 2 times (x 72B)
Class org.jetbrains.kotlin.gradle.targets.js.dsl.KotlinJsSubTargetContainerDsl        : loaded 2 times (x 70B)
Class com.android.build.api.artifact.ScopedArtifact$POST_COMPILATION_CLASSES          : loaded 2 times (x 74B)
Class com.android.builder.merge.DuplicateRelativeFileException                        : loaded 2 times (x 83B)
Class com.android.build.gradle.internal.TaskManager$WhenMappings                      : loaded 2 times (x 71B)
Class com.android.build.api.component.impl.features.OptimizationCreationConfigImpl$consumerProguardFiles$2: loaded 2 times (x 79B)
Class [Lcom.android.build.gradle.internal.publishing.AndroidArtifacts$ConsumedConfigType;: loaded 2 times (x 69B)
Class com.android.build.gradle.internal.publishing.AndroidArtifacts$ArtifactScope     : loaded 2 times (x 79B)
Class com.android.build.api.variant.impl.VariantOutputImpl                            : loaded 2 times (x 82B)
Class com.android.build.api.variant.Instrumentation                                   : loaded 2 times (x 70B)
Class com.android.build.api.variant.GeneratesTestApk                                  : loaded 2 times (x 70B)
Class com.android.build.gradle.internal.variant.VariantPathHelper$defaultApkLocation$2: loaded 2 times (x 79B)
Class com.android.build.gradle.internal.scope.InternalArtifactType$DEFAULT_PROGUARD_FILES: loaded 2 times (x 74B)
Class com.android.build.gradle.internal.tasks.AndroidGlobalTask                       : loaded 2 times (x 318B)
Class com.android.build.gradle.internal.tasks.factory.TaskInformation                 : loaded 2 times (x 70B)
Class com.android.build.gradle.internal.dsl.SigningConfigImpl$AgpDecorated_Decorated  : loaded 2 times (x 151B)
Class com.android.build.gradle.internal.dsl.SigningConfigImpl$AgpDecorated            : loaded 2 times (x 101B)
Class com.android.build.gradle.internal.dsl.DefaultConfig$AgpDecorated                : loaded 2 times (x 442B)
Class org.jetbrains.kotlin.tooling.core.MutableExtrasImpl$Companion                   : loaded 2 times (x 71B)
Class org.jetbrains.kotlin.gradle.internal.ClassLoadersCachingBuildService$Parameters : loaded 2 times (x 70B)
Class org.jetbrains.kotlin.gradle.plugin.internal.ProjectIsolationStartParameterAccessor: loaded 2 times (x 70B)
Class org.jetbrains.kotlin.gradle.plugin.KotlinGradleBuildServices$Companion$registerIfAbsent$1: loaded 2 times (x 75B)
Class org.jetbrains.kotlin.gradle.utils.StoredProperty                                : loaded 2 times (x 70B)
Class com.google.protobuf.ExtensionRegistryFactory                                    : loaded 2 times (x 71B)
Class com.google.protobuf.AbstractMessage$Builder                                     : loaded 2 times (x 257B)
Class com.google.gson.internal.bind.ReflectiveTypeAdapterFactory$BoundField           : loaded 2 times (x 75B)
Class com.android.ide.common.blame.Message                                            : loaded 2 times (x 72B)
Class com.google.gson.Gson$3                                                          : loaded 2 times (x 75B)
Class com.android.build.gradle.internal.dependency.AsmClassesTransform                : loaded 2 times (x 79B)
Class com.google.common.base.CaseFormat$StringConverter                               : loaded 2 times (x 90B)
Class com.google.protobuf.ProtocolMessageEnum                                         : loaded 2 times (x 70B)
Class com.android.build.gradle.internal.plugins.BasePlugin$ExtensionData              : loaded 2 times (x 72B)
Class com.android.build.gradle.internal.VariantTaskManager                            : loaded 2 times (x 85B)
Class org.gradle.tooling.GradleConnectionException                                    : loaded 2 times (x 83B)
Class com.google.common.reflect.Types$TypeVariableImpl                                : loaded 2 times (x 72B)
Class org.gradle.internal.installation.GradleInstallation                             : loaded 2 times (x 75B)
Class com.android.build.gradle.internal.api.InstallableVariantImpl                    : loaded 2 times (x 241B)
Class com.android.build.gradle.internal.SdkHandler                                    : loaded 2 times (x 81B)
Class com.android.build.api.variant.impl.FlatSourceDirectoriesForJavaImpl$WhenMappings: loaded 2 times (x 71B)
Class com.android.build.api.variant.TestVariant                                       : loaded 2 times (x 70B)
Class com.android.build.gradle.internal.tasks.ExtractApksTask$CreationAction          : loaded 2 times (x 90B)
Class com.android.build.gradle.internal.scope.InternalArtifactType$BUNDLE_IDE_MODEL   : loaded 2 times (x 74B)
Class com.android.build.gradle.internal.scope.InternalArtifactType$COMBINED_ART_PROFILE: loaded 2 times (x 74B)
Class com.android.build.gradle.internal.tasks.ListingFileRedirectTask$CreationAction  : loaded 2 times (x 92B)
Class org.jetbrains.kotlin.gradle.plugin.mpp.compilationImpl.factory.KotlinCompilationImplFactory$create$1: loaded 2 times (x 75B)
Class com.android.build.gradle.tasks.CompatibleScreensManifest$CreationAction         : loaded 2 times (x 90B)
Class com.android.build.api.variant.ResValue                                          : loaded 2 times (x 72B)
Class com.android.build.api.variant.impl.SigningConfigImpl                            : loaded 2 times (x 79B)
Class com.android.build.api.variant.impl.ApplicationVariantImpl                       : loaded 2 times (x 628B)
Class com.android.build.api.attributes.AgpVersionAttr$Impl                            : loaded 2 times (x 88B)
Class com.android.build.gradle.internal.publishing.PublishingSpecs$OutputSpec         : loaded 2 times (x 70B)
Class com.android.build.gradle.internal.dsl.TestOptions$suites$2$AgpTestSuiteFactory  : loaded 2 times (x 75B)
Class com.android.build.gradle.internal.core.dsl.impl.ComponentDslInfoImpl$mergedFlavor$2: loaded 2 times (x 79B)
Class com.android.build.gradle.internal.TaskManager$Companion$createCoreLibraryDesugaringConfig$1: loaded 2 times (x 74B)
Class com.android.build.gradle.internal.TaskManager$Companion                         : loaded 2 times (x 71B)
Class com.android.build.api.dsl.NdkBuild                                              : loaded 2 times (x 70B)
Class com.android.build.api.dsl.BundleAiModelVersion                                  : loaded 2 times (x 70B)
Class com.android.build.gradle.internal.dsl.decorator.SupportedPropertyType$Var$File  : loaded 2 times (x 74B)
Class com.android.build.api.dsl.TestBaseFlavor                                        : loaded 2 times (x 70B)
Class com.android.build.api.dsl.LibraryBuildType                                      : loaded 2 times (x 70B)
Class com.android.build.api.dsl.VariantDimension                                      : loaded 2 times (x 70B)
Class org.jetbrains.kotlin.gradle.tasks.KotlinJavaToolchain                           : loaded 2 times (x 70B)
Class org.jetbrains.kotlin.gradle.plugin.internal.CompatibilityConventionRegistrar    : loaded 2 times (x 70B)
Class org.jetbrains.kotlin.gradle.plugin.AndroidGradlePluginVersion                   : loaded 2 times (x 75B)
Class com.android.prefs.AndroidLocationsException                                     : loaded 2 times (x 82B)
Class com.google.protobuf.CodedInputStream                                            : loaded 2 times (x 119B)
Class com.google.wireless.android.sdk.stats.GradleBuildProfileSpan                    : loaded 2 times (x 216B)
Class com.google.protobuf.MessageLite                                                 : loaded 2 times (x 70B)
Class com.android.build.gradle.internal.res.Aapt2FromMaven$Companion$DefaultAapt2Version$BUILD_NUMBER$2: loaded 2 times (x 78B)
Class com.google.gson.internal.bind.DefaultDateTypeAdapter$1                          : loaded 2 times (x 75B)
Class com.google.gson.Gson$4                                                          : loaded 2 times (x 76B)
Class com.google.gson.internal.ConstructorConstructor                                 : loaded 2 times (x 72B)
Class jdk.internal.jimage.decompressor.ResourceDecompressor$StringsProvider           : loaded 2 times (x 70B)
Class com.android.build.gradle.internal.dependency.CollectResourceSymbolsTransform$Inject_1: loaded 2 times (x 109B)
Class com.android.build.gradle.internal.scope.InternalArtifactType$MERGED_NATIVE_DEBUG_METADATA: loaded 2 times (x 74B)
Class com.android.build.gradle.internal.tasks.MergeGeneratedProguardFilesCreationAction$handleProvider$1: loaded 2 times (x 127B)
Class org.jetbrains.kotlin.gradle.plugin.KotlinCompilation$Companion                  : loaded 2 times (x 71B)
Class com.android.build.api.component.impl.features.DexingImpl                        : loaded 2 times (x 87B)
Class com.android.build.api.variant.impl.HasTestSuitesCreationConfig                  : loaded 2 times (x 70B)
Class com.android.build.gradle.internal.variant.VariantPathHelper$targetFilterConfigurations$2: loaded 2 times (x 79B)
Class com.google.common.collect.Lists$RandomAccessReverseList                         : loaded 2 times (x 200B)
Class com.android.build.gradle.internal.core.dsl.impl.ConsumableComponentDslInfoImpl$manifestPlaceholdersDslInfo$2: loaded 2 times (x 79B)
Class com.android.build.gradle.internal.utils.PublishingUtils                         : loaded 2 times (x 71B)
Class com.android.build.gradle.internal.manifest.LazyManifestParser                   : loaded 2 times (x 76B)
Class com.android.build.gradle.internal.tasks.factory.TaskFactoryImpl                 : loaded 2 times (x 83B)
Class com.android.build.gradle.internal.tasks.factory.GlobalTaskCreationConfigImpl$localCustomLintChecks$2: loaded 2 times (x 79B)
Class com.android.build.api.artifact.impl.ArtifactsImpl$3$1                           : loaded 2 times (x 80B)
Class com.android.build.gradle.internal.dsl.DependenciesInfoImpl$AgpDecorated_Decorated: loaded 2 times (x 130B)
Class com.android.build.gradle.internal.dsl.DependenciesInfoImpl$AgpDecorated         : loaded 2 times (x 84B)
Class com.android.build.gradle.internal.coverage.JacocoOptions_Decorated              : loaded 2 times (x 130B)
Class com.android.build.gradle.internal.api.artifact.SourceArtifactType$SHADERS       : loaded 2 times (x 74B)
Class com.android.builder.core.AbstractProductFlavor$Companion                        : loaded 2 times (x 71B)
Class com.android.build.api.dsl.VcsInfo                                               : loaded 2 times (x 70B)
Class com.android.build.gradle.internal.model.CoreCmakeOptions                        : loaded 2 times (x 70B)
Class com.android.build.gradle.internal.dsl.decorator.SupportedPropertyType$Collection: loaded 2 times (x 74B)
Class com.android.builder.core.ComponentType                                          : loaded 2 times (x 70B)
Class com.android.ide.common.gradle.Part                                              : loaded 2 times (x 77B)
Class org.jetbrains.kotlin.gradle.dsl.ToolchainSupport$Companion                      : loaded 2 times (x 71B)
Class org.jetbrains.kotlin.gradle.plugin.KotlinSourceSet                              : loaded 2 times (x 70B)
Class com.google.protobuf.MapFieldReflectionAccessor                                  : loaded 2 times (x 74B)
Class com.google.wireless.android.sdk.stats.GradleBuildProject$Builder                : loaded 2 times (x 360B)
Class com.google.protobuf.AbstractMessageLite$Builder                                 : loaded 2 times (x 126B)
Class com.google.gson.Gson$5                                                          : loaded 2 times (x 76B)
Class com.android.build.gradle.internal.errors.AndroidProblemsReporter                : loaded 2 times (x 70B)
Class com.android.build.gradle.internal.services.AndroidLocationsBuildService$RegistrationAction: loaded 2 times (x 74B)
Class com.android.build.api.variant.CanMinifyAndroidResources                         : loaded 2 times (x 70B)
Class com.android.build.gradle.TestedExtension                                        : loaded 2 times (x 215B)

---------------  S Y S T E M  ---------------

OS:
 Windows 11 , 64 bit Build 26100 (10.0.26100.9278)
OS uptime: 4 days 15:09 hours
Hyper-V role detected

CPU: total 16 (initial active 16) (16 cores per cpu, 2 threads per core) family 23 model 104 stepping 1 microcode 0x8608109, cx8, cmov, fxsr, ht, mmx, 3dnowpref, sse, sse2, sse3, ssse3, sse4a, sse4.1, sse4.2, popcnt, lzcnt, tsc, tscinvbit, avx, avx2, aes, clmul, bmi1, bmi2, adx, sha, fma, vzeroupper, clflush, clflushopt, hv, rdtscp, rdpid, f16c
Processor Information for the first 16 processors :
  Max Mhz: 1801, Current Mhz: 1801, Mhz Limit: 1801

Memory: 4k page, system-wide physical 7501M (520M free)
TotalPageFile size 30029M (AvailPageFile size 24M)
current process WorkingSet (physical memory assigned to process): 628M, peak: 730M
current process commit charge ("private bytes"): 940M, peak: 970M

vm_info: OpenJDK 64-Bit Server VM (21.0.10+-14961533-b1163.108) for windows-amd64 JRE (21.0.10+-14961533-b1163.108), built on 2026-03-02T19:58:50Z by "builder" with MS VC++ 16.10 / 16.11 (VS2019)

END.
